+ set -Eeuo pipefail
+++ dirname -- tests/kernel/provider_selection_test.sh
++ cd -- tests/kernel/../..
++ pwd
+ TEST_ROOT=/c/Users/ivans/Desktop/Projects/TOOLS/tools
+ PROJECT_ROOT=/c/Users/ivans/Desktop/Projects/TOOLS/tools
+ source /c/Users/ivans/Desktop/Projects/TOOLS/tools/kernel/kernel.sh
++ set -Eeuo pipefail
++ [[ false == \t\r\u\e ]]
++ STOLEUS_KERNEL_LOADED=true
++ [[ -z /c/Users/ivans/Desktop/Projects/TOOLS/tools ]]
++ [[ ! -d /c/Users/ivans/Desktop/Projects/TOOLS/tools ]]
++ STOLEUS_KERNEL_ROOT=/c/Users/ivans/Desktop/Projects/TOOLS/tools/kernel
++ [[ ! -d /c/Users/ivans/Desktop/Projects/TOOLS/tools/kernel ]]
++ source /c/Users/ivans/Desktop/Projects/TOOLS/tools/kernel/runtime/runtime.sh
+++ set -Eeuo pipefail
+++ [[ false == \t\r\u\e ]]
+++ STOLEUS_RUNTIME_LOADED=true
++ source /c/Users/ivans/Desktop/Projects/TOOLS/tools/kernel/context/context.sh
+++ set -Eeuo pipefail
+++ [[ false == \t\r\u\e ]]
+++ STOLEUS_CONTEXT_SUBSYSTEM_LOADED=true
+++ STOLEUS_CONTEXT_KEYS=()
+++ declare -a STOLEUS_CONTEXT_KEYS
+++ STOLEUS_CONTEXT_VALUES=()
+++ declare -a STOLEUS_CONTEXT_VALUES
+++ STOLEUS_CONTEXT_INDEX_BY_KEY=()
+++ declare -A STOLEUS_CONTEXT_INDEX_BY_KEY
+++ STOLEUS_CONTEXT_PROVIDER_OVERRIDES=()
+++ declare -A STOLEUS_CONTEXT_PROVIDER_OVERRIDES
+++ STOLEUS_CONTEXT_CAPABILITY_PROVIDER_OVERRIDES=()
+++ declare -A STOLEUS_CONTEXT_CAPABILITY_PROVIDER_OVERRIDES
+++ STOLEUS_CONTEXT_GENERATION=0
++ source /c/Users/ivans/Desktop/Projects/TOOLS/tools/kernel/platform/platform.sh
+++ set -Eeuo pipefail
+++ [[ false == \t\r\u\e ]]
+++ STOLEUS_PLATFORM_SUBSYSTEM_LOADED=true
+++ STOLEUS_PLATFORM_KEYS=()
+++ declare -a STOLEUS_PLATFORM_KEYS
+++ STOLEUS_PLATFORM_VALUES=()
+++ declare -a STOLEUS_PLATFORM_VALUES
+++ STOLEUS_PLATFORM_INDEX_BY_KEY=()
+++ declare -A STOLEUS_PLATFORM_INDEX_BY_KEY
+++ STOLEUS_PLATFORM_DETECTED=false
+++ STOLEUS_PLATFORM_APPLIED=false
+++ STOLEUS_PLATFORM_DETECTION_GENERATION=0
++ source /c/Users/ivans/Desktop/Projects/TOOLS/tools/kernel/metadata/collection.sh
+++ set -Eeuo pipefail
+++ [[ false == \t\r\u\e ]]
+++ STOLEUS_METADATA_SUBSYSTEM_LOADED=true
+++ STOLEUS_METADATA_COLLECTION_DEFINED=()
+++ declare -A STOLEUS_METADATA_COLLECTION_DEFINED
+++ STOLEUS_METADATA_COLLECTION_KEY_FIELDS=()
+++ declare -A STOLEUS_METADATA_COLLECTION_KEY_FIELDS
+++ STOLEUS_METADATA_COLLECTION_SCHEMAS=()
+++ declare -A STOLEUS_METADATA_COLLECTION_SCHEMAS
+++ STOLEUS_METADATA_COLLECTION_FIELD_COUNTS=()
+++ declare -A STOLEUS_METADATA_COLLECTION_FIELD_COUNTS
+++ STOLEUS_METADATA_COLLECTION_ROW_COUNTS=()
+++ declare -A STOLEUS_METADATA_COLLECTION_ROW_COUNTS
+++ STOLEUS_METADATA_COLLECTION_FROZEN=()
+++ declare -A STOLEUS_METADATA_COLLECTION_FROZEN
+++ STOLEUS_METADATA_ROW_INDEX_BY_KEY=()
+++ declare -A STOLEUS_METADATA_ROW_INDEX_BY_KEY
+++ STOLEUS_METADATA_ROW_KEYS=()
+++ declare -A STOLEUS_METADATA_ROW_KEYS
+++ STOLEUS_METADATA_VALUES=()
+++ declare -A STOLEUS_METADATA_VALUES
++ source /c/Users/ivans/Desktop/Projects/TOOLS/tools/kernel/rollback/registry.sh
+++ set -Eeuo pipefail
+++ [[ false == \t\r\u\e ]]
+++ STOLEUS_ROLLBACK_REGISTRY_SUBSYSTEM_LOADED=true
+++ readonly STOLEUS_ROLLBACK_REGISTRY_COLLECTION_ID=rollback-actions
+++ STOLEUS_ROLLBACK_REGISTRY_COLLECTION_ID=rollback-actions
++ source /c/Users/ivans/Desktop/Projects/TOOLS/tools/kernel/rollback/plan.sh
+++ set -Eeuo pipefail
+++ [[ false == \t\r\u\e ]]
+++ STOLEUS_ROLLBACK_PLAN_SUBSYSTEM_LOADED=true
+++ readonly STOLEUS_ROLLBACK_PLAN_COLLECTION_ID=rollback-plan
+++ STOLEUS_ROLLBACK_PLAN_COLLECTION_ID=rollback-plan
++ source /c/Users/ivans/Desktop/Projects/TOOLS/tools/kernel/rollback/builder.sh
+++ set -Eeuo pipefail
+++ [[ false == \t\r\u\e ]]
+++ STOLEUS_ROLLBACK_BUILDER_SUBSYSTEM_LOADED=true
+++ STOLEUS_ROLLBACK_BUILDER_ACTIVE=false
+++ STOLEUS_ROLLBACK_BUILDER_FINALIZED=false
+++ STOLEUS_ROLLBACK_BUILDER_NEXT_STEP=1
++ source /c/Users/ivans/Desktop/Projects/TOOLS/tools/kernel/rollback/planner.sh
+++ set -Eeuo pipefail
+++ [[ false == \t\r\u\e ]]
+++ STOLEUS_ROLLBACK_PLANNER_SUBSYSTEM_LOADED=true
+++ STOLEUS_ROLLBACK_PLANNER_EXECUTION_ID=
+++ STOLEUS_ROLLBACK_PLANNER_BUILT=false
++ source /c/Users/ivans/Desktop/Projects/TOOLS/tools/kernel/rollback/result_registry.sh
+++ set -Eeuo pipefail
+++ [[ false == \t\r\u\e ]]
+++ STOLEUS_ROLLBACK_RESULT_REGISTRY_LOADED=true
+++ readonly STOLEUS_ROLLBACK_RESULT_COLLECTION_ID=rollback-results
+++ STOLEUS_ROLLBACK_RESULT_COLLECTION_ID=rollback-results
++ source /c/Users/ivans/Desktop/Projects/TOOLS/tools/kernel/rollback/executor.sh
+++ set -Eeuo pipefail
+++ [[ false == \t\r\u\e ]]
+++ STOLEUS_ROLLBACK_EXECUTOR_SUBSYSTEM_LOADED=true
+++ STOLEUS_ROLLBACK_EXECUTOR_INITIALIZED=false
+++ STOLEUS_ROLLBACK_EXECUTOR_RUNNING=false
+++ STOLEUS_ROLLBACK_EXECUTOR_COMPLETED=false
+++ STOLEUS_ROLLBACK_EXECUTOR_SESSION_ID=
+++ STOLEUS_ROLLBACK_EXECUTOR_MODE=execute
+++ STOLEUS_ROLLBACK_EXECUTOR_FAILURE_POLICY=stop
+++ STOLEUS_ROLLBACK_EXECUTOR_FAILED_STEP_COUNT=0
+++ STOLEUS_ROLLBACK_EXECUTOR_EXIT_CODE=0
++ source /c/Users/ivans/Desktop/Projects/TOOLS/tools/kernel/discovery/discovery.sh
+++ set -Eeuo pipefail
+++ [[ false == \t\r\u\e ]]
+++ STOLEUS_DISCOVERY_SUBSYSTEM_LOADED=true
+++ STOLEUS_DISCOVERY_ROOT_CATEGORIES=()
+++ declare -a STOLEUS_DISCOVERY_ROOT_CATEGORIES
+++ STOLEUS_DISCOVERY_ROOT_PATHS=()
+++ declare -a STOLEUS_DISCOVERY_ROOT_PATHS
+++ STOLEUS_DISCOVERY_RECORD_CATEGORIES=()
+++ declare -a STOLEUS_DISCOVERY_RECORD_CATEGORIES
+++ STOLEUS_DISCOVERY_RECORD_NAMES=()
+++ declare -a STOLEUS_DISCOVERY_RECORD_NAMES
+++ STOLEUS_DISCOVERY_RECORD_PATHS=()
+++ declare -a STOLEUS_DISCOVERY_RECORD_PATHS
+++ STOLEUS_DISCOVERY_RECORD_MANIFESTS=()
+++ declare -a STOLEUS_DISCOVERY_RECORD_MANIFESTS
++ source /c/Users/ivans/Desktop/Projects/TOOLS/tools/kernel/definition/definition.sh
+++ set -Eeuo pipefail
+++ [[ false == \t\r\u\e ]]
+++ STOLEUS_DEFINITION_SUBSYSTEM_LOADED=true
+++ STOLEUS_DEFINITION_IDS=()
+++ declare -a STOLEUS_DEFINITION_IDS
+++ STOLEUS_DEFINITION_CATEGORIES=()
+++ declare -a STOLEUS_DEFINITION_CATEGORIES
+++ STOLEUS_DEFINITION_DESCRIPTIONS=()
+++ declare -a STOLEUS_DEFINITION_DESCRIPTIONS
+++ STOLEUS_DEFINITION_PLUGIN_PATHS=()
+++ declare -a STOLEUS_DEFINITION_PLUGIN_PATHS
+++ STOLEUS_DEFINITION_IMPLEMENTATIONS=()
+++ declare -a STOLEUS_DEFINITION_IMPLEMENTATIONS
+++ STOLEUS_DEFINITION_DEPENDENCIES=()
+++ declare -a STOLEUS_DEFINITION_DEPENDENCIES
+++ STOLEUS_DEFINITION_CAPABILITIES=()
+++ declare -a STOLEUS_DEFINITION_CAPABILITIES
+++ STOLEUS_DEFINITION_PROVIDED_CAPABILITIES=()
+++ declare -a STOLEUS_DEFINITION_PROVIDED_CAPABILITIES
+++ STOLEUS_DEFINITION_REQUIRED_SERVICES=()
+++ declare -a STOLEUS_DEFINITION_REQUIRED_SERVICES
+++ STOLEUS_DEFINITION_PROVIDED_SERVICES=()
+++ declare -a STOLEUS_DEFINITION_PROVIDED_SERVICES
+++ STOLEUS_DEFINITION_SERVICE_OPERATION_BINDINGS=()
+++ declare -a STOLEUS_DEFINITION_SERVICE_OPERATION_BINDINGS
+++ STOLEUS_DEFINITION_SERVICE_CONDITIONS=()
+++ declare -a STOLEUS_DEFINITION_SERVICE_CONDITIONS
+++ STOLEUS_DEFINITION_MANIFEST_PATHS=()
+++ declare -a STOLEUS_DEFINITION_MANIFEST_PATHS
+++ STOLEUS_DEFINITION_MANIFEST_PROVIDERS=()
+++ declare -a STOLEUS_DEFINITION_MANIFEST_PROVIDERS
+++ STOLEUS_DEFINITION_INSTALL_FUNCTIONS=()
+++ declare -a STOLEUS_DEFINITION_INSTALL_FUNCTIONS
+++ STOLEUS_DEFINITION_CONFIGURE_FUNCTIONS=()
+++ declare -a STOLEUS_DEFINITION_CONFIGURE_FUNCTIONS
+++ STOLEUS_DEFINITION_VERIFY_FUNCTIONS=()
+++ declare -a STOLEUS_DEFINITION_VERIFY_FUNCTIONS
+++ STOLEUS_DEFINITION_UPGRADE_FUNCTIONS=()
+++ declare -a STOLEUS_DEFINITION_UPGRADE_FUNCTIONS
+++ STOLEUS_DEFINITION_REMOVE_FUNCTIONS=()
+++ declare -a STOLEUS_DEFINITION_REMOVE_FUNCTIONS
+++ source /c/Users/ivans/Desktop/Projects/TOOLS/tools/kernel/definition/providers/bash.sh
++++ set -Eeuo pipefail
++++ STOLEUS_MANIFEST_BUILD_ACTIVE=false
++++ STOLEUS_MANIFEST_BUILD_COMPLETED=false
++++ STOLEUS_MANIFEST_PLUGIN_ID=
++++ STOLEUS_MANIFEST_DESCRIPTION=
++++ STOLEUS_MANIFEST_IMPLEMENTATION=
++++ STOLEUS_MANIFEST_DEPENDENCIES=
++++ STOLEUS_MANIFEST_CAPABILITIES=
++++ STOLEUS_MANIFEST_PROVIDED_CAPABILITIES=
++++ STOLEUS_MANIFEST_REQUIRED_CAPABILITY_SET=()
++++ declare -A STOLEUS_MANIFEST_REQUIRED_CAPABILITY_SET
++++ STOLEUS_MANIFEST_PROVIDED_CAPABILITY_SET=()
++++ declare -A STOLEUS_MANIFEST_PROVIDED_CAPABILITY_SET
++++ STOLEUS_MANIFEST_REQUIRED_SERVICES=
++++ STOLEUS_MANIFEST_PROVIDED_SERVICES=
++++ STOLEUS_MANIFEST_SERVICE_OPERATION_BINDINGS=
++++ STOLEUS_MANIFEST_SERVICE_CONDITIONS=
++++ STOLEUS_MANIFEST_SERVICE_CONDITION_SET=()
++++ declare -A STOLEUS_MANIFEST_SERVICE_CONDITION_SET
++++ STOLEUS_MANIFEST_REQUIRED_SERVICE_SET=()
++++ declare -A STOLEUS_MANIFEST_REQUIRED_SERVICE_SET
++++ STOLEUS_MANIFEST_PROVIDED_SERVICE_SET=()
++++ declare -A STOLEUS_MANIFEST_PROVIDED_SERVICE_SET
++++ STOLEUS_MANIFEST_SERVICE_OPERATION_SET=()
++++ declare -A STOLEUS_MANIFEST_SERVICE_OPERATION_SET
++++ STOLEUS_MANIFEST_INSTALL_FUNCTION=
++++ STOLEUS_MANIFEST_CONFIGURE_FUNCTION=
++++ STOLEUS_MANIFEST_VERIFY_FUNCTION=
++++ STOLEUS_MANIFEST_UPGRADE_FUNCTION=
++++ STOLEUS_MANIFEST_REMOVE_FUNCTION=
++ source /c/Users/ivans/Desktop/Projects/TOOLS/tools/kernel/registry/registry.sh
+++ set -Eeuo pipefail
+++ [[ false == \t\r\u\e ]]
+++ STOLEUS_REGISTRY_SUBSYSTEM_LOADED=true
+++ readonly STOLEUS_PLUGIN_REGISTRY_COLLECTION_ID=plugins
+++ STOLEUS_PLUGIN_REGISTRY_COLLECTION_ID=plugins
++ source /c/Users/ivans/Desktop/Projects/TOOLS/tools/kernel/capability/registry.sh
+++ set -Eeuo pipefail
+++ [[ false == \t\r\u\e ]]
+++ STOLEUS_CAPABILITY_REGISTRY_SUBSYSTEM_LOADED=true
+++ readonly STOLEUS_CAPABILITY_REGISTRY_COLLECTION_ID=capability-providers
+++ STOLEUS_CAPABILITY_REGISTRY_COLLECTION_ID=capability-providers
++ source /c/Users/ivans/Desktop/Projects/TOOLS/tools/kernel/policy/provider_registry.sh
+++ set -Eeuo pipefail
+++ [[ false == \t\r\u\e ]]
+++ STOLEUS_PROVIDER_POLICY_REGISTRY_LOADED=true
+++ readonly STOLEUS_PROVIDER_POLICY_COLLECTION_ID=provider-policy
+++ STOLEUS_PROVIDER_POLICY_COLLECTION_ID=provider-policy
+++ STOLEUS_PROVIDER_POLICY_REGISTRY_INITIALIZED=false
++ source /c/Users/ivans/Desktop/Projects/TOOLS/tools/kernel/policy/provider_selection.sh
+++ set -Eeuo pipefail
+++ [[ false == \t\r\u\e ]]
+++ STOLEUS_PROVIDER_SELECTION_LOADED=true
+++ STOLEUS_PROVIDER_SELECTION_INITIALIZED=false
++ source /c/Users/ivans/Desktop/Projects/TOOLS/tools/kernel/capability/policy.sh
+++ set -Eeuo pipefail
+++ [[ false == \t\r\u\e ]]
+++ STOLEUS_CAPABILITY_POLICY_LOADED=true
+++ STOLEUS_CAPABILITY_POLICY_INITIALIZED=false
++ source /c/Users/ivans/Desktop/Projects/TOOLS/tools/kernel/capability/resolver.sh
+++ set -Eeuo pipefail
+++ [[ false == \t\r\u\e ]]
+++ STOLEUS_CAPABILITY_RESOLVER_SUBSYSTEM_LOADED=true
+++ STOLEUS_CAPABILITY_RESOLVER_CAPABILITY_IDS=()
+++ declare -a STOLEUS_CAPABILITY_RESOLVER_CAPABILITY_IDS
+++ STOLEUS_CAPABILITY_RESOLVER_PROVIDER_PLUGIN_IDS=()
+++ declare -a STOLEUS_CAPABILITY_RESOLVER_PROVIDER_PLUGIN_IDS
+++ STOLEUS_CAPABILITY_RESOLVER_INDEX_BY_CAPABILITY=()
+++ declare -A STOLEUS_CAPABILITY_RESOLVER_INDEX_BY_CAPABILITY
++ source /c/Users/ivans/Desktop/Projects/TOOLS/tools/kernel/resolver/resolver.sh
+++ set -Eeuo pipefail
+++ [[ false == \t\r\u\e ]]
+++ STOLEUS_RESOLVER_SUBSYSTEM_LOADED=true
+++ STOLEUS_RESOLVER_RESOLVED_IDS=()
+++ declare -a STOLEUS_RESOLVER_RESOLVED_IDS
+++ STOLEUS_RESOLVER_RESOLVED_INDEXES=()
+++ declare -a STOLEUS_RESOLVER_RESOLVED_INDEXES
+++ STOLEUS_RESOLVER_RESOLVED_CATEGORIES=()
+++ declare -a STOLEUS_RESOLVER_RESOLVED_CATEGORIES
+++ STOLEUS_RESOLVER_INDEX_BY_ID=()
+++ declare -A STOLEUS_RESOLVER_INDEX_BY_ID
++ source /c/Users/ivans/Desktop/Projects/TOOLS/tools/kernel/contract/definition.sh
+++ set -Eeuo pipefail
+++ [[ false == \t\r\u\e ]]
+++ STOLEUS_CONTRACT_DEFINITION_SUBSYSTEM_LOADED=true
+++ STOLEUS_CONTRACT_DEFINITION_ROOTS=()
+++ declare -a STOLEUS_CONTRACT_DEFINITION_ROOTS
+++ STOLEUS_CONTRACT_DEFINITION_IDS=()
+++ declare -a STOLEUS_CONTRACT_DEFINITION_IDS
+++ STOLEUS_CONTRACT_DEFINITION_DESCRIPTIONS=()
+++ declare -a STOLEUS_CONTRACT_DEFINITION_DESCRIPTIONS
+++ STOLEUS_CONTRACT_DEFINITION_VERSIONS=()
+++ declare -a STOLEUS_CONTRACT_DEFINITION_VERSIONS
+++ STOLEUS_CONTRACT_DEFINITION_PATHS=()
+++ declare -a STOLEUS_CONTRACT_DEFINITION_PATHS
+++ STOLEUS_CONTRACT_DEFINITION_OPERATIONS=()
+++ declare -a STOLEUS_CONTRACT_DEFINITION_OPERATIONS
+++ STOLEUS_CONTRACT_DEFINITION_OPERATION_DESCRIPTIONS=()
+++ declare -a STOLEUS_CONTRACT_DEFINITION_OPERATION_DESCRIPTIONS
+++ STOLEUS_CONTRACT_DEFINITION_INDEX_BY_ID=()
+++ declare -A STOLEUS_CONTRACT_DEFINITION_INDEX_BY_ID
+++ STOLEUS_CONTRACT_BUILD_ACTIVE=false
+++ STOLEUS_CONTRACT_BUILD_COMPLETED=false
+++ STOLEUS_CONTRACT_BUILD_ID=
+++ STOLEUS_CONTRACT_BUILD_DESCRIPTION=
+++ STOLEUS_CONTRACT_BUILD_VERSION=
+++ STOLEUS_CONTRACT_BUILD_OPERATIONS=()
+++ declare -a STOLEUS_CONTRACT_BUILD_OPERATIONS
+++ STOLEUS_CONTRACT_BUILD_OPERATION_DESCRIPTIONS=()
+++ declare -a STOLEUS_CONTRACT_BUILD_OPERATION_DESCRIPTIONS
+++ STOLEUS_CONTRACT_BUILD_OPERATION_SET=()
+++ declare -A STOLEUS_CONTRACT_BUILD_OPERATION_SET
++ source /c/Users/ivans/Desktop/Projects/TOOLS/tools/kernel/contract/registry.sh
+++ set -Eeuo pipefail
+++ [[ false == \t\r\u\e ]]
+++ STOLEUS_CONTRACT_REGISTRY_SUBSYSTEM_LOADED=true
+++ readonly STOLEUS_CONTRACT_REGISTRY_COLLECTION_ID=contracts
+++ STOLEUS_CONTRACT_REGISTRY_COLLECTION_ID=contracts
++ source /c/Users/ivans/Desktop/Projects/TOOLS/tools/kernel/service/registry.sh
+++ set -Eeuo pipefail
+++ [[ false == \t\r\u\e ]]
+++ STOLEUS_SERVICE_REGISTRY_SUBSYSTEM_LOADED=true
+++ readonly STOLEUS_SERVICE_REGISTRY_COLLECTION_ID=service-providers
+++ STOLEUS_SERVICE_REGISTRY_COLLECTION_ID=service-providers
++ source /c/Users/ivans/Desktop/Projects/TOOLS/tools/kernel/service/resolver.sh
+++ set -Eeuo pipefail
+++ [[ false == \t\r\u\e ]]
+++ STOLEUS_SERVICE_RESOLVER_SUBSYSTEM_LOADED=true
+++ STOLEUS_SERVICE_RESOLVER_SERVICE_IDS=()
+++ declare -a STOLEUS_SERVICE_RESOLVER_SERVICE_IDS
+++ STOLEUS_SERVICE_RESOLVER_PROVIDER_PLUGIN_IDS=()
+++ declare -a STOLEUS_SERVICE_RESOLVER_PROVIDER_PLUGIN_IDS
+++ STOLEUS_SERVICE_RESOLVER_PROVIDER_KEYS=()
+++ declare -a STOLEUS_SERVICE_RESOLVER_PROVIDER_KEYS
+++ STOLEUS_SERVICE_RESOLVER_CONTRACT_VERSIONS=()
+++ declare -a STOLEUS_SERVICE_RESOLVER_CONTRACT_VERSIONS
+++ STOLEUS_SERVICE_RESOLVER_PRIORITIES=()
+++ declare -a STOLEUS_SERVICE_RESOLVER_PRIORITIES
+++ STOLEUS_SERVICE_RESOLVER_INDEX_BY_SERVICE=()
+++ declare -A STOLEUS_SERVICE_RESOLVER_INDEX_BY_SERVICE
++ source /c/Users/ivans/Desktop/Projects/TOOLS/tools/kernel/service/runtime.sh
+++ set -Eeuo pipefail
+++ [[ false == \t\r\u\e ]]
+++ STOLEUS_SERVICE_RUNTIME_SUBSYSTEM_LOADED=true
+++ STOLEUS_SERVICE_LAST_SERVICE_ID=
+++ STOLEUS_SERVICE_LAST_OPERATION_ID=
+++ STOLEUS_SERVICE_LAST_PROVIDER_PLUGIN_ID=
+++ STOLEUS_SERVICE_LAST_FUNCTION=
+++ STOLEUS_SERVICE_LAST_EXIT_CODE=0
++ source /c/Users/ivans/Desktop/Projects/TOOLS/tools/kernel/plugin/plugin.sh
+++ set -Eeuo pipefail
+++ [[ false == \t\r\u\e ]]
+++ STOLEUS_PLUGIN_SUBSYSTEM_LOADED=true
++ source /c/Users/ivans/Desktop/Projects/TOOLS/tools/kernel/planning/planning.sh
+++ set -Eeuo pipefail
+++ [[ false == \t\r\u\e ]]
+++ STOLEUS_PLANNING_SUBSYSTEM_LOADED=true
+++ STOLEUS_PLANNING_REQUEST_TARGET=
+++ STOLEUS_PLANNING_REQUEST_OPERATION=
+++ STOLEUS_PLANNING_REQUEST_ARGUMENTS=()
+++ declare -a STOLEUS_PLANNING_REQUEST_ARGUMENTS
+++ STOLEUS_PLANNING_VISITING=()
+++ declare -A STOLEUS_PLANNING_VISITING
+++ STOLEUS_PLANNING_RESOLVED=()
+++ declare -A STOLEUS_PLANNING_RESOLVED
+++ STOLEUS_PLANNING_TRAVERSAL_STACK=()
+++ declare -a STOLEUS_PLANNING_TRAVERSAL_STACK
+++ STOLEUS_PLANNING_PLUGIN_ORDER=()
+++ declare -a STOLEUS_PLANNING_PLUGIN_ORDER
+++ STOLEUS_PLAN_STEP_PLUGIN_IDS=()
+++ declare -a STOLEUS_PLAN_STEP_PLUGIN_IDS
+++ STOLEUS_PLAN_STEP_REGISTRY_INDEXES=()
+++ declare -a STOLEUS_PLAN_STEP_REGISTRY_INDEXES
+++ STOLEUS_PLAN_STEP_STAGES=()
+++ declare -a STOLEUS_PLAN_STEP_STAGES
+++ STOLEUS_PLAN_STEP_FUNCTIONS=()
+++ declare -a STOLEUS_PLAN_STEP_FUNCTIONS
+++ STOLEUS_PLAN_STEP_RECEIVES_ARGUMENTS=()
+++ declare -a STOLEUS_PLAN_STEP_RECEIVES_ARGUMENTS
++ source /c/Users/ivans/Desktop/Projects/TOOLS/tools/kernel/lifecycle/lifecycle.sh
+++ set -Eeuo pipefail
+++ [[ false == \t\r\u\e ]]
+++ STOLEUS_LIFECYCLE_SUBSYSTEM_LOADED=true
+++ STOLEUS_LIFECYCLE_LOADED_PLUGIN_IDS=()
+++ declare -a STOLEUS_LIFECYCLE_LOADED_PLUGIN_IDS
+++ STOLEUS_LIFECYCLE_LOADED_IMPLEMENTATIONS=()
+++ declare -a STOLEUS_LIFECYCLE_LOADED_IMPLEMENTATIONS
+++ STOLEUS_LIFECYCLE_LOADED_BY_ID=()
+++ declare -A STOLEUS_LIFECYCLE_LOADED_BY_ID
++ source /c/Users/ivans/Desktop/Projects/TOOLS/tools/kernel/execution/execution.sh
+++ set -Eeuo pipefail
+++ [[ false == \t\r\u\e ]]
+++ STOLEUS_EXECUTION_SUBSYSTEM_LOADED=true
+++ source /c/Users/ivans/Desktop/Projects/TOOLS/tools/kernel/execution/result_registry.sh
++++ set -Eeuo pipefail
++++ [[ false == \t\r\u\e ]]
++++ STOLEUS_EXECUTION_RESULT_REGISTRY_LOADED=true
++++ readonly STOLEUS_EXECUTION_RESULT_COLLECTION_ID=execution-results
++++ STOLEUS_EXECUTION_RESULT_COLLECTION_ID=execution-results
+++ STOLEUS_EXECUTION_RESULT_STEP_NUMBERS=()
+++ declare -a STOLEUS_EXECUTION_RESULT_STEP_NUMBERS
+++ STOLEUS_EXECUTION_RESULT_PLUGIN_IDS=()
+++ declare -a STOLEUS_EXECUTION_RESULT_PLUGIN_IDS
+++ STOLEUS_EXECUTION_RESULT_STAGES=()
+++ declare -a STOLEUS_EXECUTION_RESULT_STAGES
+++ STOLEUS_EXECUTION_RESULT_FUNCTIONS=()
+++ declare -a STOLEUS_EXECUTION_RESULT_FUNCTIONS
+++ STOLEUS_EXECUTION_RESULT_STATUSES=()
+++ declare -a STOLEUS_EXECUTION_RESULT_STATUSES
+++ STOLEUS_EXECUTION_RESULT_EXIT_CODES=()
+++ declare -a STOLEUS_EXECUTION_RESULT_EXIT_CODES
+++ STOLEUS_EXECUTION_SESSION_ID=
+++ STOLEUS_EXECUTION_SESSION_MODE=execute
+++ STOLEUS_EXECUTION_SESSION_FAILURE_POLICY=stop
+++ STOLEUS_EXECUTION_SESSION_FAILED_STEP_COUNT=0
+++ STOLEUS_EXECUTION_SESSION_STATUS=not-started
+++ STOLEUS_EXECUTION_SESSION_TARGET=
+++ STOLEUS_EXECUTION_SESSION_OPERATION=
+++ STOLEUS_EXECUTION_SESSION_STARTED_AT=
+++ STOLEUS_EXECUTION_SESSION_FINISHED_AT=
+++ STOLEUS_EXECUTION_SESSION_CURRENT_STEP=0
+++ STOLEUS_EXECUTION_SESSION_TOTAL_STEPS=0
+++ STOLEUS_EXECUTION_SESSION_EXIT_CODE=0
+++ STOLEUS_EXECUTION_SESSION_AUTOMATIC_ROLLBACK=false
+++ STOLEUS_EXECUTION_SESSION_ROLLBACK_ATTEMPTED=false
+++ STOLEUS_EXECUTION_SESSION_ROLLBACK_STATUS=not-requested
+++ STOLEUS_EXECUTION_SESSION_ROLLBACK_EXIT_CODE=0
+++ STOLEUS_EXECUTION_SESSION_GENERATION=0
++ source /c/Users/ivans/Desktop/Projects/TOOLS/tools/kernel/execution/coordinator.sh
+++ set -Eeuo pipefail
+++ [[ false == \t\r\u\e ]]
+++ STOLEUS_EXECUTION_COORDINATOR_LOADED=true
++ source /c/Users/ivans/Desktop/Projects/TOOLS/tools/kernel/api/api.sh
+++ set -Eeuo pipefail
+++ [[ false == \t\r\u\e ]]
+++ STOLEUS_API_SUBSYSTEM_LOADED=true
+++ STOLEUS_API_FUNCTIONS=()
+++ declare -a STOLEUS_API_FUNCTIONS
+++ STOLEUS_API_SUBSYSTEMS=()
+++ declare -a STOLEUS_API_SUBSYSTEMS
+++ STOLEUS_API_VISIBILITIES=()
+++ declare -a STOLEUS_API_VISIBILITIES
+++ STOLEUS_API_STABILITIES=()
+++ declare -a STOLEUS_API_STABILITIES
+++ STOLEUS_API_OWNERS=()
+++ declare -a STOLEUS_API_OWNERS
+++ STOLEUS_API_INDEX_BY_FUNCTION=()
+++ declare -A STOLEUS_API_INDEX_BY_FUNCTION
++ STOLEUS_KERNEL_BOOTSTRAP_STARTED=false
++ STOLEUS_KERNEL_BOOTSTRAP_COMPLETED=false
++ STOLEUS_KERNEL_READY=false
++ STOLEUS_KERNEL_BOOTSTRAP_STAGE=not-started
++ STOLEUS_KERNEL_BOOTSTRAP_EXIT_CODE=0
+ stoleus_kernel_initialize
+ [[ false == \t\r\u\e ]]
+ stoleus_runtime_initialize
+ [[ false == \t\r\u\e ]]
+ STOLEUS_RUNTIME_INITIALIZED=true
+ return 0
+ stoleus_context_initialize
+ [[ false == \t\r\u\e ]]
+ STOLEUS_CONTEXT_KEYS=()
+ STOLEUS_CONTEXT_VALUES=()
+ STOLEUS_CONTEXT_INDEX_BY_KEY=()
+ STOLEUS_CONTEXT_PROVIDER_OVERRIDES=()
+ STOLEUS_CONTEXT_CAPABILITY_PROVIDER_OVERRIDES=()
+ STOLEUS_CONTEXT_GENERATION=0
+ STOLEUS_CONTEXT_INITIALIZED=true
+ return 0
+ stoleus_platform_initialize
+ [[ false == \t\r\u\e ]]
+ STOLEUS_PLATFORM_KEYS=()
+ STOLEUS_PLATFORM_VALUES=()
+ STOLEUS_PLATFORM_INDEX_BY_KEY=()
+ STOLEUS_PLATFORM_DETECTED=false
+ STOLEUS_PLATFORM_APPLIED=false
+ STOLEUS_PLATFORM_DETECTION_GENERATION=0
+ STOLEUS_PLATFORM_INITIALIZED=true
+ return 0
+ stoleus_metadata_initialize
+ [[ false == \t\r\u\e ]]
+ stoleus_metadata_reset
+ STOLEUS_METADATA_COLLECTION_DEFINED=()
+ STOLEUS_METADATA_COLLECTION_KEY_FIELDS=()
+ STOLEUS_METADATA_COLLECTION_SCHEMAS=()
+ STOLEUS_METADATA_COLLECTION_FIELD_COUNTS=()
+ STOLEUS_METADATA_COLLECTION_ROW_COUNTS=()
+ STOLEUS_METADATA_COLLECTION_FROZEN=()
+ STOLEUS_METADATA_ROW_INDEX_BY_KEY=()
+ STOLEUS_METADATA_ROW_KEYS=()
+ STOLEUS_METADATA_VALUES=()
+ return 0
+ STOLEUS_METADATA_INITIALIZED=true
+ return 0
+ stoleus_rollback_registry_initialize
+ [[ false == \t\r\u\e ]]
+ stoleus_rollback_registry_reset
+ stoleus_metadata_collection_reset rollback-actions
+ local collection_id=rollback-actions
+ local composite_key=
+ local prefix=
+ [[ -z rollback-actions ]]
+ stoleus_metadata_collection_exists rollback-actions
+ local collection_id=rollback-actions
+ [[ -z rollback-actions ]]
+ [[ -n '' ]]
+ return 0
+ stoleus_rollback_registry_create_collection
+ stoleus_metadata_collection_exists rollback-actions
+ local collection_id=rollback-actions
+ [[ -z rollback-actions ]]
+ [[ -n '' ]]
+ stoleus_metadata_collection_create rollback-actions rollback-key rollback-key plugin-id forward-stage rollback-function
+ local collection_id=rollback-actions
+ local key_field=rollback-key
+ local field_name=
+ local schema=
+ seen_fields=()
+ local -A seen_fields
+ stoleus_metadata_validate_collection_id rollback-actions
+ local collection_id=rollback-actions
+ [[ -z rollback-actions ]]
+ [[ ! rollback-actions =~ ^[a-z][a-z0-9-]*$ ]]
+ return 0
+ stoleus_metadata_collection_exists rollback-actions
+ local collection_id=rollback-actions
+ [[ -z rollback-actions ]]
+ [[ -n '' ]]
+ stoleus_metadata_validate_field_name rollback-key
+ local field_name=rollback-key
+ [[ -z rollback-key ]]
+ [[ ! rollback-key =~ ^[a-z][a-z0-9-]*$ ]]
+ return 0
+ shift 2
+ ((  4 == 0  ))
+ for field_name in "$@"
+ stoleus_metadata_validate_field_name rollback-key
+ local field_name=rollback-key
+ [[ -z rollback-key ]]
+ [[ ! rollback-key =~ ^[a-z][a-z0-9-]*$ ]]
+ return 0
+ [[ -n '' ]]
+ seen_fields["$field_name"]=true
+ [[ -n '' ]]
+ schema+=rollback-key
+ for field_name in "$@"
+ stoleus_metadata_validate_field_name plugin-id
+ local field_name=plugin-id
+ [[ -z plugin-id ]]
+ [[ ! plugin-id =~ ^[a-z][a-z0-9-]*$ ]]
+ return 0
+ [[ -n '' ]]
+ seen_fields["$field_name"]=true
+ [[ -n rollback-key ]]
+ schema+=,
+ schema+=plugin-id
+ for field_name in "$@"
+ stoleus_metadata_validate_field_name forward-stage
+ local field_name=forward-stage
+ [[ -z forward-stage ]]
+ [[ ! forward-stage =~ ^[a-z][a-z0-9-]*$ ]]
+ return 0
+ [[ -n '' ]]
+ seen_fields["$field_name"]=true
+ [[ -n rollback-key,plugin-id ]]
+ schema+=,
+ schema+=forward-stage
+ for field_name in "$@"
+ stoleus_metadata_validate_field_name rollback-function
+ local field_name=rollback-function
+ [[ -z rollback-function ]]
+ [[ ! rollback-function =~ ^[a-z][a-z0-9-]*$ ]]
+ return 0
+ [[ -n '' ]]
+ seen_fields["$field_name"]=true
+ [[ -n rollback-key,plugin-id,forward-stage ]]
+ schema+=,
+ schema+=rollback-function
+ [[ -z present ]]
+ STOLEUS_METADATA_COLLECTION_DEFINED["$collection_id"]=true
+ STOLEUS_METADATA_COLLECTION_KEY_FIELDS["$collection_id"]=rollback-key
+ STOLEUS_METADATA_COLLECTION_SCHEMAS["$collection_id"]=rollback-key,plugin-id,forward-stage,rollback-function
+ STOLEUS_METADATA_COLLECTION_FIELD_COUNTS["$collection_id"]=4
+ STOLEUS_METADATA_COLLECTION_ROW_COUNTS["$collection_id"]=0
+ STOLEUS_METADATA_COLLECTION_FROZEN["$collection_id"]=false
+ return 0
+ return 0
+ STOLEUS_ROLLBACK_REGISTRY_READY=false
+ return 0
+ STOLEUS_ROLLBACK_REGISTRY_INITIALIZED=true
+ return 0
+ stoleus_rollback_plan_initialize
+ [[ false == \t\r\u\e ]]
+ stoleus_rollback_plan_reset
+ stoleus_metadata_collection_reset rollback-plan
+ local collection_id=rollback-plan
+ local composite_key=
+ local prefix=
+ [[ -z rollback-plan ]]
+ stoleus_metadata_collection_exists rollback-plan
+ local collection_id=rollback-plan
+ [[ -z rollback-plan ]]
+ [[ -n '' ]]
+ return 0
+ stoleus_rollback_plan_create_collection
+ stoleus_metadata_collection_exists rollback-plan
+ local collection_id=rollback-plan
+ [[ -z rollback-plan ]]
+ [[ -n '' ]]
+ stoleus_metadata_collection_create rollback-plan rollback-step rollback-step execution-step plugin-id rollback-function
+ local collection_id=rollback-plan
+ local key_field=rollback-step
+ local field_name=
+ local schema=
+ seen_fields=()
+ local -A seen_fields
+ stoleus_metadata_validate_collection_id rollback-plan
+ local collection_id=rollback-plan
+ [[ -z rollback-plan ]]
+ [[ ! rollback-plan =~ ^[a-z][a-z0-9-]*$ ]]
+ return 0
+ stoleus_metadata_collection_exists rollback-plan
+ local collection_id=rollback-plan
+ [[ -z rollback-plan ]]
+ [[ -n '' ]]
+ stoleus_metadata_validate_field_name rollback-step
+ local field_name=rollback-step
+ [[ -z rollback-step ]]
+ [[ ! rollback-step =~ ^[a-z][a-z0-9-]*$ ]]
+ return 0
+ shift 2
+ ((  4 == 0  ))
+ for field_name in "$@"
+ stoleus_metadata_validate_field_name rollback-step
+ local field_name=rollback-step
+ [[ -z rollback-step ]]
+ [[ ! rollback-step =~ ^[a-z][a-z0-9-]*$ ]]
+ return 0
+ [[ -n '' ]]
+ seen_fields["$field_name"]=true
+ [[ -n '' ]]
+ schema+=rollback-step
+ for field_name in "$@"
+ stoleus_metadata_validate_field_name execution-step
+ local field_name=execution-step
+ [[ -z execution-step ]]
+ [[ ! execution-step =~ ^[a-z][a-z0-9-]*$ ]]
+ return 0
+ [[ -n '' ]]
+ seen_fields["$field_name"]=true
+ [[ -n rollback-step ]]
+ schema+=,
+ schema+=execution-step
+ for field_name in "$@"
+ stoleus_metadata_validate_field_name plugin-id
+ local field_name=plugin-id
+ [[ -z plugin-id ]]
+ [[ ! plugin-id =~ ^[a-z][a-z0-9-]*$ ]]
+ return 0
+ [[ -n '' ]]
+ seen_fields["$field_name"]=true
+ [[ -n rollback-step,execution-step ]]
+ schema+=,
+ schema+=plugin-id
+ for field_name in "$@"
+ stoleus_metadata_validate_field_name rollback-function
+ local field_name=rollback-function
+ [[ -z rollback-function ]]
+ [[ ! rollback-function =~ ^[a-z][a-z0-9-]*$ ]]
+ return 0
+ [[ -n '' ]]
+ seen_fields["$field_name"]=true
+ [[ -n rollback-step,execution-step,plugin-id ]]
+ schema+=,
+ schema+=rollback-function
+ [[ -z present ]]
+ STOLEUS_METADATA_COLLECTION_DEFINED["$collection_id"]=true
+ STOLEUS_METADATA_COLLECTION_KEY_FIELDS["$collection_id"]=rollback-step
+ STOLEUS_METADATA_COLLECTION_SCHEMAS["$collection_id"]=rollback-step,execution-step,plugin-id,rollback-function
+ STOLEUS_METADATA_COLLECTION_FIELD_COUNTS["$collection_id"]=4
+ STOLEUS_METADATA_COLLECTION_ROW_COUNTS["$collection_id"]=0
+ STOLEUS_METADATA_COLLECTION_FROZEN["$collection_id"]=false
+ return 0
+ return 0
+ STOLEUS_ROLLBACK_PLAN_READY=false
+ return 0
+ STOLEUS_ROLLBACK_PLAN_INITIALIZED=true
+ return 0
+ stoleus_rollback_builder_initialize
+ [[ false == \t\r\u\e ]]
+ stoleus_rollback_builder_reset
+ stoleus_rollback_plan_reset
+ stoleus_metadata_collection_reset rollback-plan
+ local collection_id=rollback-plan
+ local composite_key=
+ local prefix=
+ [[ -z rollback-plan ]]
+ stoleus_metadata_collection_exists rollback-plan
+ local collection_id=rollback-plan
+ [[ -z rollback-plan ]]
+ [[ -n defined ]]
+ prefix='rollback-plan|'
+ unset 'STOLEUS_METADATA_COLLECTION_DEFINED[$collection_id]'
+ unset 'STOLEUS_METADATA_COLLECTION_KEY_FIELDS[$collection_id]'
+ unset 'STOLEUS_METADATA_COLLECTION_SCHEMAS[$collection_id]'
+ unset 'STOLEUS_METADATA_COLLECTION_FIELD_COUNTS[$collection_id]'
+ unset 'STOLEUS_METADATA_COLLECTION_ROW_COUNTS[$collection_id]'
+ unset 'STOLEUS_METADATA_COLLECTION_FROZEN[$collection_id]'
+ return 0
+ stoleus_rollback_plan_create_collection
+ stoleus_metadata_collection_exists rollback-plan
+ local collection_id=rollback-plan
+ [[ -z rollback-plan ]]
+ [[ -n '' ]]
+ stoleus_metadata_collection_create rollback-plan rollback-step rollback-step execution-step plugin-id rollback-function
+ local collection_id=rollback-plan
+ local key_field=rollback-step
+ local field_name=
+ local schema=
+ seen_fields=()
+ local -A seen_fields
+ stoleus_metadata_validate_collection_id rollback-plan
+ local collection_id=rollback-plan
+ [[ -z rollback-plan ]]
+ [[ ! rollback-plan =~ ^[a-z][a-z0-9-]*$ ]]
+ return 0
+ stoleus_metadata_collection_exists rollback-plan
+ local collection_id=rollback-plan
+ [[ -z rollback-plan ]]
+ [[ -n '' ]]
+ stoleus_metadata_validate_field_name rollback-step
+ local field_name=rollback-step
+ [[ -z rollback-step ]]
+ [[ ! rollback-step =~ ^[a-z][a-z0-9-]*$ ]]
+ return 0
+ shift 2
+ ((  4 == 0  ))
+ for field_name in "$@"
+ stoleus_metadata_validate_field_name rollback-step
+ local field_name=rollback-step
+ [[ -z rollback-step ]]
+ [[ ! rollback-step =~ ^[a-z][a-z0-9-]*$ ]]
+ return 0
+ [[ -n '' ]]
+ seen_fields["$field_name"]=true
+ [[ -n '' ]]
+ schema+=rollback-step
+ for field_name in "$@"
+ stoleus_metadata_validate_field_name execution-step
+ local field_name=execution-step
+ [[ -z execution-step ]]
+ [[ ! execution-step =~ ^[a-z][a-z0-9-]*$ ]]
+ return 0
+ [[ -n '' ]]
+ seen_fields["$field_name"]=true
+ [[ -n rollback-step ]]
+ schema+=,
+ schema+=execution-step
+ for field_name in "$@"
+ stoleus_metadata_validate_field_name plugin-id
+ local field_name=plugin-id
+ [[ -z plugin-id ]]
+ [[ ! plugin-id =~ ^[a-z][a-z0-9-]*$ ]]
+ return 0
+ [[ -n '' ]]
+ seen_fields["$field_name"]=true
+ [[ -n rollback-step,execution-step ]]
+ schema+=,
+ schema+=plugin-id
+ for field_name in "$@"
+ stoleus_metadata_validate_field_name rollback-function
+ local field_name=rollback-function
+ [[ -z rollback-function ]]
+ [[ ! rollback-function =~ ^[a-z][a-z0-9-]*$ ]]
+ return 0
+ [[ -n '' ]]
+ seen_fields["$field_name"]=true
+ [[ -n rollback-step,execution-step,plugin-id ]]
+ schema+=,
+ schema+=rollback-function
+ [[ -z present ]]
+ STOLEUS_METADATA_COLLECTION_DEFINED["$collection_id"]=true
+ STOLEUS_METADATA_COLLECTION_KEY_FIELDS["$collection_id"]=rollback-step
+ STOLEUS_METADATA_COLLECTION_SCHEMAS["$collection_id"]=rollback-step,execution-step,plugin-id,rollback-function
+ STOLEUS_METADATA_COLLECTION_FIELD_COUNTS["$collection_id"]=4
+ STOLEUS_METADATA_COLLECTION_ROW_COUNTS["$collection_id"]=0
+ STOLEUS_METADATA_COLLECTION_FROZEN["$collection_id"]=false
+ return 0
+ return 0
+ STOLEUS_ROLLBACK_PLAN_READY=false
+ return 0
+ STOLEUS_ROLLBACK_BUILDER_ACTIVE=false
+ STOLEUS_ROLLBACK_BUILDER_FINALIZED=false
+ STOLEUS_ROLLBACK_BUILDER_NEXT_STEP=1
+ return 0
+ STOLEUS_ROLLBACK_BUILDER_INITIALIZED=true
+ return 0
+ stoleus_rollback_planner_initialize
+ [[ false == \t\r\u\e ]]
+ stoleus_rollback_planner_reset
+ stoleus_rollback_plan_reset
+ stoleus_metadata_collection_reset rollback-plan
+ local collection_id=rollback-plan
+ local composite_key=
+ local prefix=
+ [[ -z rollback-plan ]]
+ stoleus_metadata_collection_exists rollback-plan
+ local collection_id=rollback-plan
+ [[ -z rollback-plan ]]
+ [[ -n defined ]]
+ prefix='rollback-plan|'
+ unset 'STOLEUS_METADATA_COLLECTION_DEFINED[$collection_id]'
+ unset 'STOLEUS_METADATA_COLLECTION_KEY_FIELDS[$collection_id]'
+ unset 'STOLEUS_METADATA_COLLECTION_SCHEMAS[$collection_id]'
+ unset 'STOLEUS_METADATA_COLLECTION_FIELD_COUNTS[$collection_id]'
+ unset 'STOLEUS_METADATA_COLLECTION_ROW_COUNTS[$collection_id]'
+ unset 'STOLEUS_METADATA_COLLECTION_FROZEN[$collection_id]'
+ return 0
+ stoleus_rollback_plan_create_collection
+ stoleus_metadata_collection_exists rollback-plan
+ local collection_id=rollback-plan
+ [[ -z rollback-plan ]]
+ [[ -n '' ]]
+ stoleus_metadata_collection_create rollback-plan rollback-step rollback-step execution-step plugin-id rollback-function
+ local collection_id=rollback-plan
+ local key_field=rollback-step
+ local field_name=
+ local schema=
+ seen_fields=()
+ local -A seen_fields
+ stoleus_metadata_validate_collection_id rollback-plan
+ local collection_id=rollback-plan
+ [[ -z rollback-plan ]]
+ [[ ! rollback-plan =~ ^[a-z][a-z0-9-]*$ ]]
+ return 0
+ stoleus_metadata_collection_exists rollback-plan
+ local collection_id=rollback-plan
+ [[ -z rollback-plan ]]
+ [[ -n '' ]]
+ stoleus_metadata_validate_field_name rollback-step
+ local field_name=rollback-step
+ [[ -z rollback-step ]]
+ [[ ! rollback-step =~ ^[a-z][a-z0-9-]*$ ]]
+ return 0
+ shift 2
+ ((  4 == 0  ))
+ for field_name in "$@"
+ stoleus_metadata_validate_field_name rollback-step
+ local field_name=rollback-step
+ [[ -z rollback-step ]]
+ [[ ! rollback-step =~ ^[a-z][a-z0-9-]*$ ]]
+ return 0
+ [[ -n '' ]]
+ seen_fields["$field_name"]=true
+ [[ -n '' ]]
+ schema+=rollback-step
+ for field_name in "$@"
+ stoleus_metadata_validate_field_name execution-step
+ local field_name=execution-step
+ [[ -z execution-step ]]
+ [[ ! execution-step =~ ^[a-z][a-z0-9-]*$ ]]
+ return 0
+ [[ -n '' ]]
+ seen_fields["$field_name"]=true
+ [[ -n rollback-step ]]
+ schema+=,
+ schema+=execution-step
+ for field_name in "$@"
+ stoleus_metadata_validate_field_name plugin-id
+ local field_name=plugin-id
+ [[ -z plugin-id ]]
+ [[ ! plugin-id =~ ^[a-z][a-z0-9-]*$ ]]
+ return 0
+ [[ -n '' ]]
+ seen_fields["$field_name"]=true
+ [[ -n rollback-step,execution-step ]]
+ schema+=,
+ schema+=plugin-id
+ for field_name in "$@"
+ stoleus_metadata_validate_field_name rollback-function
+ local field_name=rollback-function
+ [[ -z rollback-function ]]
+ [[ ! rollback-function =~ ^[a-z][a-z0-9-]*$ ]]
+ return 0
+ [[ -n '' ]]
+ seen_fields["$field_name"]=true
+ [[ -n rollback-step,execution-step,plugin-id ]]
+ schema+=,
+ schema+=rollback-function
+ [[ -z present ]]
+ STOLEUS_METADATA_COLLECTION_DEFINED["$collection_id"]=true
+ STOLEUS_METADATA_COLLECTION_KEY_FIELDS["$collection_id"]=rollback-step
+ STOLEUS_METADATA_COLLECTION_SCHEMAS["$collection_id"]=rollback-step,execution-step,plugin-id,rollback-function
+ STOLEUS_METADATA_COLLECTION_FIELD_COUNTS["$collection_id"]=4
+ STOLEUS_METADATA_COLLECTION_ROW_COUNTS["$collection_id"]=0
+ STOLEUS_METADATA_COLLECTION_FROZEN["$collection_id"]=false
+ return 0
+ return 0
+ STOLEUS_ROLLBACK_PLAN_READY=false
+ return 0
+ STOLEUS_ROLLBACK_PLANNER_EXECUTION_ID=
+ STOLEUS_ROLLBACK_PLANNER_BUILT=false
+ return 0
+ STOLEUS_ROLLBACK_PLANNER_INITIALIZED=true
+ return 0
+ stoleus_rollback_result_registry_initialize
+ [[ false == \t\r\u\e ]]
+ stoleus_rollback_result_registry_reset
+ stoleus_metadata_collection_reset rollback-results
+ local collection_id=rollback-results
+ local composite_key=
+ local prefix=
+ [[ -z rollback-results ]]
+ stoleus_metadata_collection_exists rollback-results
+ local collection_id=rollback-results
+ [[ -z rollback-results ]]
+ [[ -n '' ]]
+ return 0
+ stoleus_rollback_result_registry_create
+ stoleus_metadata_collection_exists rollback-results
+ local collection_id=rollback-results
+ [[ -z rollback-results ]]
+ [[ -n '' ]]
+ stoleus_metadata_collection_create rollback-results rollback-result-id rollback-result-id rollback-session-id mode rollback-step execution-step plugin-id rollback-function status exit-code started-at finished-at duration-ms
+ local collection_id=rollback-results
+ local key_field=rollback-result-id
+ local field_name=
+ local schema=
+ seen_fields=()
+ local -A seen_fields
+ stoleus_metadata_validate_collection_id rollback-results
+ local collection_id=rollback-results
+ [[ -z rollback-results ]]
+ [[ ! rollback-results =~ ^[a-z][a-z0-9-]*$ ]]
+ return 0
+ stoleus_metadata_collection_exists rollback-results
+ local collection_id=rollback-results
+ [[ -z rollback-results ]]
+ [[ -n '' ]]
+ stoleus_metadata_validate_field_name rollback-result-id
+ local field_name=rollback-result-id
+ [[ -z rollback-result-id ]]
+ [[ ! rollback-result-id =~ ^[a-z][a-z0-9-]*$ ]]
+ return 0
+ shift 2
+ ((  12 == 0  ))
+ for field_name in "$@"
+ stoleus_metadata_validate_field_name rollback-result-id
+ local field_name=rollback-result-id
+ [[ -z rollback-result-id ]]
+ [[ ! rollback-result-id =~ ^[a-z][a-z0-9-]*$ ]]
+ return 0
+ [[ -n '' ]]
+ seen_fields["$field_name"]=true
+ [[ -n '' ]]
+ schema+=rollback-result-id
+ for field_name in "$@"
+ stoleus_metadata_validate_field_name rollback-session-id
+ local field_name=rollback-session-id
+ [[ -z rollback-session-id ]]
+ [[ ! rollback-session-id =~ ^[a-z][a-z0-9-]*$ ]]
+ return 0
+ [[ -n '' ]]
+ seen_fields["$field_name"]=true
+ [[ -n rollback-result-id ]]
+ schema+=,
+ schema+=rollback-session-id
+ for field_name in "$@"
+ stoleus_metadata_validate_field_name mode
+ local field_name=mode
+ [[ -z mode ]]
+ [[ ! mode =~ ^[a-z][a-z0-9-]*$ ]]
+ return 0
+ [[ -n '' ]]
+ seen_fields["$field_name"]=true
+ [[ -n rollback-result-id,rollback-session-id ]]
+ schema+=,
+ schema+=mode
+ for field_name in "$@"
+ stoleus_metadata_validate_field_name rollback-step
+ local field_name=rollback-step
+ [[ -z rollback-step ]]
+ [[ ! rollback-step =~ ^[a-z][a-z0-9-]*$ ]]
+ return 0
+ [[ -n '' ]]
+ seen_fields["$field_name"]=true
+ [[ -n rollback-result-id,rollback-session-id,mode ]]
+ schema+=,
+ schema+=rollback-step
+ for field_name in "$@"
+ stoleus_metadata_validate_field_name execution-step
+ local field_name=execution-step
+ [[ -z execution-step ]]
+ [[ ! execution-step =~ ^[a-z][a-z0-9-]*$ ]]
+ return 0
+ [[ -n '' ]]
+ seen_fields["$field_name"]=true
+ [[ -n rollback-result-id,rollback-session-id,mode,rollback-step ]]
+ schema+=,
+ schema+=execution-step
+ for field_name in "$@"
+ stoleus_metadata_validate_field_name plugin-id
+ local field_name=plugin-id
+ [[ -z plugin-id ]]
+ [[ ! plugin-id =~ ^[a-z][a-z0-9-]*$ ]]
+ return 0
+ [[ -n '' ]]
+ seen_fields["$field_name"]=true
+ [[ -n rollback-result-id,rollback-session-id,mode,rollback-step,execution-step ]]
+ schema+=,
+ schema+=plugin-id
+ for field_name in "$@"
+ stoleus_metadata_validate_field_name rollback-function
+ local field_name=rollback-function
+ [[ -z rollback-function ]]
+ [[ ! rollback-function =~ ^[a-z][a-z0-9-]*$ ]]
+ return 0
+ [[ -n '' ]]
+ seen_fields["$field_name"]=true
+ [[ -n rollback-result-id,rollback-session-id,mode,rollback-step,execution-step,plugin-id ]]
+ schema+=,
+ schema+=rollback-function
+ for field_name in "$@"
+ stoleus_metadata_validate_field_name status
+ local field_name=status
+ [[ -z status ]]
+ [[ ! status =~ ^[a-z][a-z0-9-]*$ ]]
+ return 0
+ [[ -n '' ]]
+ seen_fields["$field_name"]=true
+ [[ -n rollback-result-id,rollback-session-id,mode,rollback-step,execution-step,plugin-id,rollback-function ]]
+ schema+=,
+ schema+=status
+ for field_name in "$@"
+ stoleus_metadata_validate_field_name exit-code
+ local field_name=exit-code
+ [[ -z exit-code ]]
+ [[ ! exit-code =~ ^[a-z][a-z0-9-]*$ ]]
+ return 0
+ [[ -n '' ]]
+ seen_fields["$field_name"]=true
+ [[ -n rollback-result-id,rollback-session-id,mode,rollback-step,execution-step,plugin-id,rollback-function,status ]]
+ schema+=,
+ schema+=exit-code
+ for field_name in "$@"
+ stoleus_metadata_validate_field_name started-at
+ local field_name=started-at
+ [[ -z started-at ]]
+ [[ ! started-at =~ ^[a-z][a-z0-9-]*$ ]]
+ return 0
+ [[ -n '' ]]
+ seen_fields["$field_name"]=true
+ [[ -n rollback-result-id,rollback-session-id,mode,rollback-step,execution-step,plugin-id,rollback-function,status,exit-code ]]
+ schema+=,
+ schema+=started-at
+ for field_name in "$@"
+ stoleus_metadata_validate_field_name finished-at
+ local field_name=finished-at
+ [[ -z finished-at ]]
+ [[ ! finished-at =~ ^[a-z][a-z0-9-]*$ ]]
+ return 0
+ [[ -n '' ]]
+ seen_fields["$field_name"]=true
+ [[ -n rollback-result-id,rollback-session-id,mode,rollback-step,execution-step,plugin-id,rollback-function,status,exit-code,started-at ]]
+ schema+=,
+ schema+=finished-at
+ for field_name in "$@"
+ stoleus_metadata_validate_field_name duration-ms
+ local field_name=duration-ms
+ [[ -z duration-ms ]]
+ [[ ! duration-ms =~ ^[a-z][a-z0-9-]*$ ]]
+ return 0
+ [[ -n '' ]]
+ seen_fields["$field_name"]=true
+ [[ -n rollback-result-id,rollback-session-id,mode,rollback-step,execution-step,plugin-id,rollback-function,status,exit-code,started-at,finished-at ]]
+ schema+=,
+ schema+=duration-ms
+ [[ -z present ]]
+ STOLEUS_METADATA_COLLECTION_DEFINED["$collection_id"]=true
+ STOLEUS_METADATA_COLLECTION_KEY_FIELDS["$collection_id"]=rollback-result-id
+ STOLEUS_METADATA_COLLECTION_SCHEMAS["$collection_id"]=rollback-result-id,rollback-session-id,mode,rollback-step,execution-step,plugin-id,rollback-function,status,exit-code,started-at,finished-at,duration-ms
+ STOLEUS_METADATA_COLLECTION_FIELD_COUNTS["$collection_id"]=12
+ STOLEUS_METADATA_COLLECTION_ROW_COUNTS["$collection_id"]=0
+ STOLEUS_METADATA_COLLECTION_FROZEN["$collection_id"]=false
+ return 0
+ return 0
+ return 0
+ STOLEUS_ROLLBACK_RESULT_REGISTRY_INITIALIZED=true
+ return 0
+ stoleus_rollback_executor_initialize
+ [[ false == \t\r\u\e ]]
+ STOLEUS_ROLLBACK_EXECUTOR_INITIALIZED=true
+ STOLEUS_ROLLBACK_EXECUTOR_RUNNING=false
+ STOLEUS_ROLLBACK_EXECUTOR_COMPLETED=false
+ STOLEUS_ROLLBACK_EXECUTOR_SESSION_ID=
+ STOLEUS_ROLLBACK_EXECUTOR_MODE=execute
+ STOLEUS_ROLLBACK_EXECUTOR_FAILURE_POLICY=stop
+ STOLEUS_ROLLBACK_EXECUTOR_FAILED_STEP_COUNT=0
+ STOLEUS_ROLLBACK_EXECUTOR_EXIT_CODE=0
+ return 0
+ stoleus_discovery_initialize
+ [[ false == \t\r\u\e ]]
+ STOLEUS_DISCOVERY_ROOT_CATEGORIES=()
+ STOLEUS_DISCOVERY_ROOT_PATHS=()
+ stoleus_discovery_reset
+ STOLEUS_DISCOVERY_RECORD_CATEGORIES=()
+ STOLEUS_DISCOVERY_RECORD_NAMES=()
+ STOLEUS_DISCOVERY_RECORD_PATHS=()
+ STOLEUS_DISCOVERY_RECORD_MANIFESTS=()
+ STOLEUS_DISCOVERY_SCANNED=false
+ return 0
+ stoleus_discovery_add_root modules /c/Users/ivans/Desktop/Projects/TOOLS/tools/plugins/modules
+ local category=modules
+ local root_path=/c/Users/ivans/Desktop/Projects/TOOLS/tools/plugins/modules
+ local normalized_root=
+ local index=0
+ [[ -z modules ]]
+ [[ ! modules =~ ^[a-z][a-z0-9-]*$ ]]
+ [[ -z /c/Users/ivans/Desktop/Projects/TOOLS/tools/plugins/modules ]]
+ stoleus_discovery_is_scanned
+ [[ false == \t\r\u\e ]]
+ [[ /c/Users/ivans/Desktop/Projects/TOOLS/tools/plugins/modules == /* ]]
+ normalized_root=/c/Users/ivans/Desktop/Projects/TOOLS/tools/plugins/modules
+ [[ /c/Users/ivans/Desktop/Projects/TOOLS/tools/plugins/modules != \/ ]]
+ normalized_root=/c/Users/ivans/Desktop/Projects/TOOLS/tools/plugins/modules
+ STOLEUS_DISCOVERY_ROOT_CATEGORIES+=("$category")
+ STOLEUS_DISCOVERY_ROOT_PATHS+=("$normalized_root")
+ return 0
+ stoleus_discovery_add_root providers /c/Users/ivans/Desktop/Projects/TOOLS/tools/plugins/providers
+ local category=providers
+ local root_path=/c/Users/ivans/Desktop/Projects/TOOLS/tools/plugins/providers
+ local normalized_root=
+ local index=0
+ [[ -z providers ]]
+ [[ ! providers =~ ^[a-z][a-z0-9-]*$ ]]
+ [[ -z /c/Users/ivans/Desktop/Projects/TOOLS/tools/plugins/providers ]]
+ stoleus_discovery_is_scanned
+ [[ false == \t\r\u\e ]]
+ [[ /c/Users/ivans/Desktop/Projects/TOOLS/tools/plugins/providers == /* ]]
+ normalized_root=/c/Users/ivans/Desktop/Projects/TOOLS/tools/plugins/providers
+ [[ /c/Users/ivans/Desktop/Projects/TOOLS/tools/plugins/providers != \/ ]]
+ normalized_root=/c/Users/ivans/Desktop/Projects/TOOLS/tools/plugins/providers
+ for index in "${!STOLEUS_DISCOVERY_ROOT_PATHS[@]}"
+ [[ modules == \p\r\o\v\i\d\e\r\s ]]
+ STOLEUS_DISCOVERY_ROOT_CATEGORIES+=("$category")
+ STOLEUS_DISCOVERY_ROOT_PATHS+=("$normalized_root")
+ return 0
+ stoleus_discovery_add_root commands /c/Users/ivans/Desktop/Projects/TOOLS/tools/plugins/commands
+ local category=commands
+ local root_path=/c/Users/ivans/Desktop/Projects/TOOLS/tools/plugins/commands
+ local normalized_root=
+ local index=0
+ [[ -z commands ]]
+ [[ ! commands =~ ^[a-z][a-z0-9-]*$ ]]
+ [[ -z /c/Users/ivans/Desktop/Projects/TOOLS/tools/plugins/commands ]]
+ stoleus_discovery_is_scanned
+ [[ false == \t\r\u\e ]]
+ [[ /c/Users/ivans/Desktop/Projects/TOOLS/tools/plugins/commands == /* ]]
+ normalized_root=/c/Users/ivans/Desktop/Projects/TOOLS/tools/plugins/commands
+ [[ /c/Users/ivans/Desktop/Projects/TOOLS/tools/plugins/commands != \/ ]]
+ normalized_root=/c/Users/ivans/Desktop/Projects/TOOLS/tools/plugins/commands
+ for index in "${!STOLEUS_DISCOVERY_ROOT_PATHS[@]}"
+ [[ modules == \c\o\m\m\a\n\d\s ]]
+ for index in "${!STOLEUS_DISCOVERY_ROOT_PATHS[@]}"
+ [[ providers == \c\o\m\m\a\n\d\s ]]
+ STOLEUS_DISCOVERY_ROOT_CATEGORIES+=("$category")
+ STOLEUS_DISCOVERY_ROOT_PATHS+=("$normalized_root")
+ return 0
+ stoleus_discovery_add_root generators /c/Users/ivans/Desktop/Projects/TOOLS/tools/plugins/generators
+ local category=generators
+ local root_path=/c/Users/ivans/Desktop/Projects/TOOLS/tools/plugins/generators
+ local normalized_root=
+ local index=0
+ [[ -z generators ]]
+ [[ ! generators =~ ^[a-z][a-z0-9-]*$ ]]
+ [[ -z /c/Users/ivans/Desktop/Projects/TOOLS/tools/plugins/generators ]]
+ stoleus_discovery_is_scanned
+ [[ false == \t\r\u\e ]]
+ [[ /c/Users/ivans/Desktop/Projects/TOOLS/tools/plugins/generators == /* ]]
+ normalized_root=/c/Users/ivans/Desktop/Projects/TOOLS/tools/plugins/generators
+ [[ /c/Users/ivans/Desktop/Projects/TOOLS/tools/plugins/generators != \/ ]]
+ normalized_root=/c/Users/ivans/Desktop/Projects/TOOLS/tools/plugins/generators
+ for index in "${!STOLEUS_DISCOVERY_ROOT_PATHS[@]}"
+ [[ modules == \g\e\n\e\r\a\t\o\r\s ]]
+ for index in "${!STOLEUS_DISCOVERY_ROOT_PATHS[@]}"
+ [[ providers == \g\e\n\e\r\a\t\o\r\s ]]
+ for index in "${!STOLEUS_DISCOVERY_ROOT_PATHS[@]}"
+ [[ commands == \g\e\n\e\r\a\t\o\r\s ]]
+ STOLEUS_DISCOVERY_ROOT_CATEGORIES+=("$category")
+ STOLEUS_DISCOVERY_ROOT_PATHS+=("$normalized_root")
+ return 0
+ STOLEUS_DISCOVERY_INITIALIZED=true
+ return 0
+ stoleus_definition_initialize
+ [[ false == \t\r\u\e ]]
+ stoleus_definition_reset
+ STOLEUS_DEFINITION_IDS=()
+ STOLEUS_DEFINITION_CATEGORIES=()
+ STOLEUS_DEFINITION_DESCRIPTIONS=()
+ STOLEUS_DEFINITION_PLUGIN_PATHS=()
+ STOLEUS_DEFINITION_IMPLEMENTATIONS=()
+ STOLEUS_DEFINITION_DEPENDENCIES=()
+ STOLEUS_DEFINITION_CAPABILITIES=()
+ STOLEUS_DEFINITION_PROVIDED_CAPABILITIES=()
+ STOLEUS_DEFINITION_REQUIRED_SERVICES=()
+ STOLEUS_DEFINITION_PROVIDED_SERVICES=()
+ STOLEUS_DEFINITION_SERVICE_OPERATION_BINDINGS=()
+ STOLEUS_DEFINITION_SERVICE_CONDITIONS=()
+ STOLEUS_DEFINITION_MANIFEST_PATHS=()
+ STOLEUS_DEFINITION_MANIFEST_PROVIDERS=()
+ STOLEUS_DEFINITION_INSTALL_FUNCTIONS=()
+ STOLEUS_DEFINITION_CONFIGURE_FUNCTIONS=()
+ STOLEUS_DEFINITION_VERIFY_FUNCTIONS=()
+ STOLEUS_DEFINITION_UPGRADE_FUNCTIONS=()
+ STOLEUS_DEFINITION_REMOVE_FUNCTIONS=()
+ STOLEUS_DEFINITIONS_FROZEN=false
+ return 0
+ STOLEUS_DEFINITION_INITIALIZED=true
+ return 0
+ stoleus_registry_initialize
+ [[ false == \t\r\u\e ]]
+ stoleus_registry_reset
+ stoleus_metadata_collection_reset plugins
+ local collection_id=plugins
+ local composite_key=
+ local prefix=
+ [[ -z plugins ]]
+ stoleus_metadata_collection_exists plugins
+ local collection_id=plugins
+ [[ -z plugins ]]
+ [[ -n '' ]]
+ return 0
+ STOLEUS_REGISTRY_IMPORTED=false
+ STOLEUS_REGISTRY_READY=false
+ stoleus_registry_create_collection
+ stoleus_metadata_collection_exists plugins
+ local collection_id=plugins
+ [[ -z plugins ]]
+ [[ -n '' ]]
+ stoleus_metadata_collection_create plugins id id category description plugin-path implementation dependencies capabilities provided-capabilities required-services provided-services service-operation-bindings service-conditions manifest manifest-provider install configure verify upgrade remove
+ local collection_id=plugins
+ local key_field=id
+ local field_name=
+ local schema=
+ seen_fields=()
+ local -A seen_fields
+ stoleus_metadata_validate_collection_id plugins
+ local collection_id=plugins
+ [[ -z plugins ]]
+ [[ ! plugins =~ ^[a-z][a-z0-9-]*$ ]]
+ return 0
+ stoleus_metadata_collection_exists plugins
+ local collection_id=plugins
+ [[ -z plugins ]]
+ [[ -n '' ]]
+ stoleus_metadata_validate_field_name id
+ local field_name=id
+ [[ -z id ]]
+ [[ ! id =~ ^[a-z][a-z0-9-]*$ ]]
+ return 0
+ shift 2
+ ((  19 == 0  ))
+ for field_name in "$@"
+ stoleus_metadata_validate_field_name id
+ local field_name=id
+ [[ -z id ]]
+ [[ ! id =~ ^[a-z][a-z0-9-]*$ ]]
+ return 0
+ [[ -n '' ]]
+ seen_fields["$field_name"]=true
+ [[ -n '' ]]
+ schema+=id
+ for field_name in "$@"
+ stoleus_metadata_validate_field_name category
+ local field_name=category
+ [[ -z category ]]
+ [[ ! category =~ ^[a-z][a-z0-9-]*$ ]]
+ return 0
+ [[ -n '' ]]
+ seen_fields["$field_name"]=true
+ [[ -n id ]]
+ schema+=,
+ schema+=category
+ for field_name in "$@"
+ stoleus_metadata_validate_field_name description
+ local field_name=description
+ [[ -z description ]]
+ [[ ! description =~ ^[a-z][a-z0-9-]*$ ]]
+ return 0
+ [[ -n '' ]]
+ seen_fields["$field_name"]=true
+ [[ -n id,category ]]
+ schema+=,
+ schema+=description
+ for field_name in "$@"
+ stoleus_metadata_validate_field_name plugin-path
+ local field_name=plugin-path
+ [[ -z plugin-path ]]
+ [[ ! plugin-path =~ ^[a-z][a-z0-9-]*$ ]]
+ return 0
+ [[ -n '' ]]
+ seen_fields["$field_name"]=true
+ [[ -n id,category,description ]]
+ schema+=,
+ schema+=plugin-path
+ for field_name in "$@"
+ stoleus_metadata_validate_field_name implementation
+ local field_name=implementation
+ [[ -z implementation ]]
+ [[ ! implementation =~ ^[a-z][a-z0-9-]*$ ]]
+ return 0
+ [[ -n '' ]]
+ seen_fields["$field_name"]=true
+ [[ -n id,category,description,plugin-path ]]
+ schema+=,
+ schema+=implementation
+ for field_name in "$@"
+ stoleus_metadata_validate_field_name dependencies
+ local field_name=dependencies
+ [[ -z dependencies ]]
+ [[ ! dependencies =~ ^[a-z][a-z0-9-]*$ ]]
+ return 0
+ [[ -n '' ]]
+ seen_fields["$field_name"]=true
+ [[ -n id,category,description,plugin-path,implementation ]]
+ schema+=,
+ schema+=dependencies
+ for field_name in "$@"
+ stoleus_metadata_validate_field_name capabilities
+ local field_name=capabilities
+ [[ -z capabilities ]]
+ [[ ! capabilities =~ ^[a-z][a-z0-9-]*$ ]]
+ return 0
+ [[ -n '' ]]
+ seen_fields["$field_name"]=true
+ [[ -n id,category,description,plugin-path,implementation,dependencies ]]
+ schema+=,
+ schema+=capabilities
+ for field_name in "$@"
+ stoleus_metadata_validate_field_name provided-capabilities
+ local field_name=provided-capabilities
+ [[ -z provided-capabilities ]]
+ [[ ! provided-capabilities =~ ^[a-z][a-z0-9-]*$ ]]
+ return 0
+ [[ -n '' ]]
+ seen_fields["$field_name"]=true
+ [[ -n id,category,description,plugin-path,implementation,dependencies,capabilities ]]
+ schema+=,
+ schema+=provided-capabilities
+ for field_name in "$@"
+ stoleus_metadata_validate_field_name required-services
+ local field_name=required-services
+ [[ -z required-services ]]
+ [[ ! required-services =~ ^[a-z][a-z0-9-]*$ ]]
+ return 0
+ [[ -n '' ]]
+ seen_fields["$field_name"]=true
+ [[ -n id,category,description,plugin-path,implementation,dependencies,capabilities,provided-capabilities ]]
+ schema+=,
+ schema+=required-services
+ for field_name in "$@"
+ stoleus_metadata_validate_field_name provided-services
+ local field_name=provided-services
+ [[ -z provided-services ]]
+ [[ ! provided-services =~ ^[a-z][a-z0-9-]*$ ]]
+ return 0
+ [[ -n '' ]]
+ seen_fields["$field_name"]=true
+ [[ -n id,category,description,plugin-path,implementation,dependencies,capabilities,provided-capabilities,required-services ]]
+ schema+=,
+ schema+=provided-services
+ for field_name in "$@"
+ stoleus_metadata_validate_field_name service-operation-bindings
+ local field_name=service-operation-bindings
+ [[ -z service-operation-bindings ]]
+ [[ ! service-operation-bindings =~ ^[a-z][a-z0-9-]*$ ]]
+ return 0
+ [[ -n '' ]]
+ seen_fields["$field_name"]=true
+ [[ -n id,category,description,plugin-path,implementation,dependencies,capabilities,provided-capabilities,required-services,provided-services ]]
+ schema+=,
+ schema+=service-operation-bindings
+ for field_name in "$@"
+ stoleus_metadata_validate_field_name service-conditions
+ local field_name=service-conditions
+ [[ -z service-conditions ]]
+ [[ ! service-conditions =~ ^[a-z][a-z0-9-]*$ ]]
+ return 0
+ [[ -n '' ]]
+ seen_fields["$field_name"]=true
+ [[ -n id,category,description,plugin-path,implementation,dependencies,capabilities,provided-capabilities,required-services,provided-services,service-operation-bindings ]]
+ schema+=,
+ schema+=service-conditions
+ for field_name in "$@"
+ stoleus_metadata_validate_field_name manifest
+ local field_name=manifest
+ [[ -z manifest ]]
+ [[ ! manifest =~ ^[a-z][a-z0-9-]*$ ]]
+ return 0
+ [[ -n '' ]]
+ seen_fields["$field_name"]=true
+ [[ -n id,category,description,plugin-path,implementation,dependencies,capabilities,provided-capabilities,required-services,provided-services,service-operation-bindings,service-conditions ]]
+ schema+=,
+ schema+=manifest
+ for field_name in "$@"
+ stoleus_metadata_validate_field_name manifest-provider
+ local field_name=manifest-provider
+ [[ -z manifest-provider ]]
+ [[ ! manifest-provider =~ ^[a-z][a-z0-9-]*$ ]]
+ return 0
+ [[ -n '' ]]
+ seen_fields["$field_name"]=true
+ [[ -n id,category,description,plugin-path,implementation,dependencies,capabilities,provided-capabilities,required-services,provided-services,service-operation-bindings,service-conditions,manifest ]]
+ schema+=,
+ schema+=manifest-provider
+ for field_name in "$@"
+ stoleus_metadata_validate_field_name install
+ local field_name=install
+ [[ -z install ]]
+ [[ ! install =~ ^[a-z][a-z0-9-]*$ ]]
+ return 0
+ [[ -n '' ]]
+ seen_fields["$field_name"]=true
+ [[ -n id,category,description,plugin-path,implementation,dependencies,capabilities,provided-capabilities,required-services,provided-services,service-operation-bindings,service-conditions,manifest,manifest-provider ]]
+ schema+=,
+ schema+=install
+ for field_name in "$@"
+ stoleus_metadata_validate_field_name configure
+ local field_name=configure
+ [[ -z configure ]]
+ [[ ! configure =~ ^[a-z][a-z0-9-]*$ ]]
+ return 0
+ [[ -n '' ]]
+ seen_fields["$field_name"]=true
+ [[ -n id,category,description,plugin-path,implementation,dependencies,capabilities,provided-capabilities,required-services,provided-services,service-operation-bindings,service-conditions,manifest,manifest-provider,install ]]
+ schema+=,
+ schema+=configure
+ for field_name in "$@"
+ stoleus_metadata_validate_field_name verify
+ local field_name=verify
+ [[ -z verify ]]
+ [[ ! verify =~ ^[a-z][a-z0-9-]*$ ]]
+ return 0
+ [[ -n '' ]]
+ seen_fields["$field_name"]=true
+ [[ -n id,category,description,plugin-path,implementation,dependencies,capabilities,provided-capabilities,required-services,provided-services,service-operation-bindings,service-conditions,manifest,manifest-provider,install,configure ]]
+ schema+=,
+ schema+=verify
+ for field_name in "$@"
+ stoleus_metadata_validate_field_name upgrade
+ local field_name=upgrade
+ [[ -z upgrade ]]
+ [[ ! upgrade =~ ^[a-z][a-z0-9-]*$ ]]
+ return 0
+ [[ -n '' ]]
+ seen_fields["$field_name"]=true
+ [[ -n id,category,description,plugin-path,implementation,dependencies,capabilities,provided-capabilities,required-services,provided-services,service-operation-bindings,service-conditions,manifest,manifest-provider,install,configure,verify ]]
+ schema+=,
+ schema+=upgrade
+ for field_name in "$@"
+ stoleus_metadata_validate_field_name remove
+ local field_name=remove
+ [[ -z remove ]]
+ [[ ! remove =~ ^[a-z][a-z0-9-]*$ ]]
+ return 0
+ [[ -n '' ]]
+ seen_fields["$field_name"]=true
+ [[ -n id,category,description,plugin-path,implementation,dependencies,capabilities,provided-capabilities,required-services,provided-services,service-operation-bindings,service-conditions,manifest,manifest-provider,install,configure,verify,upgrade ]]
+ schema+=,
+ schema+=remove
+ [[ -z present ]]
+ STOLEUS_METADATA_COLLECTION_DEFINED["$collection_id"]=true
+ STOLEUS_METADATA_COLLECTION_KEY_FIELDS["$collection_id"]=id
+ STOLEUS_METADATA_COLLECTION_SCHEMAS["$collection_id"]=id,category,description,plugin-path,implementation,dependencies,capabilities,provided-capabilities,required-services,provided-services,service-operation-bindings,service-conditions,manifest,manifest-provider,install,configure,verify,upgrade,remove
+ STOLEUS_METADATA_COLLECTION_FIELD_COUNTS["$collection_id"]=19
+ STOLEUS_METADATA_COLLECTION_ROW_COUNTS["$collection_id"]=0
+ STOLEUS_METADATA_COLLECTION_FROZEN["$collection_id"]=false
+ return 0
+ return 0
+ return 0
+ stoleus_registry_create_collection
+ stoleus_metadata_collection_exists plugins
+ local collection_id=plugins
+ [[ -z plugins ]]
+ [[ -n defined ]]
+ return 0
+ STOLEUS_REGISTRY_INITIALIZED=true
+ return 0
+ stoleus_capability_registry_initialize
+ [[ false == \t\r\u\e ]]
+ stoleus_capability_registry_reset
+ stoleus_metadata_collection_reset capability-providers
+ local collection_id=capability-providers
+ local composite_key=
+ local prefix=
+ [[ -z capability-providers ]]
+ stoleus_metadata_collection_exists capability-providers
+ local collection_id=capability-providers
+ [[ -z capability-providers ]]
+ [[ -n '' ]]
+ return 0
+ STOLEUS_CAPABILITY_REGISTRY_IMPORTED=false
+ STOLEUS_CAPABILITY_REGISTRY_READY=false
+ stoleus_capability_registry_create_collection
+ stoleus_metadata_collection_exists capability-providers
+ local collection_id=capability-providers
+ [[ -z capability-providers ]]
+ [[ -n '' ]]
+ stoleus_metadata_collection_create capability-providers provider-key provider-key capability-id provider-plugin-id
+ local collection_id=capability-providers
+ local key_field=provider-key
+ local field_name=
+ local schema=
+ seen_fields=()
+ local -A seen_fields
+ stoleus_metadata_validate_collection_id capability-providers
+ local collection_id=capability-providers
+ [[ -z capability-providers ]]
+ [[ ! capability-providers =~ ^[a-z][a-z0-9-]*$ ]]
+ return 0
+ stoleus_metadata_collection_exists capability-providers
+ local collection_id=capability-providers
+ [[ -z capability-providers ]]
+ [[ -n '' ]]
+ stoleus_metadata_validate_field_name provider-key
+ local field_name=provider-key
+ [[ -z provider-key ]]
+ [[ ! provider-key =~ ^[a-z][a-z0-9-]*$ ]]
+ return 0
+ shift 2
+ ((  3 == 0  ))
+ for field_name in "$@"
+ stoleus_metadata_validate_field_name provider-key
+ local field_name=provider-key
+ [[ -z provider-key ]]
+ [[ ! provider-key =~ ^[a-z][a-z0-9-]*$ ]]
+ return 0
+ [[ -n '' ]]
+ seen_fields["$field_name"]=true
+ [[ -n '' ]]
+ schema+=provider-key
+ for field_name in "$@"
+ stoleus_metadata_validate_field_name capability-id
+ local field_name=capability-id
+ [[ -z capability-id ]]
+ [[ ! capability-id =~ ^[a-z][a-z0-9-]*$ ]]
+ return 0
+ [[ -n '' ]]
+ seen_fields["$field_name"]=true
+ [[ -n provider-key ]]
+ schema+=,
+ schema+=capability-id
+ for field_name in "$@"
+ stoleus_metadata_validate_field_name provider-plugin-id
+ local field_name=provider-plugin-id
+ [[ -z provider-plugin-id ]]
+ [[ ! provider-plugin-id =~ ^[a-z][a-z0-9-]*$ ]]
+ return 0
+ [[ -n '' ]]
+ seen_fields["$field_name"]=true
+ [[ -n provider-key,capability-id ]]
+ schema+=,
+ schema+=provider-plugin-id
+ [[ -z present ]]
+ STOLEUS_METADATA_COLLECTION_DEFINED["$collection_id"]=true
+ STOLEUS_METADATA_COLLECTION_KEY_FIELDS["$collection_id"]=provider-key
+ STOLEUS_METADATA_COLLECTION_SCHEMAS["$collection_id"]=provider-key,capability-id,provider-plugin-id
+ STOLEUS_METADATA_COLLECTION_FIELD_COUNTS["$collection_id"]=3
+ STOLEUS_METADATA_COLLECTION_ROW_COUNTS["$collection_id"]=0
+ STOLEUS_METADATA_COLLECTION_FROZEN["$collection_id"]=false
+ return 0
+ return 0
+ return 0
+ STOLEUS_CAPABILITY_REGISTRY_INITIALIZED=true
+ return 0
+ stoleus_provider_policy_registry_initialize
+ [[ false == \t\r\u\e ]]
+ stoleus_provider_policy_registry_create_collection
+ stoleus_metadata_collection_exists provider-policy
+ local collection_id=provider-policy
+ [[ -z provider-policy ]]
+ [[ -n '' ]]
+ stoleus_metadata_collection_create provider-policy policy-key policy-key subject-type subject-id provider-id priority enabled conditions tags
+ local collection_id=provider-policy
+ local key_field=policy-key
+ local field_name=
+ local schema=
+ seen_fields=()
+ local -A seen_fields
+ stoleus_metadata_validate_collection_id provider-policy
+ local collection_id=provider-policy
+ [[ -z provider-policy ]]
+ [[ ! provider-policy =~ ^[a-z][a-z0-9-]*$ ]]
+ return 0
+ stoleus_metadata_collection_exists provider-policy
+ local collection_id=provider-policy
+ [[ -z provider-policy ]]
+ [[ -n '' ]]
+ stoleus_metadata_validate_field_name policy-key
+ local field_name=policy-key
+ [[ -z policy-key ]]
+ [[ ! policy-key =~ ^[a-z][a-z0-9-]*$ ]]
+ return 0
+ shift 2
+ ((  8 == 0  ))
+ for field_name in "$@"
+ stoleus_metadata_validate_field_name policy-key
+ local field_name=policy-key
+ [[ -z policy-key ]]
+ [[ ! policy-key =~ ^[a-z][a-z0-9-]*$ ]]
+ return 0
+ [[ -n '' ]]
+ seen_fields["$field_name"]=true
+ [[ -n '' ]]
+ schema+=policy-key
+ for field_name in "$@"
+ stoleus_metadata_validate_field_name subject-type
+ local field_name=subject-type
+ [[ -z subject-type ]]
+ [[ ! subject-type =~ ^[a-z][a-z0-9-]*$ ]]
+ return 0
+ [[ -n '' ]]
+ seen_fields["$field_name"]=true
+ [[ -n policy-key ]]
+ schema+=,
+ schema+=subject-type
+ for field_name in "$@"
+ stoleus_metadata_validate_field_name subject-id
+ local field_name=subject-id
+ [[ -z subject-id ]]
+ [[ ! subject-id =~ ^[a-z][a-z0-9-]*$ ]]
+ return 0
+ [[ -n '' ]]
+ seen_fields["$field_name"]=true
+ [[ -n policy-key,subject-type ]]
+ schema+=,
+ schema+=subject-id
+ for field_name in "$@"
+ stoleus_metadata_validate_field_name provider-id
+ local field_name=provider-id
+ [[ -z provider-id ]]
+ [[ ! provider-id =~ ^[a-z][a-z0-9-]*$ ]]
+ return 0
+ [[ -n '' ]]
+ seen_fields["$field_name"]=true
+ [[ -n policy-key,subject-type,subject-id ]]
+ schema+=,
+ schema+=provider-id
+ for field_name in "$@"
+ stoleus_metadata_validate_field_name priority
+ local field_name=priority
+ [[ -z priority ]]
+ [[ ! priority =~ ^[a-z][a-z0-9-]*$ ]]
+ return 0
+ [[ -n '' ]]
+ seen_fields["$field_name"]=true
+ [[ -n policy-key,subject-type,subject-id,provider-id ]]
+ schema+=,
+ schema+=priority
+ for field_name in "$@"
+ stoleus_metadata_validate_field_name enabled
+ local field_name=enabled
+ [[ -z enabled ]]
+ [[ ! enabled =~ ^[a-z][a-z0-9-]*$ ]]
+ return 0
+ [[ -n '' ]]
+ seen_fields["$field_name"]=true
+ [[ -n policy-key,subject-type,subject-id,provider-id,priority ]]
+ schema+=,
+ schema+=enabled
+ for field_name in "$@"
+ stoleus_metadata_validate_field_name conditions
+ local field_name=conditions
+ [[ -z conditions ]]
+ [[ ! conditions =~ ^[a-z][a-z0-9-]*$ ]]
+ return 0
+ [[ -n '' ]]
+ seen_fields["$field_name"]=true
+ [[ -n policy-key,subject-type,subject-id,provider-id,priority,enabled ]]
+ schema+=,
+ schema+=conditions
+ for field_name in "$@"
+ stoleus_metadata_validate_field_name tags
+ local field_name=tags
+ [[ -z tags ]]
+ [[ ! tags =~ ^[a-z][a-z0-9-]*$ ]]
+ return 0
+ [[ -n '' ]]
+ seen_fields["$field_name"]=true
+ [[ -n policy-key,subject-type,subject-id,provider-id,priority,enabled,conditions ]]
+ schema+=,
+ schema+=tags
+ [[ -z present ]]
+ STOLEUS_METADATA_COLLECTION_DEFINED["$collection_id"]=true
+ STOLEUS_METADATA_COLLECTION_KEY_FIELDS["$collection_id"]=policy-key
+ STOLEUS_METADATA_COLLECTION_SCHEMAS["$collection_id"]=policy-key,subject-type,subject-id,provider-id,priority,enabled,conditions,tags
+ STOLEUS_METADATA_COLLECTION_FIELD_COUNTS["$collection_id"]=8
+ STOLEUS_METADATA_COLLECTION_ROW_COUNTS["$collection_id"]=0
+ STOLEUS_METADATA_COLLECTION_FROZEN["$collection_id"]=false
+ return 0
+ return 0
+ STOLEUS_PROVIDER_POLICY_REGISTRY_INITIALIZED=true
+ return 0
+ stoleus_provider_selection_initialize
+ [[ false == \t\r\u\e ]]
+ STOLEUS_PROVIDER_SELECTION_INITIALIZED=true
+ return 0
+ stoleus_capability_policy_initialize
+ [[ false == \t\r\u\e ]]
+ STOLEUS_CAPABILITY_POLICY_INITIALIZED=true
+ return 0
+ stoleus_capability_resolver_initialize
+ [[ false == \t\r\u\e ]]
+ stoleus_capability_resolver_reset
+ STOLEUS_CAPABILITY_RESOLVER_CAPABILITY_IDS=()
+ STOLEUS_CAPABILITY_RESOLVER_PROVIDER_PLUGIN_IDS=()
+ STOLEUS_CAPABILITY_RESOLVER_INDEX_BY_CAPABILITY=()
+ STOLEUS_CAPABILITY_RESOLVER_VALIDATED=false
+ return 0
+ STOLEUS_CAPABILITY_RESOLVER_INITIALIZED=true
+ return 0
+ stoleus_resolver_initialize
+ [[ false == \t\r\u\e ]]
+ stoleus_resolver_reset
+ STOLEUS_RESOLVER_RESOLVED_IDS=()
+ STOLEUS_RESOLVER_RESOLVED_INDEXES=()
+ STOLEUS_RESOLVER_RESOLVED_CATEGORIES=()
+ STOLEUS_RESOLVER_INDEX_BY_ID=()
+ STOLEUS_RESOLVER_VALIDATED=false
+ return 0
+ STOLEUS_RESOLVER_INITIALIZED=true
+ return 0
+ stoleus_contract_definition_initialize
+ [[ false == \t\r\u\e ]]
+ STOLEUS_CONTRACT_DEFINITION_ROOTS=()
+ stoleus_contract_definition_reset
+ STOLEUS_CONTRACT_DEFINITION_IDS=()
+ STOLEUS_CONTRACT_DEFINITION_DESCRIPTIONS=()
+ STOLEUS_CONTRACT_DEFINITION_VERSIONS=()
+ STOLEUS_CONTRACT_DEFINITION_PATHS=()
+ STOLEUS_CONTRACT_DEFINITION_OPERATIONS=()
+ STOLEUS_CONTRACT_DEFINITION_OPERATION_DESCRIPTIONS=()
+ STOLEUS_CONTRACT_DEFINITION_INDEX_BY_ID=()
+ STOLEUS_CONTRACT_DEFINITIONS_FROZEN=false
+ stoleus_contract_definition_reset_builder
+ STOLEUS_CONTRACT_BUILD_ACTIVE=false
+ STOLEUS_CONTRACT_BUILD_COMPLETED=false
+ STOLEUS_CONTRACT_BUILD_ID=
+ STOLEUS_CONTRACT_BUILD_DESCRIPTION=
+ STOLEUS_CONTRACT_BUILD_VERSION=
+ STOLEUS_CONTRACT_BUILD_OPERATIONS=()
+ STOLEUS_CONTRACT_BUILD_OPERATION_DESCRIPTIONS=()
+ STOLEUS_CONTRACT_BUILD_OPERATION_SET=()
+ return 0
+ return 0
+ stoleus_contract_definition_add_root /c/Users/ivans/Desktop/Projects/TOOLS/tools/contracts/definitions
+ local root_path=/c/Users/ivans/Desktop/Projects/TOOLS/tools/contracts/definitions
+ local normalized_root=
+ local existing_root=
+ [[ -z /c/Users/ivans/Desktop/Projects/TOOLS/tools/contracts/definitions ]]
+ stoleus_contract_definition_is_frozen
+ [[ false == \t\r\u\e ]]
+ [[ /c/Users/ivans/Desktop/Projects/TOOLS/tools/contracts/definitions == /* ]]
+ normalized_root=/c/Users/ivans/Desktop/Projects/TOOLS/tools/contracts/definitions
+ [[ /c/Users/ivans/Desktop/Projects/TOOLS/tools/contracts/definitions != \/ ]]
+ normalized_root=/c/Users/ivans/Desktop/Projects/TOOLS/tools/contracts/definitions
+ STOLEUS_CONTRACT_DEFINITION_ROOTS+=("$normalized_root")
+ return 0
+ STOLEUS_CONTRACT_DEFINITION_INITIALIZED=true
+ return 0
+ stoleus_contract_registry_initialize
+ [[ false == \t\r\u\e ]]
+ stoleus_contract_registry_reset
+ stoleus_metadata_collection_reset contracts
+ local collection_id=contracts
+ local composite_key=
+ local prefix=
+ [[ -z contracts ]]
+ stoleus_metadata_collection_exists contracts
+ local collection_id=contracts
+ [[ -z contracts ]]
+ [[ -n '' ]]
+ return 0
+ STOLEUS_CONTRACT_REGISTRY_IMPORTED=false
+ STOLEUS_CONTRACT_REGISTRY_READY=false
+ return 0
+ stoleus_contract_registry_create_collection
+ stoleus_metadata_collection_exists contracts
+ local collection_id=contracts
+ [[ -z contracts ]]
+ [[ -n '' ]]
+ stoleus_metadata_collection_create contracts id id version description path operations operation-descriptions
+ local collection_id=contracts
+ local key_field=id
+ local field_name=
+ local schema=
+ seen_fields=()
+ local -A seen_fields
+ stoleus_metadata_validate_collection_id contracts
+ local collection_id=contracts
+ [[ -z contracts ]]
+ [[ ! contracts =~ ^[a-z][a-z0-9-]*$ ]]
+ return 0
+ stoleus_metadata_collection_exists contracts
+ local collection_id=contracts
+ [[ -z contracts ]]
+ [[ -n '' ]]
+ stoleus_metadata_validate_field_name id
+ local field_name=id
+ [[ -z id ]]
+ [[ ! id =~ ^[a-z][a-z0-9-]*$ ]]
+ return 0
+ shift 2
+ ((  6 == 0  ))
+ for field_name in "$@"
+ stoleus_metadata_validate_field_name id
+ local field_name=id
+ [[ -z id ]]
+ [[ ! id =~ ^[a-z][a-z0-9-]*$ ]]
+ return 0
+ [[ -n '' ]]
+ seen_fields["$field_name"]=true
+ [[ -n '' ]]
+ schema+=id
+ for field_name in "$@"
+ stoleus_metadata_validate_field_name version
+ local field_name=version
+ [[ -z version ]]
+ [[ ! version =~ ^[a-z][a-z0-9-]*$ ]]
+ return 0
+ [[ -n '' ]]
+ seen_fields["$field_name"]=true
+ [[ -n id ]]
+ schema+=,
+ schema+=version
+ for field_name in "$@"
+ stoleus_metadata_validate_field_name description
+ local field_name=description
+ [[ -z description ]]
+ [[ ! description =~ ^[a-z][a-z0-9-]*$ ]]
+ return 0
+ [[ -n '' ]]
+ seen_fields["$field_name"]=true
+ [[ -n id,version ]]
+ schema+=,
+ schema+=description
+ for field_name in "$@"
+ stoleus_metadata_validate_field_name path
+ local field_name=path
+ [[ -z path ]]
+ [[ ! path =~ ^[a-z][a-z0-9-]*$ ]]
+ return 0
+ [[ -n '' ]]
+ seen_fields["$field_name"]=true
+ [[ -n id,version,description ]]
+ schema+=,
+ schema+=path
+ for field_name in "$@"
+ stoleus_metadata_validate_field_name operations
+ local field_name=operations
+ [[ -z operations ]]
+ [[ ! operations =~ ^[a-z][a-z0-9-]*$ ]]
+ return 0
+ [[ -n '' ]]
+ seen_fields["$field_name"]=true
+ [[ -n id,version,description,path ]]
+ schema+=,
+ schema+=operations
+ for field_name in "$@"
+ stoleus_metadata_validate_field_name operation-descriptions
+ local field_name=operation-descriptions
+ [[ -z operation-descriptions ]]
+ [[ ! operation-descriptions =~ ^[a-z][a-z0-9-]*$ ]]
+ return 0
+ [[ -n '' ]]
+ seen_fields["$field_name"]=true
+ [[ -n id,version,description,path,operations ]]
+ schema+=,
+ schema+=operation-descriptions
+ [[ -z present ]]
+ STOLEUS_METADATA_COLLECTION_DEFINED["$collection_id"]=true
+ STOLEUS_METADATA_COLLECTION_KEY_FIELDS["$collection_id"]=id
+ STOLEUS_METADATA_COLLECTION_SCHEMAS["$collection_id"]=id,version,description,path,operations,operation-descriptions
+ STOLEUS_METADATA_COLLECTION_FIELD_COUNTS["$collection_id"]=6
+ STOLEUS_METADATA_COLLECTION_ROW_COUNTS["$collection_id"]=0
+ STOLEUS_METADATA_COLLECTION_FROZEN["$collection_id"]=false
+ return 0
+ return 0
+ STOLEUS_CONTRACT_REGISTRY_INITIALIZED=true
+ return 0
+ stoleus_service_registry_initialize
+ [[ false == \t\r\u\e ]]
+ stoleus_service_registry_reset
+ stoleus_metadata_collection_reset service-providers
+ local collection_id=service-providers
+ local composite_key=
+ local prefix=
+ [[ -z service-providers ]]
+ stoleus_metadata_collection_exists service-providers
+ local collection_id=service-providers
+ [[ -z service-providers ]]
+ [[ -n '' ]]
+ return 0
+ STOLEUS_SERVICE_REGISTRY_IMPORTED=false
+ STOLEUS_SERVICE_REGISTRY_READY=false
+ stoleus_service_registry_create_collection
+ stoleus_metadata_collection_exists service-providers
+ local collection_id=service-providers
+ [[ -z service-providers ]]
+ [[ -n '' ]]
+ stoleus_metadata_collection_create service-providers provider-key provider-key service-id provider-plugin-id contract-version priority operation-bindings conditions
+ local collection_id=service-providers
+ local key_field=provider-key
+ local field_name=
+ local schema=
+ seen_fields=()
+ local -A seen_fields
+ stoleus_metadata_validate_collection_id service-providers
+ local collection_id=service-providers
+ [[ -z service-providers ]]
+ [[ ! service-providers =~ ^[a-z][a-z0-9-]*$ ]]
+ return 0
+ stoleus_metadata_collection_exists service-providers
+ local collection_id=service-providers
+ [[ -z service-providers ]]
+ [[ -n '' ]]
+ stoleus_metadata_validate_field_name provider-key
+ local field_name=provider-key
+ [[ -z provider-key ]]
+ [[ ! provider-key =~ ^[a-z][a-z0-9-]*$ ]]
+ return 0
+ shift 2
+ ((  7 == 0  ))
+ for field_name in "$@"
+ stoleus_metadata_validate_field_name provider-key
+ local field_name=provider-key
+ [[ -z provider-key ]]
+ [[ ! provider-key =~ ^[a-z][a-z0-9-]*$ ]]
+ return 0
+ [[ -n '' ]]
+ seen_fields["$field_name"]=true
+ [[ -n '' ]]
+ schema+=provider-key
+ for field_name in "$@"
+ stoleus_metadata_validate_field_name service-id
+ local field_name=service-id
+ [[ -z service-id ]]
+ [[ ! service-id =~ ^[a-z][a-z0-9-]*$ ]]
+ return 0
+ [[ -n '' ]]
+ seen_fields["$field_name"]=true
+ [[ -n provider-key ]]
+ schema+=,
+ schema+=service-id
+ for field_name in "$@"
+ stoleus_metadata_validate_field_name provider-plugin-id
+ local field_name=provider-plugin-id
+ [[ -z provider-plugin-id ]]
+ [[ ! provider-plugin-id =~ ^[a-z][a-z0-9-]*$ ]]
+ return 0
+ [[ -n '' ]]
+ seen_fields["$field_name"]=true
+ [[ -n provider-key,service-id ]]
+ schema+=,
+ schema+=provider-plugin-id
+ for field_name in "$@"
+ stoleus_metadata_validate_field_name contract-version
+ local field_name=contract-version
+ [[ -z contract-version ]]
+ [[ ! contract-version =~ ^[a-z][a-z0-9-]*$ ]]
+ return 0
+ [[ -n '' ]]
+ seen_fields["$field_name"]=true
+ [[ -n provider-key,service-id,provider-plugin-id ]]
+ schema+=,
+ schema+=contract-version
+ for field_name in "$@"
+ stoleus_metadata_validate_field_name priority
+ local field_name=priority
+ [[ -z priority ]]
+ [[ ! priority =~ ^[a-z][a-z0-9-]*$ ]]
+ return 0
+ [[ -n '' ]]
+ seen_fields["$field_name"]=true
+ [[ -n provider-key,service-id,provider-plugin-id,contract-version ]]
+ schema+=,
+ schema+=priority
+ for field_name in "$@"
+ stoleus_metadata_validate_field_name operation-bindings
+ local field_name=operation-bindings
+ [[ -z operation-bindings ]]
+ [[ ! operation-bindings =~ ^[a-z][a-z0-9-]*$ ]]
+ return 0
+ [[ -n '' ]]
+ seen_fields["$field_name"]=true
+ [[ -n provider-key,service-id,provider-plugin-id,contract-version,priority ]]
+ schema+=,
+ schema+=operation-bindings
+ for field_name in "$@"
+ stoleus_metadata_validate_field_name conditions
+ local field_name=conditions
+ [[ -z conditions ]]
+ [[ ! conditions =~ ^[a-z][a-z0-9-]*$ ]]
+ return 0
+ [[ -n '' ]]
+ seen_fields["$field_name"]=true
+ [[ -n provider-key,service-id,provider-plugin-id,contract-version,priority,operation-bindings ]]
+ schema+=,
+ schema+=conditions
+ [[ -z present ]]
+ STOLEUS_METADATA_COLLECTION_DEFINED["$collection_id"]=true
+ STOLEUS_METADATA_COLLECTION_KEY_FIELDS["$collection_id"]=provider-key
+ STOLEUS_METADATA_COLLECTION_SCHEMAS["$collection_id"]=provider-key,service-id,provider-plugin-id,contract-version,priority,operation-bindings,conditions
+ STOLEUS_METADATA_COLLECTION_FIELD_COUNTS["$collection_id"]=7
+ STOLEUS_METADATA_COLLECTION_ROW_COUNTS["$collection_id"]=0
+ STOLEUS_METADATA_COLLECTION_FROZEN["$collection_id"]=false
+ return 0
+ return 0
+ return 0
+ STOLEUS_SERVICE_REGISTRY_INITIALIZED=true
+ return 0
+ stoleus_service_resolver_initialize
+ [[ false == \t\r\u\e ]]
+ stoleus_service_resolver_reset
+ STOLEUS_SERVICE_RESOLVER_SERVICE_IDS=()
+ STOLEUS_SERVICE_RESOLVER_PROVIDER_PLUGIN_IDS=()
+ STOLEUS_SERVICE_RESOLVER_PROVIDER_KEYS=()
+ STOLEUS_SERVICE_RESOLVER_CONTRACT_VERSIONS=()
+ STOLEUS_SERVICE_RESOLVER_PRIORITIES=()
+ STOLEUS_SERVICE_RESOLVER_INDEX_BY_SERVICE=()
+ STOLEUS_SERVICE_RESOLVER_VALIDATED=false
+ STOLEUS_SERVICE_RESOLVER_CONTEXT_GENERATION=0
+ return 0
+ STOLEUS_SERVICE_RESOLVER_INITIALIZED=true
+ return 0
+ stoleus_service_runtime_initialize
+ [[ false == \t\r\u\e ]]
+ stoleus_service_runtime_reset
+ STOLEUS_SERVICE_LAST_SERVICE_ID=
+ STOLEUS_SERVICE_LAST_OPERATION_ID=
+ STOLEUS_SERVICE_LAST_PROVIDER_PLUGIN_ID=
+ STOLEUS_SERVICE_LAST_FUNCTION=
+ STOLEUS_SERVICE_LAST_EXIT_CODE=0
+ return 0
+ STOLEUS_SERVICE_RUNTIME_INITIALIZED=true
+ return 0
+ stoleus_plugin_initialize
+ [[ false == \t\r\u\e ]]
+ stoleus_plugin_reset
+ STOLEUS_PLUGIN_MANAGER_ACTIVE=false
+ return 0
+ STOLEUS_PLUGIN_INITIALIZED=true
+ return 0
+ stoleus_planning_initialize
+ [[ false == \t\r\u\e ]]
+ stoleus_planning_reset
+ STOLEUS_PLANNING_REQUEST_TARGET=
+ STOLEUS_PLANNING_REQUEST_OPERATION=
+ STOLEUS_PLANNING_REQUEST_ARGUMENTS=()
+ stoleus_planning_reset_plan
+ STOLEUS_PLANNING_VISITING=()
+ STOLEUS_PLANNING_RESOLVED=()
+ STOLEUS_PLANNING_TRAVERSAL_STACK=()
+ STOLEUS_PLANNING_PLUGIN_ORDER=()
+ STOLEUS_PLAN_STEP_PLUGIN_IDS=()
+ STOLEUS_PLAN_STEP_REGISTRY_INDEXES=()
+ STOLEUS_PLAN_STEP_STAGES=()
+ STOLEUS_PLAN_STEP_FUNCTIONS=()
+ STOLEUS_PLAN_STEP_RECEIVES_ARGUMENTS=()
+ STOLEUS_PLAN_FROZEN=false
+ return 0
+ return 0
+ STOLEUS_PLANNING_REQUEST_CREATED=false
+ STOLEUS_PLANNING_INITIALIZED=true
+ return 0
+ stoleus_lifecycle_initialize
+ [[ false == \t\r\u\e ]]
+ stoleus_lifecycle_reset
+ STOLEUS_LIFECYCLE_LOADED_PLUGIN_IDS=()
+ STOLEUS_LIFECYCLE_LOADED_IMPLEMENTATIONS=()
+ STOLEUS_LIFECYCLE_LOADED_BY_ID=()
+ return 0
+ STOLEUS_LIFECYCLE_INITIALIZED=true
+ return 0
+ stoleus_execution_initialize
+ [[ false == \t\r\u\e ]]
+ stoleus_execution_result_registry_initialize
+ [[ false == \t\r\u\e ]]
+ stoleus_execution_result_registry_reset
+ stoleus_metadata_collection_reset execution-results
+ local collection_id=execution-results
+ local composite_key=
+ local prefix=
+ [[ -z execution-results ]]
+ stoleus_metadata_collection_exists execution-results
+ local collection_id=execution-results
+ [[ -z execution-results ]]
+ [[ -n '' ]]
+ return 0
+ stoleus_execution_result_registry_create
+ stoleus_metadata_collection_exists execution-results
+ local collection_id=execution-results
+ [[ -z execution-results ]]
+ [[ -n '' ]]
+ stoleus_metadata_collection_create execution-results result-id result-id execution-id mode step-number plugin-id stage function status exit-code started-at finished-at duration-ms
+ local collection_id=execution-results
+ local key_field=result-id
+ local field_name=
+ local schema=
+ seen_fields=()
+ local -A seen_fields
+ stoleus_metadata_validate_collection_id execution-results
+ local collection_id=execution-results
+ [[ -z execution-results ]]
+ [[ ! execution-results =~ ^[a-z][a-z0-9-]*$ ]]
+ return 0
+ stoleus_metadata_collection_exists execution-results
+ local collection_id=execution-results
+ [[ -z execution-results ]]
+ [[ -n '' ]]
+ stoleus_metadata_validate_field_name result-id
+ local field_name=result-id
+ [[ -z result-id ]]
+ [[ ! result-id =~ ^[a-z][a-z0-9-]*$ ]]
+ return 0
+ shift 2
+ ((  12 == 0  ))
+ for field_name in "$@"
+ stoleus_metadata_validate_field_name result-id
+ local field_name=result-id
+ [[ -z result-id ]]
+ [[ ! result-id =~ ^[a-z][a-z0-9-]*$ ]]
+ return 0
+ [[ -n '' ]]
+ seen_fields["$field_name"]=true
+ [[ -n '' ]]
+ schema+=result-id
+ for field_name in "$@"
+ stoleus_metadata_validate_field_name execution-id
+ local field_name=execution-id
+ [[ -z execution-id ]]
+ [[ ! execution-id =~ ^[a-z][a-z0-9-]*$ ]]
+ return 0
+ [[ -n '' ]]
+ seen_fields["$field_name"]=true
+ [[ -n result-id ]]
+ schema+=,
+ schema+=execution-id
+ for field_name in "$@"
+ stoleus_metadata_validate_field_name mode
+ local field_name=mode
+ [[ -z mode ]]
+ [[ ! mode =~ ^[a-z][a-z0-9-]*$ ]]
+ return 0
+ [[ -n '' ]]
+ seen_fields["$field_name"]=true
+ [[ -n result-id,execution-id ]]
+ schema+=,
+ schema+=mode
+ for field_name in "$@"
+ stoleus_metadata_validate_field_name step-number
+ local field_name=step-number
+ [[ -z step-number ]]
+ [[ ! step-number =~ ^[a-z][a-z0-9-]*$ ]]
+ return 0
+ [[ -n '' ]]
+ seen_fields["$field_name"]=true
+ [[ -n result-id,execution-id,mode ]]
+ schema+=,
+ schema+=step-number
+ for field_name in "$@"
+ stoleus_metadata_validate_field_name plugin-id
+ local field_name=plugin-id
+ [[ -z plugin-id ]]
+ [[ ! plugin-id =~ ^[a-z][a-z0-9-]*$ ]]
+ return 0
+ [[ -n '' ]]
+ seen_fields["$field_name"]=true
+ [[ -n result-id,execution-id,mode,step-number ]]
+ schema+=,
+ schema+=plugin-id
+ for field_name in "$@"
+ stoleus_metadata_validate_field_name stage
+ local field_name=stage
+ [[ -z stage ]]
+ [[ ! stage =~ ^[a-z][a-z0-9-]*$ ]]
+ return 0
+ [[ -n '' ]]
+ seen_fields["$field_name"]=true
+ [[ -n result-id,execution-id,mode,step-number,plugin-id ]]
+ schema+=,
+ schema+=stage
+ for field_name in "$@"
+ stoleus_metadata_validate_field_name function
+ local field_name=function
+ [[ -z function ]]
+ [[ ! function =~ ^[a-z][a-z0-9-]*$ ]]
+ return 0
+ [[ -n '' ]]
+ seen_fields["$field_name"]=true
+ [[ -n result-id,execution-id,mode,step-number,plugin-id,stage ]]
+ schema+=,
+ schema+=function
+ for field_name in "$@"
+ stoleus_metadata_validate_field_name status
+ local field_name=status
+ [[ -z status ]]
+ [[ ! status =~ ^[a-z][a-z0-9-]*$ ]]
+ return 0
+ [[ -n '' ]]
+ seen_fields["$field_name"]=true
+ [[ -n result-id,execution-id,mode,step-number,plugin-id,stage,function ]]
+ schema+=,
+ schema+=status
+ for field_name in "$@"
+ stoleus_metadata_validate_field_name exit-code
+ local field_name=exit-code
+ [[ -z exit-code ]]
+ [[ ! exit-code =~ ^[a-z][a-z0-9-]*$ ]]
+ return 0
+ [[ -n '' ]]
+ seen_fields["$field_name"]=true
+ [[ -n result-id,execution-id,mode,step-number,plugin-id,stage,function,status ]]
+ schema+=,
+ schema+=exit-code
+ for field_name in "$@"
+ stoleus_metadata_validate_field_name started-at
+ local field_name=started-at
+ [[ -z started-at ]]
+ [[ ! started-at =~ ^[a-z][a-z0-9-]*$ ]]
+ return 0
+ [[ -n '' ]]
+ seen_fields["$field_name"]=true
+ [[ -n result-id,execution-id,mode,step-number,plugin-id,stage,function,status,exit-code ]]
+ schema+=,
+ schema+=started-at
+ for field_name in "$@"
+ stoleus_metadata_validate_field_name finished-at
+ local field_name=finished-at
+ [[ -z finished-at ]]
+ [[ ! finished-at =~ ^[a-z][a-z0-9-]*$ ]]
+ return 0
+ [[ -n '' ]]
+ seen_fields["$field_name"]=true
+ [[ -n result-id,execution-id,mode,step-number,plugin-id,stage,function,status,exit-code,started-at ]]
+ schema+=,
+ schema+=finished-at
+ for field_name in "$@"
+ stoleus_metadata_validate_field_name duration-ms
+ local field_name=duration-ms
+ [[ -z duration-ms ]]
+ [[ ! duration-ms =~ ^[a-z][a-z0-9-]*$ ]]
+ return 0
+ [[ -n '' ]]
+ seen_fields["$field_name"]=true
+ [[ -n result-id,execution-id,mode,step-number,plugin-id,stage,function,status,exit-code,started-at,finished-at ]]
+ schema+=,
+ schema+=duration-ms
+ [[ -z present ]]
+ STOLEUS_METADATA_COLLECTION_DEFINED["$collection_id"]=true
+ STOLEUS_METADATA_COLLECTION_KEY_FIELDS["$collection_id"]=result-id
+ STOLEUS_METADATA_COLLECTION_SCHEMAS["$collection_id"]=result-id,execution-id,mode,step-number,plugin-id,stage,function,status,exit-code,started-at,finished-at,duration-ms
+ STOLEUS_METADATA_COLLECTION_FIELD_COUNTS["$collection_id"]=12
+ STOLEUS_METADATA_COLLECTION_ROW_COUNTS["$collection_id"]=0
+ STOLEUS_METADATA_COLLECTION_FROZEN["$collection_id"]=false
+ return 0
+ return 0
+ return 0
+ STOLEUS_EXECUTION_RESULT_REGISTRY_INITIALIZED=true
+ return 0
+ stoleus_execution_reset
+ STOLEUS_EXECUTION_RESULT_STEP_NUMBERS=()
+ STOLEUS_EXECUTION_RESULT_PLUGIN_IDS=()
+ STOLEUS_EXECUTION_RESULT_STAGES=()
+ STOLEUS_EXECUTION_RESULT_FUNCTIONS=()
+ STOLEUS_EXECUTION_RESULT_STATUSES=()
+ STOLEUS_EXECUTION_RESULT_EXIT_CODES=()
+ stoleus_execution_result_registry_reset
+ stoleus_metadata_collection_reset execution-results
+ local collection_id=execution-results
+ local composite_key=
+ local prefix=
+ [[ -z execution-results ]]
+ stoleus_metadata_collection_exists execution-results
+ local collection_id=execution-results
+ [[ -z execution-results ]]
+ [[ -n defined ]]
+ prefix='execution-results|'
+ unset 'STOLEUS_METADATA_COLLECTION_DEFINED[$collection_id]'
+ unset 'STOLEUS_METADATA_COLLECTION_KEY_FIELDS[$collection_id]'
+ unset 'STOLEUS_METADATA_COLLECTION_SCHEMAS[$collection_id]'
+ unset 'STOLEUS_METADATA_COLLECTION_FIELD_COUNTS[$collection_id]'
+ unset 'STOLEUS_METADATA_COLLECTION_ROW_COUNTS[$collection_id]'
+ unset 'STOLEUS_METADATA_COLLECTION_FROZEN[$collection_id]'
+ return 0
+ stoleus_execution_result_registry_create
+ stoleus_metadata_collection_exists execution-results
+ local collection_id=execution-results
+ [[ -z execution-results ]]
+ [[ -n '' ]]
+ stoleus_metadata_collection_create execution-results result-id result-id execution-id mode step-number plugin-id stage function status exit-code started-at finished-at duration-ms
+ local collection_id=execution-results
+ local key_field=result-id
+ local field_name=
+ local schema=
+ seen_fields=()
+ local -A seen_fields
+ stoleus_metadata_validate_collection_id execution-results
+ local collection_id=execution-results
+ [[ -z execution-results ]]
+ [[ ! execution-results =~ ^[a-z][a-z0-9-]*$ ]]
+ return 0
+ stoleus_metadata_collection_exists execution-results
+ local collection_id=execution-results
+ [[ -z execution-results ]]
+ [[ -n '' ]]
+ stoleus_metadata_validate_field_name result-id
+ local field_name=result-id
+ [[ -z result-id ]]
+ [[ ! result-id =~ ^[a-z][a-z0-9-]*$ ]]
+ return 0
+ shift 2
+ ((  12 == 0  ))
+ for field_name in "$@"
+ stoleus_metadata_validate_field_name result-id
+ local field_name=result-id
+ [[ -z result-id ]]
+ [[ ! result-id =~ ^[a-z][a-z0-9-]*$ ]]
+ return 0
+ [[ -n '' ]]
+ seen_fields["$field_name"]=true
+ [[ -n '' ]]
+ schema+=result-id
+ for field_name in "$@"
+ stoleus_metadata_validate_field_name execution-id
+ local field_name=execution-id
+ [[ -z execution-id ]]
+ [[ ! execution-id =~ ^[a-z][a-z0-9-]*$ ]]
+ return 0
+ [[ -n '' ]]
+ seen_fields["$field_name"]=true
+ [[ -n result-id ]]
+ schema+=,
+ schema+=execution-id
+ for field_name in "$@"
+ stoleus_metadata_validate_field_name mode
+ local field_name=mode
+ [[ -z mode ]]
+ [[ ! mode =~ ^[a-z][a-z0-9-]*$ ]]
+ return 0
+ [[ -n '' ]]
+ seen_fields["$field_name"]=true
+ [[ -n result-id,execution-id ]]
+ schema+=,
+ schema+=mode
+ for field_name in "$@"
+ stoleus_metadata_validate_field_name step-number
+ local field_name=step-number
+ [[ -z step-number ]]
+ [[ ! step-number =~ ^[a-z][a-z0-9-]*$ ]]
+ return 0
+ [[ -n '' ]]
+ seen_fields["$field_name"]=true
+ [[ -n result-id,execution-id,mode ]]
+ schema+=,
+ schema+=step-number
+ for field_name in "$@"
+ stoleus_metadata_validate_field_name plugin-id
+ local field_name=plugin-id
+ [[ -z plugin-id ]]
+ [[ ! plugin-id =~ ^[a-z][a-z0-9-]*$ ]]
+ return 0
+ [[ -n '' ]]
+ seen_fields["$field_name"]=true
+ [[ -n result-id,execution-id,mode,step-number ]]
+ schema+=,
+ schema+=plugin-id
+ for field_name in "$@"
+ stoleus_metadata_validate_field_name stage
+ local field_name=stage
+ [[ -z stage ]]
+ [[ ! stage =~ ^[a-z][a-z0-9-]*$ ]]
+ return 0
+ [[ -n '' ]]
+ seen_fields["$field_name"]=true
+ [[ -n result-id,execution-id,mode,step-number,plugin-id ]]
+ schema+=,
+ schema+=stage
+ for field_name in "$@"
+ stoleus_metadata_validate_field_name function
+ local field_name=function
+ [[ -z function ]]
+ [[ ! function =~ ^[a-z][a-z0-9-]*$ ]]
+ return 0
+ [[ -n '' ]]
+ seen_fields["$field_name"]=true
+ [[ -n result-id,execution-id,mode,step-number,plugin-id,stage ]]
+ schema+=,
+ schema+=function
+ for field_name in "$@"
+ stoleus_metadata_validate_field_name status
+ local field_name=status
+ [[ -z status ]]
+ [[ ! status =~ ^[a-z][a-z0-9-]*$ ]]
+ return 0
+ [[ -n '' ]]
+ seen_fields["$field_name"]=true
+ [[ -n result-id,execution-id,mode,step-number,plugin-id,stage,function ]]
+ schema+=,
+ schema+=status
+ for field_name in "$@"
+ stoleus_metadata_validate_field_name exit-code
+ local field_name=exit-code
+ [[ -z exit-code ]]
+ [[ ! exit-code =~ ^[a-z][a-z0-9-]*$ ]]
+ return 0
+ [[ -n '' ]]
+ seen_fields["$field_name"]=true
+ [[ -n result-id,execution-id,mode,step-number,plugin-id,stage,function,status ]]
+ schema+=,
+ schema+=exit-code
+ for field_name in "$@"
+ stoleus_metadata_validate_field_name started-at
+ local field_name=started-at
+ [[ -z started-at ]]
+ [[ ! started-at =~ ^[a-z][a-z0-9-]*$ ]]
+ return 0
+ [[ -n '' ]]
+ seen_fields["$field_name"]=true
+ [[ -n result-id,execution-id,mode,step-number,plugin-id,stage,function,status,exit-code ]]
+ schema+=,
+ schema+=started-at
+ for field_name in "$@"
+ stoleus_metadata_validate_field_name finished-at
+ local field_name=finished-at
+ [[ -z finished-at ]]
+ [[ ! finished-at =~ ^[a-z][a-z0-9-]*$ ]]
+ return 0
+ [[ -n '' ]]
+ seen_fields["$field_name"]=true
+ [[ -n result-id,execution-id,mode,step-number,plugin-id,stage,function,status,exit-code,started-at ]]
+ schema+=,
+ schema+=finished-at
+ for field_name in "$@"
+ stoleus_metadata_validate_field_name duration-ms
+ local field_name=duration-ms
+ [[ -z duration-ms ]]
+ [[ ! duration-ms =~ ^[a-z][a-z0-9-]*$ ]]
+ return 0
+ [[ -n '' ]]
+ seen_fields["$field_name"]=true
+ [[ -n result-id,execution-id,mode,step-number,plugin-id,stage,function,status,exit-code,started-at,finished-at ]]
+ schema+=,
+ schema+=duration-ms
+ [[ -z present ]]
+ STOLEUS_METADATA_COLLECTION_DEFINED["$collection_id"]=true
+ STOLEUS_METADATA_COLLECTION_KEY_FIELDS["$collection_id"]=result-id
+ STOLEUS_METADATA_COLLECTION_SCHEMAS["$collection_id"]=result-id,execution-id,mode,step-number,plugin-id,stage,function,status,exit-code,started-at,finished-at,duration-ms
+ STOLEUS_METADATA_COLLECTION_FIELD_COUNTS["$collection_id"]=12
+ STOLEUS_METADATA_COLLECTION_ROW_COUNTS["$collection_id"]=0
+ STOLEUS_METADATA_COLLECTION_FROZEN["$collection_id"]=false
+ return 0
+ return 0
+ return 0
+ STOLEUS_EXECUTION_STARTED=false
+ STOLEUS_EXECUTION_COMPLETED=false
+ STOLEUS_EXECUTION_SUCCEEDED=false
+ STOLEUS_EXECUTION_SESSION_ID=
+ STOLEUS_EXECUTION_SESSION_MODE=execute
+ STOLEUS_EXECUTION_SESSION_FAILURE_POLICY=stop
+ STOLEUS_EXECUTION_SESSION_STATUS=not-started
+ STOLEUS_EXECUTION_SESSION_TARGET=
+ STOLEUS_EXECUTION_SESSION_OPERATION=
+ STOLEUS_EXECUTION_SESSION_STARTED_AT=
+ STOLEUS_EXECUTION_SESSION_FINISHED_AT=
+ STOLEUS_EXECUTION_SESSION_CURRENT_STEP=0
+ STOLEUS_EXECUTION_SESSION_TOTAL_STEPS=0
+ STOLEUS_EXECUTION_SESSION_FAILED_STEP_COUNT=0
+ STOLEUS_EXECUTION_SESSION_EXIT_CODE=0
+ STOLEUS_EXECUTION_SESSION_AUTOMATIC_ROLLBACK=false
+ STOLEUS_EXECUTION_SESSION_ROLLBACK_ATTEMPTED=false
+ STOLEUS_EXECUTION_SESSION_ROLLBACK_STATUS=not-requested
+ STOLEUS_EXECUTION_SESSION_ROLLBACK_EXIT_CODE=0
+ return 0
+ STOLEUS_EXECUTION_INITIALIZED=true
+ return 0
+ stoleus_execution_coordinator_initialize
+ [[ false == \t\r\u\e ]]
+ STOLEUS_EXECUTION_COORDINATOR_INITIALIZED=true
+ return 0
+ stoleus_api_initialize
+ [[ false == \t\r\u\e ]]
+ stoleus_api_reset
+ STOLEUS_API_FUNCTIONS=()
+ STOLEUS_API_SUBSYSTEMS=()
+ STOLEUS_API_VISIBILITIES=()
+ STOLEUS_API_STABILITIES=()
+ STOLEUS_API_OWNERS=()
+ STOLEUS_API_INDEX_BY_FUNCTION=()
+ STOLEUS_API_REGISTERED=false
+ STOLEUS_API_VALIDATED=false
+ return 0
+ stoleus_api_register_defaults
+ stoleus_api_register kernel stoleus_kernel_initialize public stable kernel/kernel.sh
+ local subsystem=kernel
+ local function_name=stoleus_kernel_initialize
+ local visibility=public
+ local stability=stable
+ local owner=kernel/kernel.sh
+ local api_index=0
+ stoleus_api_validate_identifier kernel subsystem
+ local value=kernel
+ local label=subsystem
+ [[ -z kernel ]]
+ [[ ! kernel =~ ^[a-z][a-z0-9-]*$ ]]
+ return 0
+ [[ -z stoleus_kernel_initialize ]]
+ [[ ! stoleus_kernel_initialize =~ ^stoleus_[a-zA-Z0-9_]+$ ]]
+ case "$visibility" in
+ case "$stability" in
+ [[ -z kernel/kernel.sh ]]
+ stoleus_api_exists stoleus_kernel_initialize
+ local function_name=stoleus_kernel_initialize
+ [[ -z stoleus_kernel_initialize ]]
+ [[ -n '' ]]
+ api_index=0
+ STOLEUS_API_FUNCTIONS+=("$function_name")
+ STOLEUS_API_SUBSYSTEMS+=("$subsystem")
+ STOLEUS_API_VISIBILITIES+=("$visibility")
+ STOLEUS_API_STABILITIES+=("$stability")
+ STOLEUS_API_OWNERS+=("$owner")
+ STOLEUS_API_INDEX_BY_FUNCTION["$function_name"]=0
+ return 0
+ stoleus_api_register kernel stoleus_kernel_bootstrap public stable kernel/kernel.sh
+ local subsystem=kernel
+ local function_name=stoleus_kernel_bootstrap
+ local visibility=public
+ local stability=stable
+ local owner=kernel/kernel.sh
+ local api_index=0
+ stoleus_api_validate_identifier kernel subsystem
+ local value=kernel
+ local label=subsystem
+ [[ -z kernel ]]
+ [[ ! kernel =~ ^[a-z][a-z0-9-]*$ ]]
+ return 0
+ [[ -z stoleus_kernel_bootstrap ]]
+ [[ ! stoleus_kernel_bootstrap =~ ^stoleus_[a-zA-Z0-9_]+$ ]]
+ case "$visibility" in
+ case "$stability" in
+ [[ -z kernel/kernel.sh ]]
+ stoleus_api_exists stoleus_kernel_bootstrap
+ local function_name=stoleus_kernel_bootstrap
+ [[ -z stoleus_kernel_bootstrap ]]
+ [[ -n '' ]]
+ api_index=1
+ STOLEUS_API_FUNCTIONS+=("$function_name")
+ STOLEUS_API_SUBSYSTEMS+=("$subsystem")
+ STOLEUS_API_VISIBILITIES+=("$visibility")
+ STOLEUS_API_STABILITIES+=("$stability")
+ STOLEUS_API_OWNERS+=("$owner")
+ STOLEUS_API_INDEX_BY_FUNCTION["$function_name"]=1
+ return 0
+ stoleus_api_register kernel stoleus_kernel_is_ready public stable kernel/kernel.sh
+ local subsystem=kernel
+ local function_name=stoleus_kernel_is_ready
+ local visibility=public
+ local stability=stable
+ local owner=kernel/kernel.sh
+ local api_index=0
+ stoleus_api_validate_identifier kernel subsystem
+ local value=kernel
+ local label=subsystem
+ [[ -z kernel ]]
+ [[ ! kernel =~ ^[a-z][a-z0-9-]*$ ]]
+ return 0
+ [[ -z stoleus_kernel_is_ready ]]
+ [[ ! stoleus_kernel_is_ready =~ ^stoleus_[a-zA-Z0-9_]+$ ]]
+ case "$visibility" in
+ case "$stability" in
+ [[ -z kernel/kernel.sh ]]
+ stoleus_api_exists stoleus_kernel_is_ready
+ local function_name=stoleus_kernel_is_ready
+ [[ -z stoleus_kernel_is_ready ]]
+ [[ -n '' ]]
+ api_index=2
+ STOLEUS_API_FUNCTIONS+=("$function_name")
+ STOLEUS_API_SUBSYSTEMS+=("$subsystem")
+ STOLEUS_API_VISIBILITIES+=("$visibility")
+ STOLEUS_API_STABILITIES+=("$stability")
+ STOLEUS_API_OWNERS+=("$owner")
+ STOLEUS_API_INDEX_BY_FUNCTION["$function_name"]=2
+ return 0
+ stoleus_api_register kernel stoleus_kernel_get_status public stable kernel/kernel.sh
+ local subsystem=kernel
+ local function_name=stoleus_kernel_get_status
+ local visibility=public
+ local stability=stable
+ local owner=kernel/kernel.sh
+ local api_index=0
+ stoleus_api_validate_identifier kernel subsystem
+ local value=kernel
+ local label=subsystem
+ [[ -z kernel ]]
+ [[ ! kernel =~ ^[a-z][a-z0-9-]*$ ]]
+ return 0
+ [[ -z stoleus_kernel_get_status ]]
+ [[ ! stoleus_kernel_get_status =~ ^stoleus_[a-zA-Z0-9_]+$ ]]
+ case "$visibility" in
+ case "$stability" in
+ [[ -z kernel/kernel.sh ]]
+ stoleus_api_exists stoleus_kernel_get_status
+ local function_name=stoleus_kernel_get_status
+ [[ -z stoleus_kernel_get_status ]]
+ [[ -n '' ]]
+ api_index=3
+ STOLEUS_API_FUNCTIONS+=("$function_name")
+ STOLEUS_API_SUBSYSTEMS+=("$subsystem")
+ STOLEUS_API_VISIBILITIES+=("$visibility")
+ STOLEUS_API_STABILITIES+=("$stability")
+ STOLEUS_API_OWNERS+=("$owner")
+ STOLEUS_API_INDEX_BY_FUNCTION["$function_name"]=3
+ return 0
+ stoleus_api_register context stoleus_context_initialize internal internal kernel/context/context.sh
+ local subsystem=context
+ local function_name=stoleus_context_initialize
+ local visibility=internal
+ local stability=internal
+ local owner=kernel/context/context.sh
+ local api_index=0
+ stoleus_api_validate_identifier context subsystem
+ local value=context
+ local label=subsystem
+ [[ -z context ]]
+ [[ ! context =~ ^[a-z][a-z0-9-]*$ ]]
+ return 0
+ [[ -z stoleus_context_initialize ]]
+ [[ ! stoleus_context_initialize =~ ^stoleus_[a-zA-Z0-9_]+$ ]]
+ case "$visibility" in
+ case "$stability" in
+ [[ -z kernel/context/context.sh ]]
+ stoleus_api_exists stoleus_context_initialize
+ local function_name=stoleus_context_initialize
+ [[ -z stoleus_context_initialize ]]
+ [[ -n '' ]]
+ api_index=4
+ STOLEUS_API_FUNCTIONS+=("$function_name")
+ STOLEUS_API_SUBSYSTEMS+=("$subsystem")
+ STOLEUS_API_VISIBILITIES+=("$visibility")
+ STOLEUS_API_STABILITIES+=("$stability")
+ STOLEUS_API_OWNERS+=("$owner")
+ STOLEUS_API_INDEX_BY_FUNCTION["$function_name"]=4
+ return 0
+ stoleus_api_register context stoleus_context_set public experimental kernel/context/context.sh
+ local subsystem=context
+ local function_name=stoleus_context_set
+ local visibility=public
+ local stability=experimental
+ local owner=kernel/context/context.sh
+ local api_index=0
+ stoleus_api_validate_identifier context subsystem
+ local value=context
+ local label=subsystem
+ [[ -z context ]]
+ [[ ! context =~ ^[a-z][a-z0-9-]*$ ]]
+ return 0
+ [[ -z stoleus_context_set ]]
+ [[ ! stoleus_context_set =~ ^stoleus_[a-zA-Z0-9_]+$ ]]
+ case "$visibility" in
+ case "$stability" in
+ [[ -z kernel/context/context.sh ]]
+ stoleus_api_exists stoleus_context_set
+ local function_name=stoleus_context_set
+ [[ -z stoleus_context_set ]]
+ [[ -n '' ]]
+ api_index=5
+ STOLEUS_API_FUNCTIONS+=("$function_name")
+ STOLEUS_API_SUBSYSTEMS+=("$subsystem")
+ STOLEUS_API_VISIBILITIES+=("$visibility")
+ STOLEUS_API_STABILITIES+=("$stability")
+ STOLEUS_API_OWNERS+=("$owner")
+ STOLEUS_API_INDEX_BY_FUNCTION["$function_name"]=5
+ return 0
+ stoleus_api_register context stoleus_context_get public experimental kernel/context/context.sh
+ local subsystem=context
+ local function_name=stoleus_context_get
+ local visibility=public
+ local stability=experimental
+ local owner=kernel/context/context.sh
+ local api_index=0
+ stoleus_api_validate_identifier context subsystem
+ local value=context
+ local label=subsystem
+ [[ -z context ]]
+ [[ ! context =~ ^[a-z][a-z0-9-]*$ ]]
+ return 0
+ [[ -z stoleus_context_get ]]
+ [[ ! stoleus_context_get =~ ^stoleus_[a-zA-Z0-9_]+$ ]]
+ case "$visibility" in
+ case "$stability" in
+ [[ -z kernel/context/context.sh ]]
+ stoleus_api_exists stoleus_context_get
+ local function_name=stoleus_context_get
+ [[ -z stoleus_context_get ]]
+ [[ -n '' ]]
+ api_index=6
+ STOLEUS_API_FUNCTIONS+=("$function_name")
+ STOLEUS_API_SUBSYSTEMS+=("$subsystem")
+ STOLEUS_API_VISIBILITIES+=("$visibility")
+ STOLEUS_API_STABILITIES+=("$stability")
+ STOLEUS_API_OWNERS+=("$owner")
+ STOLEUS_API_INDEX_BY_FUNCTION["$function_name"]=6
+ return 0
+ stoleus_api_register context stoleus_context_contains public experimental kernel/context/context.sh
+ local subsystem=context
+ local function_name=stoleus_context_contains
+ local visibility=public
+ local stability=experimental
+ local owner=kernel/context/context.sh
+ local api_index=0
+ stoleus_api_validate_identifier context subsystem
+ local value=context
+ local label=subsystem
+ [[ -z context ]]
+ [[ ! context =~ ^[a-z][a-z0-9-]*$ ]]
+ return 0
+ [[ -z stoleus_context_contains ]]
+ [[ ! stoleus_context_contains =~ ^stoleus_[a-zA-Z0-9_]+$ ]]
+ case "$visibility" in
+ case "$stability" in
+ [[ -z kernel/context/context.sh ]]
+ stoleus_api_exists stoleus_context_contains
+ local function_name=stoleus_context_contains
+ [[ -z stoleus_context_contains ]]
+ [[ -n '' ]]
+ api_index=7
+ STOLEUS_API_FUNCTIONS+=("$function_name")
+ STOLEUS_API_SUBSYSTEMS+=("$subsystem")
+ STOLEUS_API_VISIBILITIES+=("$visibility")
+ STOLEUS_API_STABILITIES+=("$stability")
+ STOLEUS_API_OWNERS+=("$owner")
+ STOLEUS_API_INDEX_BY_FUNCTION["$function_name"]=7
+ return 0
+ stoleus_api_register context stoleus_context_list public experimental kernel/context/context.sh
+ local subsystem=context
+ local function_name=stoleus_context_list
+ local visibility=public
+ local stability=experimental
+ local owner=kernel/context/context.sh
+ local api_index=0
+ stoleus_api_validate_identifier context subsystem
+ local value=context
+ local label=subsystem
+ [[ -z context ]]
+ [[ ! context =~ ^[a-z][a-z0-9-]*$ ]]
+ return 0
+ [[ -z stoleus_context_list ]]
+ [[ ! stoleus_context_list =~ ^stoleus_[a-zA-Z0-9_]+$ ]]
+ case "$visibility" in
+ case "$stability" in
+ [[ -z kernel/context/context.sh ]]
+ stoleus_api_exists stoleus_context_list
+ local function_name=stoleus_context_list
+ [[ -z stoleus_context_list ]]
+ [[ -n '' ]]
+ api_index=8
+ STOLEUS_API_FUNCTIONS+=("$function_name")
+ STOLEUS_API_SUBSYSTEMS+=("$subsystem")
+ STOLEUS_API_VISIBILITIES+=("$visibility")
+ STOLEUS_API_STABILITIES+=("$stability")
+ STOLEUS_API_OWNERS+=("$owner")
+ STOLEUS_API_INDEX_BY_FUNCTION["$function_name"]=8
+ return 0
+ stoleus_api_register context stoleus_context_matches_conditions internal internal kernel/context/context.sh
+ local subsystem=context
+ local function_name=stoleus_context_matches_conditions
+ local visibility=internal
+ local stability=internal
+ local owner=kernel/context/context.sh
+ local api_index=0
+ stoleus_api_validate_identifier context subsystem
+ local value=context
+ local label=subsystem
+ [[ -z context ]]
+ [[ ! context =~ ^[a-z][a-z0-9-]*$ ]]
+ return 0
+ [[ -z stoleus_context_matches_conditions ]]
+ [[ ! stoleus_context_matches_conditions =~ ^stoleus_[a-zA-Z0-9_]+$ ]]
+ case "$visibility" in
+ case "$stability" in
+ [[ -z kernel/context/context.sh ]]
+ stoleus_api_exists stoleus_context_matches_conditions
+ local function_name=stoleus_context_matches_conditions
+ [[ -z stoleus_context_matches_conditions ]]
+ [[ -n '' ]]
+ api_index=9
+ STOLEUS_API_FUNCTIONS+=("$function_name")
+ STOLEUS_API_SUBSYSTEMS+=("$subsystem")
+ STOLEUS_API_VISIBILITIES+=("$visibility")
+ STOLEUS_API_STABILITIES+=("$stability")
+ STOLEUS_API_OWNERS+=("$owner")
+ STOLEUS_API_INDEX_BY_FUNCTION["$function_name"]=9
+ return 0
+ stoleus_api_register context stoleus_context_set_provider_override public experimental kernel/context/context.sh
+ local subsystem=context
+ local function_name=stoleus_context_set_provider_override
+ local visibility=public
+ local stability=experimental
+ local owner=kernel/context/context.sh
+ local api_index=0
+ stoleus_api_validate_identifier context subsystem
+ local value=context
+ local label=subsystem
+ [[ -z context ]]
+ [[ ! context =~ ^[a-z][a-z0-9-]*$ ]]
+ return 0
+ [[ -z stoleus_context_set_provider_override ]]
+ [[ ! stoleus_context_set_provider_override =~ ^stoleus_[a-zA-Z0-9_]+$ ]]
+ case "$visibility" in
+ case "$stability" in
+ [[ -z kernel/context/context.sh ]]
+ stoleus_api_exists stoleus_context_set_provider_override
+ local function_name=stoleus_context_set_provider_override
+ [[ -z stoleus_context_set_provider_override ]]
+ [[ -n '' ]]
+ api_index=10
+ STOLEUS_API_FUNCTIONS+=("$function_name")
+ STOLEUS_API_SUBSYSTEMS+=("$subsystem")
+ STOLEUS_API_VISIBILITIES+=("$visibility")
+ STOLEUS_API_STABILITIES+=("$stability")
+ STOLEUS_API_OWNERS+=("$owner")
+ STOLEUS_API_INDEX_BY_FUNCTION["$function_name"]=10
+ return 0
+ stoleus_api_register context stoleus_context_get_provider_override public experimental kernel/context/context.sh
+ local subsystem=context
+ local function_name=stoleus_context_get_provider_override
+ local visibility=public
+ local stability=experimental
+ local owner=kernel/context/context.sh
+ local api_index=0
+ stoleus_api_validate_identifier context subsystem
+ local value=context
+ local label=subsystem
+ [[ -z context ]]
+ [[ ! context =~ ^[a-z][a-z0-9-]*$ ]]
+ return 0
+ [[ -z stoleus_context_get_provider_override ]]
+ [[ ! stoleus_context_get_provider_override =~ ^stoleus_[a-zA-Z0-9_]+$ ]]
+ case "$visibility" in
+ case "$stability" in
+ [[ -z kernel/context/context.sh ]]
+ stoleus_api_exists stoleus_context_get_provider_override
+ local function_name=stoleus_context_get_provider_override
+ [[ -z stoleus_context_get_provider_override ]]
+ [[ -n '' ]]
+ api_index=11
+ STOLEUS_API_FUNCTIONS+=("$function_name")
+ STOLEUS_API_SUBSYSTEMS+=("$subsystem")
+ STOLEUS_API_VISIBILITIES+=("$visibility")
+ STOLEUS_API_STABILITIES+=("$stability")
+ STOLEUS_API_OWNERS+=("$owner")
+ STOLEUS_API_INDEX_BY_FUNCTION["$function_name"]=11
+ return 0
+ stoleus_api_register context stoleus_context_clear_provider_override public experimental kernel/context/context.sh
+ local subsystem=context
+ local function_name=stoleus_context_clear_provider_override
+ local visibility=public
+ local stability=experimental
+ local owner=kernel/context/context.sh
+ local api_index=0
+ stoleus_api_validate_identifier context subsystem
+ local value=context
+ local label=subsystem
+ [[ -z context ]]
+ [[ ! context =~ ^[a-z][a-z0-9-]*$ ]]
+ return 0
+ [[ -z stoleus_context_clear_provider_override ]]
+ [[ ! stoleus_context_clear_provider_override =~ ^stoleus_[a-zA-Z0-9_]+$ ]]
+ case "$visibility" in
+ case "$stability" in
+ [[ -z kernel/context/context.sh ]]
+ stoleus_api_exists stoleus_context_clear_provider_override
+ local function_name=stoleus_context_clear_provider_override
+ [[ -z stoleus_context_clear_provider_override ]]
+ [[ -n '' ]]
+ api_index=12
+ STOLEUS_API_FUNCTIONS+=("$function_name")
+ STOLEUS_API_SUBSYSTEMS+=("$subsystem")
+ STOLEUS_API_VISIBILITIES+=("$visibility")
+ STOLEUS_API_STABILITIES+=("$stability")
+ STOLEUS_API_OWNERS+=("$owner")
+ STOLEUS_API_INDEX_BY_FUNCTION["$function_name"]=12
+ return 0
+ stoleus_api_register context stoleus_context_list_provider_overrides public experimental kernel/context/context.sh
+ local subsystem=context
+ local function_name=stoleus_context_list_provider_overrides
+ local visibility=public
+ local stability=experimental
+ local owner=kernel/context/context.sh
+ local api_index=0
+ stoleus_api_validate_identifier context subsystem
+ local value=context
+ local label=subsystem
+ [[ -z context ]]
+ [[ ! context =~ ^[a-z][a-z0-9-]*$ ]]
+ return 0
+ [[ -z stoleus_context_list_provider_overrides ]]
+ [[ ! stoleus_context_list_provider_overrides =~ ^stoleus_[a-zA-Z0-9_]+$ ]]
+ case "$visibility" in
+ case "$stability" in
+ [[ -z kernel/context/context.sh ]]
+ stoleus_api_exists stoleus_context_list_provider_overrides
+ local function_name=stoleus_context_list_provider_overrides
+ [[ -z stoleus_context_list_provider_overrides ]]
+ [[ -n '' ]]
+ api_index=13
+ STOLEUS_API_FUNCTIONS+=("$function_name")
+ STOLEUS_API_SUBSYSTEMS+=("$subsystem")
+ STOLEUS_API_VISIBILITIES+=("$visibility")
+ STOLEUS_API_STABILITIES+=("$stability")
+ STOLEUS_API_OWNERS+=("$owner")
+ STOLEUS_API_INDEX_BY_FUNCTION["$function_name"]=13
+ return 0
+ stoleus_api_register context stoleus_context_get_generation public experimental kernel/context/context.sh
+ local subsystem=context
+ local function_name=stoleus_context_get_generation
+ local visibility=public
+ local stability=experimental
+ local owner=kernel/context/context.sh
+ local api_index=0
+ stoleus_api_validate_identifier context subsystem
+ local value=context
+ local label=subsystem
+ [[ -z context ]]
+ [[ ! context =~ ^[a-z][a-z0-9-]*$ ]]
+ return 0
+ [[ -z stoleus_context_get_generation ]]
+ [[ ! stoleus_context_get_generation =~ ^stoleus_[a-zA-Z0-9_]+$ ]]
+ case "$visibility" in
+ case "$stability" in
+ [[ -z kernel/context/context.sh ]]
+ stoleus_api_exists stoleus_context_get_generation
+ local function_name=stoleus_context_get_generation
+ [[ -z stoleus_context_get_generation ]]
+ [[ -n '' ]]
+ api_index=14
+ STOLEUS_API_FUNCTIONS+=("$function_name")
+ STOLEUS_API_SUBSYSTEMS+=("$subsystem")
+ STOLEUS_API_VISIBILITIES+=("$visibility")
+ STOLEUS_API_STABILITIES+=("$stability")
+ STOLEUS_API_OWNERS+=("$owner")
+ STOLEUS_API_INDEX_BY_FUNCTION["$function_name"]=14
+ return 0
+ stoleus_api_register context stoleus_context_reset public experimental kernel/context/context.sh
+ local subsystem=context
+ local function_name=stoleus_context_reset
+ local visibility=public
+ local stability=experimental
+ local owner=kernel/context/context.sh
+ local api_index=0
+ stoleus_api_validate_identifier context subsystem
+ local value=context
+ local label=subsystem
+ [[ -z context ]]
+ [[ ! context =~ ^[a-z][a-z0-9-]*$ ]]
+ return 0
+ [[ -z stoleus_context_reset ]]
+ [[ ! stoleus_context_reset =~ ^stoleus_[a-zA-Z0-9_]+$ ]]
+ case "$visibility" in
+ case "$stability" in
+ [[ -z kernel/context/context.sh ]]
+ stoleus_api_exists stoleus_context_reset
+ local function_name=stoleus_context_reset
+ [[ -z stoleus_context_reset ]]
+ [[ -n '' ]]
+ api_index=15
+ STOLEUS_API_FUNCTIONS+=("$function_name")
+ STOLEUS_API_SUBSYSTEMS+=("$subsystem")
+ STOLEUS_API_VISIBILITIES+=("$visibility")
+ STOLEUS_API_STABILITIES+=("$stability")
+ STOLEUS_API_OWNERS+=("$owner")
+ STOLEUS_API_INDEX_BY_FUNCTION["$function_name"]=15
+ return 0
+ stoleus_api_register context stoleus_context_set_capability_provider_override public experimental kernel/context/context.sh
+ local subsystem=context
+ local function_name=stoleus_context_set_capability_provider_override
+ local visibility=public
+ local stability=experimental
+ local owner=kernel/context/context.sh
+ local api_index=0
+ stoleus_api_validate_identifier context subsystem
+ local value=context
+ local label=subsystem
+ [[ -z context ]]
+ [[ ! context =~ ^[a-z][a-z0-9-]*$ ]]
+ return 0
+ [[ -z stoleus_context_set_capability_provider_override ]]
+ [[ ! stoleus_context_set_capability_provider_override =~ ^stoleus_[a-zA-Z0-9_]+$ ]]
+ case "$visibility" in
+ case "$stability" in
+ [[ -z kernel/context/context.sh ]]
+ stoleus_api_exists stoleus_context_set_capability_provider_override
+ local function_name=stoleus_context_set_capability_provider_override
+ [[ -z stoleus_context_set_capability_provider_override ]]
+ [[ -n '' ]]
+ api_index=16
+ STOLEUS_API_FUNCTIONS+=("$function_name")
+ STOLEUS_API_SUBSYSTEMS+=("$subsystem")
+ STOLEUS_API_VISIBILITIES+=("$visibility")
+ STOLEUS_API_STABILITIES+=("$stability")
+ STOLEUS_API_OWNERS+=("$owner")
+ STOLEUS_API_INDEX_BY_FUNCTION["$function_name"]=16
+ return 0
+ stoleus_api_register context stoleus_context_get_capability_provider_override public experimental kernel/context/context.sh
+ local subsystem=context
+ local function_name=stoleus_context_get_capability_provider_override
+ local visibility=public
+ local stability=experimental
+ local owner=kernel/context/context.sh
+ local api_index=0
+ stoleus_api_validate_identifier context subsystem
+ local value=context
+ local label=subsystem
+ [[ -z context ]]
+ [[ ! context =~ ^[a-z][a-z0-9-]*$ ]]
+ return 0
+ [[ -z stoleus_context_get_capability_provider_override ]]
+ [[ ! stoleus_context_get_capability_provider_override =~ ^stoleus_[a-zA-Z0-9_]+$ ]]
+ case "$visibility" in
+ case "$stability" in
+ [[ -z kernel/context/context.sh ]]
+ stoleus_api_exists stoleus_context_get_capability_provider_override
+ local function_name=stoleus_context_get_capability_provider_override
+ [[ -z stoleus_context_get_capability_provider_override ]]
+ [[ -n '' ]]
+ api_index=17
+ STOLEUS_API_FUNCTIONS+=("$function_name")
+ STOLEUS_API_SUBSYSTEMS+=("$subsystem")
+ STOLEUS_API_VISIBILITIES+=("$visibility")
+ STOLEUS_API_STABILITIES+=("$stability")
+ STOLEUS_API_OWNERS+=("$owner")
+ STOLEUS_API_INDEX_BY_FUNCTION["$function_name"]=17
+ return 0
+ stoleus_api_register context stoleus_context_clear_capability_provider_override public experimental kernel/context/context.sh
+ local subsystem=context
+ local function_name=stoleus_context_clear_capability_provider_override
+ local visibility=public
+ local stability=experimental
+ local owner=kernel/context/context.sh
+ local api_index=0
+ stoleus_api_validate_identifier context subsystem
+ local value=context
+ local label=subsystem
+ [[ -z context ]]
+ [[ ! context =~ ^[a-z][a-z0-9-]*$ ]]
+ return 0
+ [[ -z stoleus_context_clear_capability_provider_override ]]
+ [[ ! stoleus_context_clear_capability_provider_override =~ ^stoleus_[a-zA-Z0-9_]+$ ]]
+ case "$visibility" in
+ case "$stability" in
+ [[ -z kernel/context/context.sh ]]
+ stoleus_api_exists stoleus_context_clear_capability_provider_override
+ local function_name=stoleus_context_clear_capability_provider_override
+ [[ -z stoleus_context_clear_capability_provider_override ]]
+ [[ -n '' ]]
+ api_index=18
+ STOLEUS_API_FUNCTIONS+=("$function_name")
+ STOLEUS_API_SUBSYSTEMS+=("$subsystem")
+ STOLEUS_API_VISIBILITIES+=("$visibility")
+ STOLEUS_API_STABILITIES+=("$stability")
+ STOLEUS_API_OWNERS+=("$owner")
+ STOLEUS_API_INDEX_BY_FUNCTION["$function_name"]=18
+ return 0
+ stoleus_api_register context stoleus_context_list_capability_provider_overrides public experimental kernel/context/context.sh
+ local subsystem=context
+ local function_name=stoleus_context_list_capability_provider_overrides
+ local visibility=public
+ local stability=experimental
+ local owner=kernel/context/context.sh
+ local api_index=0
+ stoleus_api_validate_identifier context subsystem
+ local value=context
+ local label=subsystem
+ [[ -z context ]]
+ [[ ! context =~ ^[a-z][a-z0-9-]*$ ]]
+ return 0
+ [[ -z stoleus_context_list_capability_provider_overrides ]]
+ [[ ! stoleus_context_list_capability_provider_overrides =~ ^stoleus_[a-zA-Z0-9_]+$ ]]
+ case "$visibility" in
+ case "$stability" in
+ [[ -z kernel/context/context.sh ]]
+ stoleus_api_exists stoleus_context_list_capability_provider_overrides
+ local function_name=stoleus_context_list_capability_provider_overrides
+ [[ -z stoleus_context_list_capability_provider_overrides ]]
+ [[ -n '' ]]
+ api_index=19
+ STOLEUS_API_FUNCTIONS+=("$function_name")
+ STOLEUS_API_SUBSYSTEMS+=("$subsystem")
+ STOLEUS_API_VISIBILITIES+=("$visibility")
+ STOLEUS_API_STABILITIES+=("$stability")
+ STOLEUS_API_OWNERS+=("$owner")
+ STOLEUS_API_INDEX_BY_FUNCTION["$function_name"]=19
+ return 0
+ stoleus_api_register platform stoleus_platform_initialize internal internal kernel/platform/platform.sh
+ local subsystem=platform
+ local function_name=stoleus_platform_initialize
+ local visibility=internal
+ local stability=internal
+ local owner=kernel/platform/platform.sh
+ local api_index=0
+ stoleus_api_validate_identifier platform subsystem
+ local value=platform
+ local label=subsystem
+ [[ -z platform ]]
+ [[ ! platform =~ ^[a-z][a-z0-9-]*$ ]]
+ return 0
+ [[ -z stoleus_platform_initialize ]]
+ [[ ! stoleus_platform_initialize =~ ^stoleus_[a-zA-Z0-9_]+$ ]]
+ case "$visibility" in
+ case "$stability" in
+ [[ -z kernel/platform/platform.sh ]]
+ stoleus_api_exists stoleus_platform_initialize
+ local function_name=stoleus_platform_initialize
+ [[ -z stoleus_platform_initialize ]]
+ [[ -n '' ]]
+ api_index=20
+ STOLEUS_API_FUNCTIONS+=("$function_name")
+ STOLEUS_API_SUBSYSTEMS+=("$subsystem")
+ STOLEUS_API_VISIBILITIES+=("$visibility")
+ STOLEUS_API_STABILITIES+=("$stability")
+ STOLEUS_API_OWNERS+=("$owner")
+ STOLEUS_API_INDEX_BY_FUNCTION["$function_name"]=20
+ return 0
+ stoleus_api_register platform stoleus_platform_detect public experimental kernel/platform/platform.sh
+ local subsystem=platform
+ local function_name=stoleus_platform_detect
+ local visibility=public
+ local stability=experimental
+ local owner=kernel/platform/platform.sh
+ local api_index=0
+ stoleus_api_validate_identifier platform subsystem
+ local value=platform
+ local label=subsystem
+ [[ -z platform ]]
+ [[ ! platform =~ ^[a-z][a-z0-9-]*$ ]]
+ return 0
+ [[ -z stoleus_platform_detect ]]
+ [[ ! stoleus_platform_detect =~ ^stoleus_[a-zA-Z0-9_]+$ ]]
+ case "$visibility" in
+ case "$stability" in
+ [[ -z kernel/platform/platform.sh ]]
+ stoleus_api_exists stoleus_platform_detect
+ local function_name=stoleus_platform_detect
+ [[ -z stoleus_platform_detect ]]
+ [[ -n '' ]]
+ api_index=21
+ STOLEUS_API_FUNCTIONS+=("$function_name")
+ STOLEUS_API_SUBSYSTEMS+=("$subsystem")
+ STOLEUS_API_VISIBILITIES+=("$visibility")
+ STOLEUS_API_STABILITIES+=("$stability")
+ STOLEUS_API_OWNERS+=("$owner")
+ STOLEUS_API_INDEX_BY_FUNCTION["$function_name"]=21
+ return 0
+ stoleus_api_register platform stoleus_platform_apply_context public experimental kernel/platform/platform.sh
+ local subsystem=platform
+ local function_name=stoleus_platform_apply_context
+ local visibility=public
+ local stability=experimental
+ local owner=kernel/platform/platform.sh
+ local api_index=0
+ stoleus_api_validate_identifier platform subsystem
+ local value=platform
+ local label=subsystem
+ [[ -z platform ]]
+ [[ ! platform =~ ^[a-z][a-z0-9-]*$ ]]
+ return 0
+ [[ -z stoleus_platform_apply_context ]]
+ [[ ! stoleus_platform_apply_context =~ ^stoleus_[a-zA-Z0-9_]+$ ]]
+ case "$visibility" in
+ case "$stability" in
+ [[ -z kernel/platform/platform.sh ]]
+ stoleus_api_exists stoleus_platform_apply_context
+ local function_name=stoleus_platform_apply_context
+ [[ -z stoleus_platform_apply_context ]]
+ [[ -n '' ]]
+ api_index=22
+ STOLEUS_API_FUNCTIONS+=("$function_name")
+ STOLEUS_API_SUBSYSTEMS+=("$subsystem")
+ STOLEUS_API_VISIBILITIES+=("$visibility")
+ STOLEUS_API_STABILITIES+=("$stability")
+ STOLEUS_API_OWNERS+=("$owner")
+ STOLEUS_API_INDEX_BY_FUNCTION["$function_name"]=22
+ return 0
+ stoleus_api_register platform stoleus_platform_refresh public experimental kernel/platform/platform.sh
+ local subsystem=platform
+ local function_name=stoleus_platform_refresh
+ local visibility=public
+ local stability=experimental
+ local owner=kernel/platform/platform.sh
+ local api_index=0
+ stoleus_api_validate_identifier platform subsystem
+ local value=platform
+ local label=subsystem
+ [[ -z platform ]]
+ [[ ! platform =~ ^[a-z][a-z0-9-]*$ ]]
+ return 0
+ [[ -z stoleus_platform_refresh ]]
+ [[ ! stoleus_platform_refresh =~ ^stoleus_[a-zA-Z0-9_]+$ ]]
+ case "$visibility" in
+ case "$stability" in
+ [[ -z kernel/platform/platform.sh ]]
+ stoleus_api_exists stoleus_platform_refresh
+ local function_name=stoleus_platform_refresh
+ [[ -z stoleus_platform_refresh ]]
+ [[ -n '' ]]
+ api_index=23
+ STOLEUS_API_FUNCTIONS+=("$function_name")
+ STOLEUS_API_SUBSYSTEMS+=("$subsystem")
+ STOLEUS_API_VISIBILITIES+=("$visibility")
+ STOLEUS_API_STABILITIES+=("$stability")
+ STOLEUS_API_OWNERS+=("$owner")
+ STOLEUS_API_INDEX_BY_FUNCTION["$function_name"]=23
+ return 0
+ stoleus_api_register platform stoleus_platform_get public experimental kernel/platform/platform.sh
+ local subsystem=platform
+ local function_name=stoleus_platform_get
+ local visibility=public
+ local stability=experimental
+ local owner=kernel/platform/platform.sh
+ local api_index=0
+ stoleus_api_validate_identifier platform subsystem
+ local value=platform
+ local label=subsystem
+ [[ -z platform ]]
+ [[ ! platform =~ ^[a-z][a-z0-9-]*$ ]]
+ return 0
+ [[ -z stoleus_platform_get ]]
+ [[ ! stoleus_platform_get =~ ^stoleus_[a-zA-Z0-9_]+$ ]]
+ case "$visibility" in
+ case "$stability" in
+ [[ -z kernel/platform/platform.sh ]]
+ stoleus_api_exists stoleus_platform_get
+ local function_name=stoleus_platform_get
+ [[ -z stoleus_platform_get ]]
+ [[ -n '' ]]
+ api_index=24
+ STOLEUS_API_FUNCTIONS+=("$function_name")
+ STOLEUS_API_SUBSYSTEMS+=("$subsystem")
+ STOLEUS_API_VISIBILITIES+=("$visibility")
+ STOLEUS_API_STABILITIES+=("$stability")
+ STOLEUS_API_OWNERS+=("$owner")
+ STOLEUS_API_INDEX_BY_FUNCTION["$function_name"]=24
+ return 0
+ stoleus_api_register platform stoleus_platform_get_status public experimental kernel/platform/platform.sh
+ local subsystem=platform
+ local function_name=stoleus_platform_get_status
+ local visibility=public
+ local stability=experimental
+ local owner=kernel/platform/platform.sh
+ local api_index=0
+ stoleus_api_validate_identifier platform subsystem
+ local value=platform
+ local label=subsystem
+ [[ -z platform ]]
+ [[ ! platform =~ ^[a-z][a-z0-9-]*$ ]]
+ return 0
+ [[ -z stoleus_platform_get_status ]]
+ [[ ! stoleus_platform_get_status =~ ^stoleus_[a-zA-Z0-9_]+$ ]]
+ case "$visibility" in
+ case "$stability" in
+ [[ -z kernel/platform/platform.sh ]]
+ stoleus_api_exists stoleus_platform_get_status
+ local function_name=stoleus_platform_get_status
+ [[ -z stoleus_platform_get_status ]]
+ [[ -n '' ]]
+ api_index=25
+ STOLEUS_API_FUNCTIONS+=("$function_name")
+ STOLEUS_API_SUBSYSTEMS+=("$subsystem")
+ STOLEUS_API_VISIBILITIES+=("$visibility")
+ STOLEUS_API_STABILITIES+=("$stability")
+ STOLEUS_API_OWNERS+=("$owner")
+ STOLEUS_API_INDEX_BY_FUNCTION["$function_name"]=25
+ return 0
+ stoleus_api_register platform stoleus_platform_reset public experimental kernel/platform/platform.sh
+ local subsystem=platform
+ local function_name=stoleus_platform_reset
+ local visibility=public
+ local stability=experimental
+ local owner=kernel/platform/platform.sh
+ local api_index=0
+ stoleus_api_validate_identifier platform subsystem
+ local value=platform
+ local label=subsystem
+ [[ -z platform ]]
+ [[ ! platform =~ ^[a-z][a-z0-9-]*$ ]]
+ return 0
+ [[ -z stoleus_platform_reset ]]
+ [[ ! stoleus_platform_reset =~ ^stoleus_[a-zA-Z0-9_]+$ ]]
+ case "$visibility" in
+ case "$stability" in
+ [[ -z kernel/platform/platform.sh ]]
+ stoleus_api_exists stoleus_platform_reset
+ local function_name=stoleus_platform_reset
+ [[ -z stoleus_platform_reset ]]
+ [[ -n '' ]]
+ api_index=26
+ STOLEUS_API_FUNCTIONS+=("$function_name")
+ STOLEUS_API_SUBSYSTEMS+=("$subsystem")
+ STOLEUS_API_VISIBILITIES+=("$visibility")
+ STOLEUS_API_STABILITIES+=("$stability")
+ STOLEUS_API_OWNERS+=("$owner")
+ STOLEUS_API_INDEX_BY_FUNCTION["$function_name"]=26
+ return 0
+ stoleus_api_register runtime stoleus_runtime_initialize internal internal kernel/runtime/runtime.sh
+ local subsystem=runtime
+ local function_name=stoleus_runtime_initialize
+ local visibility=internal
+ local stability=internal
+ local owner=kernel/runtime/runtime.sh
+ local api_index=0
+ stoleus_api_validate_identifier runtime subsystem
+ local value=runtime
+ local label=subsystem
+ [[ -z runtime ]]
+ [[ ! runtime =~ ^[a-z][a-z0-9-]*$ ]]
+ return 0
+ [[ -z stoleus_runtime_initialize ]]
+ [[ ! stoleus_runtime_initialize =~ ^stoleus_[a-zA-Z0-9_]+$ ]]
+ case "$visibility" in
+ case "$stability" in
+ [[ -z kernel/runtime/runtime.sh ]]
+ stoleus_api_exists stoleus_runtime_initialize
+ local function_name=stoleus_runtime_initialize
+ [[ -z stoleus_runtime_initialize ]]
+ [[ -n '' ]]
+ api_index=27
+ STOLEUS_API_FUNCTIONS+=("$function_name")
+ STOLEUS_API_SUBSYSTEMS+=("$subsystem")
+ STOLEUS_API_VISIBILITIES+=("$visibility")
+ STOLEUS_API_STABILITIES+=("$stability")
+ STOLEUS_API_OWNERS+=("$owner")
+ STOLEUS_API_INDEX_BY_FUNCTION["$function_name"]=27
+ return 0
+ stoleus_api_register runtime stoleus_runtime_create_id internal internal kernel/runtime/runtime.sh
+ local subsystem=runtime
+ local function_name=stoleus_runtime_create_id
+ local visibility=internal
+ local stability=internal
+ local owner=kernel/runtime/runtime.sh
+ local api_index=0
+ stoleus_api_validate_identifier runtime subsystem
+ local value=runtime
+ local label=subsystem
+ [[ -z runtime ]]
+ [[ ! runtime =~ ^[a-z][a-z0-9-]*$ ]]
+ return 0
+ [[ -z stoleus_runtime_create_id ]]
+ [[ ! stoleus_runtime_create_id =~ ^stoleus_[a-zA-Z0-9_]+$ ]]
+ case "$visibility" in
+ case "$stability" in
+ [[ -z kernel/runtime/runtime.sh ]]
+ stoleus_api_exists stoleus_runtime_create_id
+ local function_name=stoleus_runtime_create_id
+ [[ -z stoleus_runtime_create_id ]]
+ [[ -n '' ]]
+ api_index=28
+ STOLEUS_API_FUNCTIONS+=("$function_name")
+ STOLEUS_API_SUBSYSTEMS+=("$subsystem")
+ STOLEUS_API_VISIBILITIES+=("$visibility")
+ STOLEUS_API_STABILITIES+=("$stability")
+ STOLEUS_API_OWNERS+=("$owner")
+ STOLEUS_API_INDEX_BY_FUNCTION["$function_name"]=28
+ return 0
+ stoleus_api_register runtime stoleus_runtime_now internal internal kernel/runtime/runtime.sh
+ local subsystem=runtime
+ local function_name=stoleus_runtime_now
+ local visibility=internal
+ local stability=internal
+ local owner=kernel/runtime/runtime.sh
+ local api_index=0
+ stoleus_api_validate_identifier runtime subsystem
+ local value=runtime
+ local label=subsystem
+ [[ -z runtime ]]
+ [[ ! runtime =~ ^[a-z][a-z0-9-]*$ ]]
+ return 0
+ [[ -z stoleus_runtime_now ]]
+ [[ ! stoleus_runtime_now =~ ^stoleus_[a-zA-Z0-9_]+$ ]]
+ case "$visibility" in
+ case "$stability" in
+ [[ -z kernel/runtime/runtime.sh ]]
+ stoleus_api_exists stoleus_runtime_now
+ local function_name=stoleus_runtime_now
+ [[ -z stoleus_runtime_now ]]
+ [[ -n '' ]]
+ api_index=29
+ STOLEUS_API_FUNCTIONS+=("$function_name")
+ STOLEUS_API_SUBSYSTEMS+=("$subsystem")
+ STOLEUS_API_VISIBILITIES+=("$visibility")
+ STOLEUS_API_STABILITIES+=("$stability")
+ STOLEUS_API_OWNERS+=("$owner")
+ STOLEUS_API_INDEX_BY_FUNCTION["$function_name"]=29
+ return 0
+ stoleus_api_register runtime stoleus_runtime_now_ms internal internal kernel/runtime/runtime.sh
+ local subsystem=runtime
+ local function_name=stoleus_runtime_now_ms
+ local visibility=internal
+ local stability=internal
+ local owner=kernel/runtime/runtime.sh
+ local api_index=0
+ stoleus_api_validate_identifier runtime subsystem
+ local value=runtime
+ local label=subsystem
+ [[ -z runtime ]]
+ [[ ! runtime =~ ^[a-z][a-z0-9-]*$ ]]
+ return 0
+ [[ -z stoleus_runtime_now_ms ]]
+ [[ ! stoleus_runtime_now_ms =~ ^stoleus_[a-zA-Z0-9_]+$ ]]
+ case "$visibility" in
+ case "$stability" in
+ [[ -z kernel/runtime/runtime.sh ]]
+ stoleus_api_exists stoleus_runtime_now_ms
+ local function_name=stoleus_runtime_now_ms
+ [[ -z stoleus_runtime_now_ms ]]
+ [[ -n '' ]]
+ api_index=30
+ STOLEUS_API_FUNCTIONS+=("$function_name")
+ STOLEUS_API_SUBSYSTEMS+=("$subsystem")
+ STOLEUS_API_VISIBILITIES+=("$visibility")
+ STOLEUS_API_STABILITIES+=("$stability")
+ STOLEUS_API_OWNERS+=("$owner")
+ STOLEUS_API_INDEX_BY_FUNCTION["$function_name"]=30
+ return 0
+ stoleus_api_register runtime stoleus_runtime_duration_ms internal internal kernel/runtime/runtime.sh
+ local subsystem=runtime
+ local function_name=stoleus_runtime_duration_ms
+ local visibility=internal
+ local stability=internal
+ local owner=kernel/runtime/runtime.sh
+ local api_index=0
+ stoleus_api_validate_identifier runtime subsystem
+ local value=runtime
+ local label=subsystem
+ [[ -z runtime ]]
+ [[ ! runtime =~ ^[a-z][a-z0-9-]*$ ]]
+ return 0
+ [[ -z stoleus_runtime_duration_ms ]]
+ [[ ! stoleus_runtime_duration_ms =~ ^stoleus_[a-zA-Z0-9_]+$ ]]
+ case "$visibility" in
+ case "$stability" in
+ [[ -z kernel/runtime/runtime.sh ]]
+ stoleus_api_exists stoleus_runtime_duration_ms
+ local function_name=stoleus_runtime_duration_ms
+ [[ -z stoleus_runtime_duration_ms ]]
+ [[ -n '' ]]
+ api_index=31
+ STOLEUS_API_FUNCTIONS+=("$function_name")
+ STOLEUS_API_SUBSYSTEMS+=("$subsystem")
+ STOLEUS_API_VISIBILITIES+=("$visibility")
+ STOLEUS_API_STABILITIES+=("$stability")
+ STOLEUS_API_OWNERS+=("$owner")
+ STOLEUS_API_INDEX_BY_FUNCTION["$function_name"]=31
+ return 0
+ stoleus_api_register metadata stoleus_metadata_initialize public stable kernel/metadata/collection.sh
+ local subsystem=metadata
+ local function_name=stoleus_metadata_initialize
+ local visibility=public
+ local stability=stable
+ local owner=kernel/metadata/collection.sh
+ local api_index=0
+ stoleus_api_validate_identifier metadata subsystem
+ local value=metadata
+ local label=subsystem
+ [[ -z metadata ]]
+ [[ ! metadata =~ ^[a-z][a-z0-9-]*$ ]]
+ return 0
+ [[ -z stoleus_metadata_initialize ]]
+ [[ ! stoleus_metadata_initialize =~ ^stoleus_[a-zA-Z0-9_]+$ ]]
+ case "$visibility" in
+ case "$stability" in
+ [[ -z kernel/metadata/collection.sh ]]
+ stoleus_api_exists stoleus_metadata_initialize
+ local function_name=stoleus_metadata_initialize
+ [[ -z stoleus_metadata_initialize ]]
+ [[ -n '' ]]
+ api_index=32
+ STOLEUS_API_FUNCTIONS+=("$function_name")
+ STOLEUS_API_SUBSYSTEMS+=("$subsystem")
+ STOLEUS_API_VISIBILITIES+=("$visibility")
+ STOLEUS_API_STABILITIES+=("$stability")
+ STOLEUS_API_OWNERS+=("$owner")
+ STOLEUS_API_INDEX_BY_FUNCTION["$function_name"]=32
+ return 0
+ stoleus_api_register metadata stoleus_metadata_collection_create public stable kernel/metadata/collection.sh
+ local subsystem=metadata
+ local function_name=stoleus_metadata_collection_create
+ local visibility=public
+ local stability=stable
+ local owner=kernel/metadata/collection.sh
+ local api_index=0
+ stoleus_api_validate_identifier metadata subsystem
+ local value=metadata
+ local label=subsystem
+ [[ -z metadata ]]
+ [[ ! metadata =~ ^[a-z][a-z0-9-]*$ ]]
+ return 0
+ [[ -z stoleus_metadata_collection_create ]]
+ [[ ! stoleus_metadata_collection_create =~ ^stoleus_[a-zA-Z0-9_]+$ ]]
+ case "$visibility" in
+ case "$stability" in
+ [[ -z kernel/metadata/collection.sh ]]
+ stoleus_api_exists stoleus_metadata_collection_create
+ local function_name=stoleus_metadata_collection_create
+ [[ -z stoleus_metadata_collection_create ]]
+ [[ -n '' ]]
+ api_index=33
+ STOLEUS_API_FUNCTIONS+=("$function_name")
+ STOLEUS_API_SUBSYSTEMS+=("$subsystem")
+ STOLEUS_API_VISIBILITIES+=("$visibility")
+ STOLEUS_API_STABILITIES+=("$stability")
+ STOLEUS_API_OWNERS+=("$owner")
+ STOLEUS_API_INDEX_BY_FUNCTION["$function_name"]=33
+ return 0
+ stoleus_api_register metadata stoleus_metadata_collection_exists public stable kernel/metadata/collection.sh
+ local subsystem=metadata
+ local function_name=stoleus_metadata_collection_exists
+ local visibility=public
+ local stability=stable
+ local owner=kernel/metadata/collection.sh
+ local api_index=0
+ stoleus_api_validate_identifier metadata subsystem
+ local value=metadata
+ local label=subsystem
+ [[ -z metadata ]]
+ [[ ! metadata =~ ^[a-z][a-z0-9-]*$ ]]
+ return 0
+ [[ -z stoleus_metadata_collection_exists ]]
+ [[ ! stoleus_metadata_collection_exists =~ ^stoleus_[a-zA-Z0-9_]+$ ]]
+ case "$visibility" in
+ case "$stability" in
+ [[ -z kernel/metadata/collection.sh ]]
+ stoleus_api_exists stoleus_metadata_collection_exists
+ local function_name=stoleus_metadata_collection_exists
+ [[ -z stoleus_metadata_collection_exists ]]
+ [[ -n '' ]]
+ api_index=34
+ STOLEUS_API_FUNCTIONS+=("$function_name")
+ STOLEUS_API_SUBSYSTEMS+=("$subsystem")
+ STOLEUS_API_VISIBILITIES+=("$visibility")
+ STOLEUS_API_STABILITIES+=("$stability")
+ STOLEUS_API_OWNERS+=("$owner")
+ STOLEUS_API_INDEX_BY_FUNCTION["$function_name"]=34
+ return 0
+ stoleus_api_register metadata stoleus_metadata_collection_is_frozen public stable kernel/metadata/collection.sh
+ local subsystem=metadata
+ local function_name=stoleus_metadata_collection_is_frozen
+ local visibility=public
+ local stability=stable
+ local owner=kernel/metadata/collection.sh
+ local api_index=0
+ stoleus_api_validate_identifier metadata subsystem
+ local value=metadata
+ local label=subsystem
+ [[ -z metadata ]]
+ [[ ! metadata =~ ^[a-z][a-z0-9-]*$ ]]
+ return 0
+ [[ -z stoleus_metadata_collection_is_frozen ]]
+ [[ ! stoleus_metadata_collection_is_frozen =~ ^stoleus_[a-zA-Z0-9_]+$ ]]
+ case "$visibility" in
+ case "$stability" in
+ [[ -z kernel/metadata/collection.sh ]]
+ stoleus_api_exists stoleus_metadata_collection_is_frozen
+ local function_name=stoleus_metadata_collection_is_frozen
+ [[ -z stoleus_metadata_collection_is_frozen ]]
+ [[ -n '' ]]
+ api_index=35
+ STOLEUS_API_FUNCTIONS+=("$function_name")
+ STOLEUS_API_SUBSYSTEMS+=("$subsystem")
+ STOLEUS_API_VISIBILITIES+=("$visibility")
+ STOLEUS_API_STABILITIES+=("$stability")
+ STOLEUS_API_OWNERS+=("$owner")
+ STOLEUS_API_INDEX_BY_FUNCTION["$function_name"]=35
+ return 0
+ stoleus_api_register metadata stoleus_metadata_collection_append public stable kernel/metadata/collection.sh
+ local subsystem=metadata
+ local function_name=stoleus_metadata_collection_append
+ local visibility=public
+ local stability=stable
+ local owner=kernel/metadata/collection.sh
+ local api_index=0
+ stoleus_api_validate_identifier metadata subsystem
+ local value=metadata
+ local label=subsystem
+ [[ -z metadata ]]
+ [[ ! metadata =~ ^[a-z][a-z0-9-]*$ ]]
+ return 0
+ [[ -z stoleus_metadata_collection_append ]]
+ [[ ! stoleus_metadata_collection_append =~ ^stoleus_[a-zA-Z0-9_]+$ ]]
+ case "$visibility" in
+ case "$stability" in
+ [[ -z kernel/metadata/collection.sh ]]
+ stoleus_api_exists stoleus_metadata_collection_append
+ local function_name=stoleus_metadata_collection_append
+ [[ -z stoleus_metadata_collection_append ]]
+ [[ -n '' ]]
+ api_index=36
+ STOLEUS_API_FUNCTIONS+=("$function_name")
+ STOLEUS_API_SUBSYSTEMS+=("$subsystem")
+ STOLEUS_API_VISIBILITIES+=("$visibility")
+ STOLEUS_API_STABILITIES+=("$stability")
+ STOLEUS_API_OWNERS+=("$owner")
+ STOLEUS_API_INDEX_BY_FUNCTION["$function_name"]=36
+ return 0
+ stoleus_api_register metadata stoleus_metadata_collection_freeze public stable kernel/metadata/collection.sh
+ local subsystem=metadata
+ local function_name=stoleus_metadata_collection_freeze
+ local visibility=public
+ local stability=stable
+ local owner=kernel/metadata/collection.sh
+ local api_index=0
+ stoleus_api_validate_identifier metadata subsystem
+ local value=metadata
+ local label=subsystem
+ [[ -z metadata ]]
+ [[ ! metadata =~ ^[a-z][a-z0-9-]*$ ]]
+ return 0
+ [[ -z stoleus_metadata_collection_freeze ]]
+ [[ ! stoleus_metadata_collection_freeze =~ ^stoleus_[a-zA-Z0-9_]+$ ]]
+ case "$visibility" in
+ case "$stability" in
+ [[ -z kernel/metadata/collection.sh ]]
+ stoleus_api_exists stoleus_metadata_collection_freeze
+ local function_name=stoleus_metadata_collection_freeze
+ [[ -z stoleus_metadata_collection_freeze ]]
+ [[ -n '' ]]
+ api_index=37
+ STOLEUS_API_FUNCTIONS+=("$function_name")
+ STOLEUS_API_SUBSYSTEMS+=("$subsystem")
+ STOLEUS_API_VISIBILITIES+=("$visibility")
+ STOLEUS_API_STABILITIES+=("$stability")
+ STOLEUS_API_OWNERS+=("$owner")
+ STOLEUS_API_INDEX_BY_FUNCTION["$function_name"]=37
+ return 0
+ stoleus_api_register metadata stoleus_metadata_collection_contains public stable kernel/metadata/collection.sh
+ local subsystem=metadata
+ local function_name=stoleus_metadata_collection_contains
+ local visibility=public
+ local stability=stable
+ local owner=kernel/metadata/collection.sh
+ local api_index=0
+ stoleus_api_validate_identifier metadata subsystem
+ local value=metadata
+ local label=subsystem
+ [[ -z metadata ]]
+ [[ ! metadata =~ ^[a-z][a-z0-9-]*$ ]]
+ return 0
+ [[ -z stoleus_metadata_collection_contains ]]
+ [[ ! stoleus_metadata_collection_contains =~ ^stoleus_[a-zA-Z0-9_]+$ ]]
+ case "$visibility" in
+ case "$stability" in
+ [[ -z kernel/metadata/collection.sh ]]
+ stoleus_api_exists stoleus_metadata_collection_contains
+ local function_name=stoleus_metadata_collection_contains
+ [[ -z stoleus_metadata_collection_contains ]]
+ [[ -n '' ]]
+ api_index=38
+ STOLEUS_API_FUNCTIONS+=("$function_name")
+ STOLEUS_API_SUBSYSTEMS+=("$subsystem")
+ STOLEUS_API_VISIBILITIES+=("$visibility")
+ STOLEUS_API_STABILITIES+=("$stability")
+ STOLEUS_API_OWNERS+=("$owner")
+ STOLEUS_API_INDEX_BY_FUNCTION["$function_name"]=38
+ return 0
+ stoleus_api_register metadata stoleus_metadata_collection_get_index public stable kernel/metadata/collection.sh
+ local subsystem=metadata
+ local function_name=stoleus_metadata_collection_get_index
+ local visibility=public
+ local stability=stable
+ local owner=kernel/metadata/collection.sh
+ local api_index=0
+ stoleus_api_validate_identifier metadata subsystem
+ local value=metadata
+ local label=subsystem
+ [[ -z metadata ]]
+ [[ ! metadata =~ ^[a-z][a-z0-9-]*$ ]]
+ return 0
+ [[ -z stoleus_metadata_collection_get_index ]]
+ [[ ! stoleus_metadata_collection_get_index =~ ^stoleus_[a-zA-Z0-9_]+$ ]]
+ case "$visibility" in
+ case "$stability" in
+ [[ -z kernel/metadata/collection.sh ]]
+ stoleus_api_exists stoleus_metadata_collection_get_index
+ local function_name=stoleus_metadata_collection_get_index
+ [[ -z stoleus_metadata_collection_get_index ]]
+ [[ -n '' ]]
+ api_index=39
+ STOLEUS_API_FUNCTIONS+=("$function_name")
+ STOLEUS_API_SUBSYSTEMS+=("$subsystem")
+ STOLEUS_API_VISIBILITIES+=("$visibility")
+ STOLEUS_API_STABILITIES+=("$stability")
+ STOLEUS_API_OWNERS+=("$owner")
+ STOLEUS_API_INDEX_BY_FUNCTION["$function_name"]=39
+ return 0
+ stoleus_api_register metadata stoleus_metadata_collection_get_key_by_index public stable kernel/metadata/collection.sh
+ local subsystem=metadata
+ local function_name=stoleus_metadata_collection_get_key_by_index
+ local visibility=public
+ local stability=stable
+ local owner=kernel/metadata/collection.sh
+ local api_index=0
+ stoleus_api_validate_identifier metadata subsystem
+ local value=metadata
+ local label=subsystem
+ [[ -z metadata ]]
+ [[ ! metadata =~ ^[a-z][a-z0-9-]*$ ]]
+ return 0
+ [[ -z stoleus_metadata_collection_get_key_by_index ]]
+ [[ ! stoleus_metadata_collection_get_key_by_index =~ ^stoleus_[a-zA-Z0-9_]+$ ]]
+ case "$visibility" in
+ case "$stability" in
+ [[ -z kernel/metadata/collection.sh ]]
+ stoleus_api_exists stoleus_metadata_collection_get_key_by_index
+ local function_name=stoleus_metadata_collection_get_key_by_index
+ [[ -z stoleus_metadata_collection_get_key_by_index ]]
+ [[ -n '' ]]
+ api_index=40
+ STOLEUS_API_FUNCTIONS+=("$function_name")
+ STOLEUS_API_SUBSYSTEMS+=("$subsystem")
+ STOLEUS_API_VISIBILITIES+=("$visibility")
+ STOLEUS_API_STABILITIES+=("$stability")
+ STOLEUS_API_OWNERS+=("$owner")
+ STOLEUS_API_INDEX_BY_FUNCTION["$function_name"]=40
+ return 0
+ stoleus_api_register metadata stoleus_metadata_collection_get_field public stable kernel/metadata/collection.sh
+ local subsystem=metadata
+ local function_name=stoleus_metadata_collection_get_field
+ local visibility=public
+ local stability=stable
+ local owner=kernel/metadata/collection.sh
+ local api_index=0
+ stoleus_api_validate_identifier metadata subsystem
+ local value=metadata
+ local label=subsystem
+ [[ -z metadata ]]
+ [[ ! metadata =~ ^[a-z][a-z0-9-]*$ ]]
+ return 0
+ [[ -z stoleus_metadata_collection_get_field ]]
+ [[ ! stoleus_metadata_collection_get_field =~ ^stoleus_[a-zA-Z0-9_]+$ ]]
+ case "$visibility" in
+ case "$stability" in
+ [[ -z kernel/metadata/collection.sh ]]
+ stoleus_api_exists stoleus_metadata_collection_get_field
+ local function_name=stoleus_metadata_collection_get_field
+ [[ -z stoleus_metadata_collection_get_field ]]
+ [[ -n '' ]]
+ api_index=41
+ STOLEUS_API_FUNCTIONS+=("$function_name")
+ STOLEUS_API_SUBSYSTEMS+=("$subsystem")
+ STOLEUS_API_VISIBILITIES+=("$visibility")
+ STOLEUS_API_STABILITIES+=("$stability")
+ STOLEUS_API_OWNERS+=("$owner")
+ STOLEUS_API_INDEX_BY_FUNCTION["$function_name"]=41
+ return 0
+ stoleus_api_register metadata stoleus_metadata_collection_get_schema public stable kernel/metadata/collection.sh
+ local subsystem=metadata
+ local function_name=stoleus_metadata_collection_get_schema
+ local visibility=public
+ local stability=stable
+ local owner=kernel/metadata/collection.sh
+ local api_index=0
+ stoleus_api_validate_identifier metadata subsystem
+ local value=metadata
+ local label=subsystem
+ [[ -z metadata ]]
+ [[ ! metadata =~ ^[a-z][a-z0-9-]*$ ]]
+ return 0
+ [[ -z stoleus_metadata_collection_get_schema ]]
+ [[ ! stoleus_metadata_collection_get_schema =~ ^stoleus_[a-zA-Z0-9_]+$ ]]
+ case "$visibility" in
+ case "$stability" in
+ [[ -z kernel/metadata/collection.sh ]]
+ stoleus_api_exists stoleus_metadata_collection_get_schema
+ local function_name=stoleus_metadata_collection_get_schema
+ [[ -z stoleus_metadata_collection_get_schema ]]
+ [[ -n '' ]]
+ api_index=42
+ STOLEUS_API_FUNCTIONS+=("$function_name")
+ STOLEUS_API_SUBSYSTEMS+=("$subsystem")
+ STOLEUS_API_VISIBILITIES+=("$visibility")
+ STOLEUS_API_STABILITIES+=("$stability")
+ STOLEUS_API_OWNERS+=("$owner")
+ STOLEUS_API_INDEX_BY_FUNCTION["$function_name"]=42
+ return 0
+ stoleus_api_register metadata stoleus_metadata_collection_get_count public stable kernel/metadata/collection.sh
+ local subsystem=metadata
+ local function_name=stoleus_metadata_collection_get_count
+ local visibility=public
+ local stability=stable
+ local owner=kernel/metadata/collection.sh
+ local api_index=0
+ stoleus_api_validate_identifier metadata subsystem
+ local value=metadata
+ local label=subsystem
+ [[ -z metadata ]]
+ [[ ! metadata =~ ^[a-z][a-z0-9-]*$ ]]
+ return 0
+ [[ -z stoleus_metadata_collection_get_count ]]
+ [[ ! stoleus_metadata_collection_get_count =~ ^stoleus_[a-zA-Z0-9_]+$ ]]
+ case "$visibility" in
+ case "$stability" in
+ [[ -z kernel/metadata/collection.sh ]]
+ stoleus_api_exists stoleus_metadata_collection_get_count
+ local function_name=stoleus_metadata_collection_get_count
+ [[ -z stoleus_metadata_collection_get_count ]]
+ [[ -n '' ]]
+ api_index=43
+ STOLEUS_API_FUNCTIONS+=("$function_name")
+ STOLEUS_API_SUBSYSTEMS+=("$subsystem")
+ STOLEUS_API_VISIBILITIES+=("$visibility")
+ STOLEUS_API_STABILITIES+=("$stability")
+ STOLEUS_API_OWNERS+=("$owner")
+ STOLEUS_API_INDEX_BY_FUNCTION["$function_name"]=43
+ return 0
+ stoleus_api_register metadata stoleus_metadata_collection_list public stable kernel/metadata/collection.sh
+ local subsystem=metadata
+ local function_name=stoleus_metadata_collection_list
+ local visibility=public
+ local stability=stable
+ local owner=kernel/metadata/collection.sh
+ local api_index=0
+ stoleus_api_validate_identifier metadata subsystem
+ local value=metadata
+ local label=subsystem
+ [[ -z metadata ]]
+ [[ ! metadata =~ ^[a-z][a-z0-9-]*$ ]]
+ return 0
+ [[ -z stoleus_metadata_collection_list ]]
+ [[ ! stoleus_metadata_collection_list =~ ^stoleus_[a-zA-Z0-9_]+$ ]]
+ case "$visibility" in
+ case "$stability" in
+ [[ -z kernel/metadata/collection.sh ]]
+ stoleus_api_exists stoleus_metadata_collection_list
+ local function_name=stoleus_metadata_collection_list
+ [[ -z stoleus_metadata_collection_list ]]
+ [[ -n '' ]]
+ api_index=44
+ STOLEUS_API_FUNCTIONS+=("$function_name")
+ STOLEUS_API_SUBSYSTEMS+=("$subsystem")
+ STOLEUS_API_VISIBILITIES+=("$visibility")
+ STOLEUS_API_STABILITIES+=("$stability")
+ STOLEUS_API_OWNERS+=("$owner")
+ STOLEUS_API_INDEX_BY_FUNCTION["$function_name"]=44
+ return 0
+ stoleus_api_register metadata stoleus_metadata_collection_reset public stable kernel/metadata/collection.sh
+ local subsystem=metadata
+ local function_name=stoleus_metadata_collection_reset
+ local visibility=public
+ local stability=stable
+ local owner=kernel/metadata/collection.sh
+ local api_index=0
+ stoleus_api_validate_identifier metadata subsystem
+ local value=metadata
+ local label=subsystem
+ [[ -z metadata ]]
+ [[ ! metadata =~ ^[a-z][a-z0-9-]*$ ]]
+ return 0
+ [[ -z stoleus_metadata_collection_reset ]]
+ [[ ! stoleus_metadata_collection_reset =~ ^stoleus_[a-zA-Z0-9_]+$ ]]
+ case "$visibility" in
+ case "$stability" in
+ [[ -z kernel/metadata/collection.sh ]]
+ stoleus_api_exists stoleus_metadata_collection_reset
+ local function_name=stoleus_metadata_collection_reset
+ [[ -z stoleus_metadata_collection_reset ]]
+ [[ -n '' ]]
+ api_index=45
+ STOLEUS_API_FUNCTIONS+=("$function_name")
+ STOLEUS_API_SUBSYSTEMS+=("$subsystem")
+ STOLEUS_API_VISIBILITIES+=("$visibility")
+ STOLEUS_API_STABILITIES+=("$stability")
+ STOLEUS_API_OWNERS+=("$owner")
+ STOLEUS_API_INDEX_BY_FUNCTION["$function_name"]=45
+ return 0
+ stoleus_api_register metadata stoleus_metadata_reset public stable kernel/metadata/collection.sh
+ local subsystem=metadata
+ local function_name=stoleus_metadata_reset
+ local visibility=public
+ local stability=stable
+ local owner=kernel/metadata/collection.sh
+ local api_index=0
+ stoleus_api_validate_identifier metadata subsystem
+ local value=metadata
+ local label=subsystem
+ [[ -z metadata ]]
+ [[ ! metadata =~ ^[a-z][a-z0-9-]*$ ]]
+ return 0
+ [[ -z stoleus_metadata_reset ]]
+ [[ ! stoleus_metadata_reset =~ ^stoleus_[a-zA-Z0-9_]+$ ]]
+ case "$visibility" in
+ case "$stability" in
+ [[ -z kernel/metadata/collection.sh ]]
+ stoleus_api_exists stoleus_metadata_reset
+ local function_name=stoleus_metadata_reset
+ [[ -z stoleus_metadata_reset ]]
+ [[ -n '' ]]
+ api_index=46
+ STOLEUS_API_FUNCTIONS+=("$function_name")
+ STOLEUS_API_SUBSYSTEMS+=("$subsystem")
+ STOLEUS_API_VISIBILITIES+=("$visibility")
+ STOLEUS_API_STABILITIES+=("$stability")
+ STOLEUS_API_OWNERS+=("$owner")
+ STOLEUS_API_INDEX_BY_FUNCTION["$function_name"]=46
+ return 0
+ stoleus_api_register discovery stoleus_discovery_initialize internal internal kernel/discovery/discovery.sh
+ local subsystem=discovery
+ local function_name=stoleus_discovery_initialize
+ local visibility=internal
+ local stability=internal
+ local owner=kernel/discovery/discovery.sh
+ local api_index=0
+ stoleus_api_validate_identifier discovery subsystem
+ local value=discovery
+ local label=subsystem
+ [[ -z discovery ]]
+ [[ ! discovery =~ ^[a-z][a-z0-9-]*$ ]]
+ return 0
+ [[ -z stoleus_discovery_initialize ]]
+ [[ ! stoleus_discovery_initialize =~ ^stoleus_[a-zA-Z0-9_]+$ ]]
+ case "$visibility" in
+ case "$stability" in
+ [[ -z kernel/discovery/discovery.sh ]]
+ stoleus_api_exists stoleus_discovery_initialize
+ local function_name=stoleus_discovery_initialize
+ [[ -z stoleus_discovery_initialize ]]
+ [[ -n '' ]]
+ api_index=47
+ STOLEUS_API_FUNCTIONS+=("$function_name")
+ STOLEUS_API_SUBSYSTEMS+=("$subsystem")
+ STOLEUS_API_VISIBILITIES+=("$visibility")
+ STOLEUS_API_STABILITIES+=("$stability")
+ STOLEUS_API_OWNERS+=("$owner")
+ STOLEUS_API_INDEX_BY_FUNCTION["$function_name"]=47
+ return 0
+ stoleus_api_register discovery stoleus_discovery_add_root public stable kernel/discovery/discovery.sh
+ local subsystem=discovery
+ local function_name=stoleus_discovery_add_root
+ local visibility=public
+ local stability=stable
+ local owner=kernel/discovery/discovery.sh
+ local api_index=0
+ stoleus_api_validate_identifier discovery subsystem
+ local value=discovery
+ local label=subsystem
+ [[ -z discovery ]]
+ [[ ! discovery =~ ^[a-z][a-z0-9-]*$ ]]
+ return 0
+ [[ -z stoleus_discovery_add_root ]]
+ [[ ! stoleus_discovery_add_root =~ ^stoleus_[a-zA-Z0-9_]+$ ]]
+ case "$visibility" in
+ case "$stability" in
+ [[ -z kernel/discovery/discovery.sh ]]
+ stoleus_api_exists stoleus_discovery_add_root
+ local function_name=stoleus_discovery_add_root
+ [[ -z stoleus_discovery_add_root ]]
+ [[ -n '' ]]
+ api_index=48
+ STOLEUS_API_FUNCTIONS+=("$function_name")
+ STOLEUS_API_SUBSYSTEMS+=("$subsystem")
+ STOLEUS_API_VISIBILITIES+=("$visibility")
+ STOLEUS_API_STABILITIES+=("$stability")
+ STOLEUS_API_OWNERS+=("$owner")
+ STOLEUS_API_INDEX_BY_FUNCTION["$function_name"]=48
+ return 0
+ stoleus_api_register discovery stoleus_discovery_scan public stable kernel/discovery/discovery.sh
+ local subsystem=discovery
+ local function_name=stoleus_discovery_scan
+ local visibility=public
+ local stability=stable
+ local owner=kernel/discovery/discovery.sh
+ local api_index=0
+ stoleus_api_validate_identifier discovery subsystem
+ local value=discovery
+ local label=subsystem
+ [[ -z discovery ]]
+ [[ ! discovery =~ ^[a-z][a-z0-9-]*$ ]]
+ return 0
+ [[ -z stoleus_discovery_scan ]]
+ [[ ! stoleus_discovery_scan =~ ^stoleus_[a-zA-Z0-9_]+$ ]]
+ case "$visibility" in
+ case "$stability" in
+ [[ -z kernel/discovery/discovery.sh ]]
+ stoleus_api_exists stoleus_discovery_scan
+ local function_name=stoleus_discovery_scan
+ [[ -z stoleus_discovery_scan ]]
+ [[ -n '' ]]
+ api_index=49
+ STOLEUS_API_FUNCTIONS+=("$function_name")
+ STOLEUS_API_SUBSYSTEMS+=("$subsystem")
+ STOLEUS_API_VISIBILITIES+=("$visibility")
+ STOLEUS_API_STABILITIES+=("$stability")
+ STOLEUS_API_OWNERS+=("$owner")
+ STOLEUS_API_INDEX_BY_FUNCTION["$function_name"]=49
+ return 0
+ stoleus_api_register discovery stoleus_discovery_get_records public stable kernel/discovery/discovery.sh
+ local subsystem=discovery
+ local function_name=stoleus_discovery_get_records
+ local visibility=public
+ local stability=stable
+ local owner=kernel/discovery/discovery.sh
+ local api_index=0
+ stoleus_api_validate_identifier discovery subsystem
+ local value=discovery
+ local label=subsystem
+ [[ -z discovery ]]
+ [[ ! discovery =~ ^[a-z][a-z0-9-]*$ ]]
+ return 0
+ [[ -z stoleus_discovery_get_records ]]
+ [[ ! stoleus_discovery_get_records =~ ^stoleus_[a-zA-Z0-9_]+$ ]]
+ case "$visibility" in
+ case "$stability" in
+ [[ -z kernel/discovery/discovery.sh ]]
+ stoleus_api_exists stoleus_discovery_get_records
+ local function_name=stoleus_discovery_get_records
+ [[ -z stoleus_discovery_get_records ]]
+ [[ -n '' ]]
+ api_index=50
+ STOLEUS_API_FUNCTIONS+=("$function_name")
+ STOLEUS_API_SUBSYSTEMS+=("$subsystem")
+ STOLEUS_API_VISIBILITIES+=("$visibility")
+ STOLEUS_API_STABILITIES+=("$stability")
+ STOLEUS_API_OWNERS+=("$owner")
+ STOLEUS_API_INDEX_BY_FUNCTION["$function_name"]=50
+ return 0
+ stoleus_api_register discovery stoleus_discovery_reset public stable kernel/discovery/discovery.sh
+ local subsystem=discovery
+ local function_name=stoleus_discovery_reset
+ local visibility=public
+ local stability=stable
+ local owner=kernel/discovery/discovery.sh
+ local api_index=0
+ stoleus_api_validate_identifier discovery subsystem
+ local value=discovery
+ local label=subsystem
+ [[ -z discovery ]]
+ [[ ! discovery =~ ^[a-z][a-z0-9-]*$ ]]
+ return 0
+ [[ -z stoleus_discovery_reset ]]
+ [[ ! stoleus_discovery_reset =~ ^stoleus_[a-zA-Z0-9_]+$ ]]
+ case "$visibility" in
+ case "$stability" in
+ [[ -z kernel/discovery/discovery.sh ]]
+ stoleus_api_exists stoleus_discovery_reset
+ local function_name=stoleus_discovery_reset
+ [[ -z stoleus_discovery_reset ]]
+ [[ -n '' ]]
+ api_index=51
+ STOLEUS_API_FUNCTIONS+=("$function_name")
+ STOLEUS_API_SUBSYSTEMS+=("$subsystem")
+ STOLEUS_API_VISIBILITIES+=("$visibility")
+ STOLEUS_API_STABILITIES+=("$stability")
+ STOLEUS_API_OWNERS+=("$owner")
+ STOLEUS_API_INDEX_BY_FUNCTION["$function_name"]=51
+ return 0
+ stoleus_api_register discovery stoleus_discovery_is_scanned internal internal kernel/discovery/discovery.sh
+ local subsystem=discovery
+ local function_name=stoleus_discovery_is_scanned
+ local visibility=internal
+ local stability=internal
+ local owner=kernel/discovery/discovery.sh
+ local api_index=0
+ stoleus_api_validate_identifier discovery subsystem
+ local value=discovery
+ local label=subsystem
+ [[ -z discovery ]]
+ [[ ! discovery =~ ^[a-z][a-z0-9-]*$ ]]
+ return 0
+ [[ -z stoleus_discovery_is_scanned ]]
+ [[ ! stoleus_discovery_is_scanned =~ ^stoleus_[a-zA-Z0-9_]+$ ]]
+ case "$visibility" in
+ case "$stability" in
+ [[ -z kernel/discovery/discovery.sh ]]
+ stoleus_api_exists stoleus_discovery_is_scanned
+ local function_name=stoleus_discovery_is_scanned
+ [[ -z stoleus_discovery_is_scanned ]]
+ [[ -n '' ]]
+ api_index=52
+ STOLEUS_API_FUNCTIONS+=("$function_name")
+ STOLEUS_API_SUBSYSTEMS+=("$subsystem")
+ STOLEUS_API_VISIBILITIES+=("$visibility")
+ STOLEUS_API_STABILITIES+=("$stability")
+ STOLEUS_API_OWNERS+=("$owner")
+ STOLEUS_API_INDEX_BY_FUNCTION["$function_name"]=52
+ return 0
+ stoleus_api_register definition stoleus_definition_initialize internal internal kernel/definition/definition.sh
+ local subsystem=definition
+ local function_name=stoleus_definition_initialize
+ local visibility=internal
+ local stability=internal
+ local owner=kernel/definition/definition.sh
+ local api_index=0
+ stoleus_api_validate_identifier definition subsystem
+ local value=definition
+ local label=subsystem
+ [[ -z definition ]]
+ [[ ! definition =~ ^[a-z][a-z0-9-]*$ ]]
+ return 0
+ [[ -z stoleus_definition_initialize ]]
+ [[ ! stoleus_definition_initialize =~ ^stoleus_[a-zA-Z0-9_]+$ ]]
+ case "$visibility" in
+ case "$stability" in
+ [[ -z kernel/definition/definition.sh ]]
+ stoleus_api_exists stoleus_definition_initialize
+ local function_name=stoleus_definition_initialize
+ [[ -z stoleus_definition_initialize ]]
+ [[ -n '' ]]
+ api_index=53
+ STOLEUS_API_FUNCTIONS+=("$function_name")
+ STOLEUS_API_SUBSYSTEMS+=("$subsystem")
+ STOLEUS_API_VISIBILITIES+=("$visibility")
+ STOLEUS_API_STABILITIES+=("$stability")
+ STOLEUS_API_OWNERS+=("$owner")
+ STOLEUS_API_INDEX_BY_FUNCTION["$function_name"]=53
+ return 0
+ stoleus_api_register definition stoleus_definition_build_all public stable kernel/definition/definition.sh
+ local subsystem=definition
+ local function_name=stoleus_definition_build_all
+ local visibility=public
+ local stability=stable
+ local owner=kernel/definition/definition.sh
+ local api_index=0
+ stoleus_api_validate_identifier definition subsystem
+ local value=definition
+ local label=subsystem
+ [[ -z definition ]]
+ [[ ! definition =~ ^[a-z][a-z0-9-]*$ ]]
+ return 0
+ [[ -z stoleus_definition_build_all ]]
+ [[ ! stoleus_definition_build_all =~ ^stoleus_[a-zA-Z0-9_]+$ ]]
+ case "$visibility" in
+ case "$stability" in
+ [[ -z kernel/definition/definition.sh ]]
+ stoleus_api_exists stoleus_definition_build_all
+ local function_name=stoleus_definition_build_all
+ [[ -z stoleus_definition_build_all ]]
+ [[ -n '' ]]
+ api_index=54
+ STOLEUS_API_FUNCTIONS+=("$function_name")
+ STOLEUS_API_SUBSYSTEMS+=("$subsystem")
+ STOLEUS_API_VISIBILITIES+=("$visibility")
+ STOLEUS_API_STABILITIES+=("$stability")
+ STOLEUS_API_OWNERS+=("$owner")
+ STOLEUS_API_INDEX_BY_FUNCTION["$function_name"]=54
+ return 0
+ stoleus_api_register definition stoleus_definition_get_records public stable kernel/definition/definition.sh
+ local subsystem=definition
+ local function_name=stoleus_definition_get_records
+ local visibility=public
+ local stability=stable
+ local owner=kernel/definition/definition.sh
+ local api_index=0
+ stoleus_api_validate_identifier definition subsystem
+ local value=definition
+ local label=subsystem
+ [[ -z definition ]]
+ [[ ! definition =~ ^[a-z][a-z0-9-]*$ ]]
+ return 0
+ [[ -z stoleus_definition_get_records ]]
+ [[ ! stoleus_definition_get_records =~ ^stoleus_[a-zA-Z0-9_]+$ ]]
+ case "$visibility" in
+ case "$stability" in
+ [[ -z kernel/definition/definition.sh ]]
+ stoleus_api_exists stoleus_definition_get_records
+ local function_name=stoleus_definition_get_records
+ [[ -z stoleus_definition_get_records ]]
+ [[ -n '' ]]
+ api_index=55
+ STOLEUS_API_FUNCTIONS+=("$function_name")
+ STOLEUS_API_SUBSYSTEMS+=("$subsystem")
+ STOLEUS_API_VISIBILITIES+=("$visibility")
+ STOLEUS_API_STABILITIES+=("$stability")
+ STOLEUS_API_OWNERS+=("$owner")
+ STOLEUS_API_INDEX_BY_FUNCTION["$function_name"]=55
+ return 0
+ stoleus_api_register definition stoleus_definition_reset public stable kernel/definition/definition.sh
+ local subsystem=definition
+ local function_name=stoleus_definition_reset
+ local visibility=public
+ local stability=stable
+ local owner=kernel/definition/definition.sh
+ local api_index=0
+ stoleus_api_validate_identifier definition subsystem
+ local value=definition
+ local label=subsystem
+ [[ -z definition ]]
+ [[ ! definition =~ ^[a-z][a-z0-9-]*$ ]]
+ return 0
+ [[ -z stoleus_definition_reset ]]
+ [[ ! stoleus_definition_reset =~ ^stoleus_[a-zA-Z0-9_]+$ ]]
+ case "$visibility" in
+ case "$stability" in
+ [[ -z kernel/definition/definition.sh ]]
+ stoleus_api_exists stoleus_definition_reset
+ local function_name=stoleus_definition_reset
+ [[ -z stoleus_definition_reset ]]
+ [[ -n '' ]]
+ api_index=56
+ STOLEUS_API_FUNCTIONS+=("$function_name")
+ STOLEUS_API_SUBSYSTEMS+=("$subsystem")
+ STOLEUS_API_VISIBILITIES+=("$visibility")
+ STOLEUS_API_STABILITIES+=("$stability")
+ STOLEUS_API_OWNERS+=("$owner")
+ STOLEUS_API_INDEX_BY_FUNCTION["$function_name"]=56
+ return 0
+ stoleus_api_register definition stoleus_definition_is_frozen internal internal kernel/definition/definition.sh
+ local subsystem=definition
+ local function_name=stoleus_definition_is_frozen
+ local visibility=internal
+ local stability=internal
+ local owner=kernel/definition/definition.sh
+ local api_index=0
+ stoleus_api_validate_identifier definition subsystem
+ local value=definition
+ local label=subsystem
+ [[ -z definition ]]
+ [[ ! definition =~ ^[a-z][a-z0-9-]*$ ]]
+ return 0
+ [[ -z stoleus_definition_is_frozen ]]
+ [[ ! stoleus_definition_is_frozen =~ ^stoleus_[a-zA-Z0-9_]+$ ]]
+ case "$visibility" in
+ case "$stability" in
+ [[ -z kernel/definition/definition.sh ]]
+ stoleus_api_exists stoleus_definition_is_frozen
+ local function_name=stoleus_definition_is_frozen
+ [[ -z stoleus_definition_is_frozen ]]
+ [[ -n '' ]]
+ api_index=57
+ STOLEUS_API_FUNCTIONS+=("$function_name")
+ STOLEUS_API_SUBSYSTEMS+=("$subsystem")
+ STOLEUS_API_VISIBILITIES+=("$visibility")
+ STOLEUS_API_STABILITIES+=("$stability")
+ STOLEUS_API_OWNERS+=("$owner")
+ STOLEUS_API_INDEX_BY_FUNCTION["$function_name"]=57
+ return 0
+ stoleus_api_register definition stoleus_definition_register internal internal kernel/definition/definition.sh
+ local subsystem=definition
+ local function_name=stoleus_definition_register
+ local visibility=internal
+ local stability=internal
+ local owner=kernel/definition/definition.sh
+ local api_index=0
+ stoleus_api_validate_identifier definition subsystem
+ local value=definition
+ local label=subsystem
+ [[ -z definition ]]
+ [[ ! definition =~ ^[a-z][a-z0-9-]*$ ]]
+ return 0
+ [[ -z stoleus_definition_register ]]
+ [[ ! stoleus_definition_register =~ ^stoleus_[a-zA-Z0-9_]+$ ]]
+ case "$visibility" in
+ case "$stability" in
+ [[ -z kernel/definition/definition.sh ]]
+ stoleus_api_exists stoleus_definition_register
+ local function_name=stoleus_definition_register
+ [[ -z stoleus_definition_register ]]
+ [[ -n '' ]]
+ api_index=58
+ STOLEUS_API_FUNCTIONS+=("$function_name")
+ STOLEUS_API_SUBSYSTEMS+=("$subsystem")
+ STOLEUS_API_VISIBILITIES+=("$visibility")
+ STOLEUS_API_STABILITIES+=("$stability")
+ STOLEUS_API_OWNERS+=("$owner")
+ STOLEUS_API_INDEX_BY_FUNCTION["$function_name"]=58
+ return 0
+ stoleus_api_register definition stoleus_manifest_bash_load internal internal kernel/definition/providers/bash.sh
+ local subsystem=definition
+ local function_name=stoleus_manifest_bash_load
+ local visibility=internal
+ local stability=internal
+ local owner=kernel/definition/providers/bash.sh
+ local api_index=0
+ stoleus_api_validate_identifier definition subsystem
+ local value=definition
+ local label=subsystem
+ [[ -z definition ]]
+ [[ ! definition =~ ^[a-z][a-z0-9-]*$ ]]
+ return 0
+ [[ -z stoleus_manifest_bash_load ]]
+ [[ ! stoleus_manifest_bash_load =~ ^stoleus_[a-zA-Z0-9_]+$ ]]
+ case "$visibility" in
+ case "$stability" in
+ [[ -z kernel/definition/providers/bash.sh ]]
+ stoleus_api_exists stoleus_manifest_bash_load
+ local function_name=stoleus_manifest_bash_load
+ [[ -z stoleus_manifest_bash_load ]]
+ [[ -n '' ]]
+ api_index=59
+ STOLEUS_API_FUNCTIONS+=("$function_name")
+ STOLEUS_API_SUBSYSTEMS+=("$subsystem")
+ STOLEUS_API_VISIBILITIES+=("$visibility")
+ STOLEUS_API_STABILITIES+=("$stability")
+ STOLEUS_API_OWNERS+=("$owner")
+ STOLEUS_API_INDEX_BY_FUNCTION["$function_name"]=59
+ return 0
+ stoleus_api_register plugin-manifest stoleus_plugin_begin dsl stable kernel/definition/providers/bash.sh
+ local subsystem=plugin-manifest
+ local function_name=stoleus_plugin_begin
+ local visibility=dsl
+ local stability=stable
+ local owner=kernel/definition/providers/bash.sh
+ local api_index=0
+ stoleus_api_validate_identifier plugin-manifest subsystem
+ local value=plugin-manifest
+ local label=subsystem
+ [[ -z plugin-manifest ]]
+ [[ ! plugin-manifest =~ ^[a-z][a-z0-9-]*$ ]]
+ return 0
+ [[ -z stoleus_plugin_begin ]]
+ [[ ! stoleus_plugin_begin =~ ^stoleus_[a-zA-Z0-9_]+$ ]]
+ case "$visibility" in
+ case "$stability" in
+ [[ -z kernel/definition/providers/bash.sh ]]
+ stoleus_api_exists stoleus_plugin_begin
+ local function_name=stoleus_plugin_begin
+ [[ -z stoleus_plugin_begin ]]
+ [[ -n '' ]]
+ api_index=60
+ STOLEUS_API_FUNCTIONS+=("$function_name")
+ STOLEUS_API_SUBSYSTEMS+=("$subsystem")
+ STOLEUS_API_VISIBILITIES+=("$visibility")
+ STOLEUS_API_STABILITIES+=("$stability")
+ STOLEUS_API_OWNERS+=("$owner")
+ STOLEUS_API_INDEX_BY_FUNCTION["$function_name"]=60
+ return 0
+ stoleus_api_register plugin-manifest stoleus_plugin_description dsl stable kernel/definition/providers/bash.sh
+ local subsystem=plugin-manifest
+ local function_name=stoleus_plugin_description
+ local visibility=dsl
+ local stability=stable
+ local owner=kernel/definition/providers/bash.sh
+ local api_index=0
+ stoleus_api_validate_identifier plugin-manifest subsystem
+ local value=plugin-manifest
+ local label=subsystem
+ [[ -z plugin-manifest ]]
+ [[ ! plugin-manifest =~ ^[a-z][a-z0-9-]*$ ]]
+ return 0
+ [[ -z stoleus_plugin_description ]]
+ [[ ! stoleus_plugin_description =~ ^stoleus_[a-zA-Z0-9_]+$ ]]
+ case "$visibility" in
+ case "$stability" in
+ [[ -z kernel/definition/providers/bash.sh ]]
+ stoleus_api_exists stoleus_plugin_description
+ local function_name=stoleus_plugin_description
+ [[ -z stoleus_plugin_description ]]
+ [[ -n '' ]]
+ api_index=61
+ STOLEUS_API_FUNCTIONS+=("$function_name")
+ STOLEUS_API_SUBSYSTEMS+=("$subsystem")
+ STOLEUS_API_VISIBILITIES+=("$visibility")
+ STOLEUS_API_STABILITIES+=("$stability")
+ STOLEUS_API_OWNERS+=("$owner")
+ STOLEUS_API_INDEX_BY_FUNCTION["$function_name"]=61
+ return 0
+ stoleus_api_register plugin-manifest stoleus_plugin_implementation dsl stable kernel/definition/providers/bash.sh
+ local subsystem=plugin-manifest
+ local function_name=stoleus_plugin_implementation
+ local visibility=dsl
+ local stability=stable
+ local owner=kernel/definition/providers/bash.sh
+ local api_index=0
+ stoleus_api_validate_identifier plugin-manifest subsystem
+ local value=plugin-manifest
+ local label=subsystem
+ [[ -z plugin-manifest ]]
+ [[ ! plugin-manifest =~ ^[a-z][a-z0-9-]*$ ]]
+ return 0
+ [[ -z stoleus_plugin_implementation ]]
+ [[ ! stoleus_plugin_implementation =~ ^stoleus_[a-zA-Z0-9_]+$ ]]
+ case "$visibility" in
+ case "$stability" in
+ [[ -z kernel/definition/providers/bash.sh ]]
+ stoleus_api_exists stoleus_plugin_implementation
+ local function_name=stoleus_plugin_implementation
+ [[ -z stoleus_plugin_implementation ]]
+ [[ -n '' ]]
+ api_index=62
+ STOLEUS_API_FUNCTIONS+=("$function_name")
+ STOLEUS_API_SUBSYSTEMS+=("$subsystem")
+ STOLEUS_API_VISIBILITIES+=("$visibility")
+ STOLEUS_API_STABILITIES+=("$stability")
+ STOLEUS_API_OWNERS+=("$owner")
+ STOLEUS_API_INDEX_BY_FUNCTION["$function_name"]=62
+ return 0
+ stoleus_api_register plugin-manifest stoleus_plugin_dependencies dsl stable kernel/definition/providers/bash.sh
+ local subsystem=plugin-manifest
+ local function_name=stoleus_plugin_dependencies
+ local visibility=dsl
+ local stability=stable
+ local owner=kernel/definition/providers/bash.sh
+ local api_index=0
+ stoleus_api_validate_identifier plugin-manifest subsystem
+ local value=plugin-manifest
+ local label=subsystem
+ [[ -z plugin-manifest ]]
+ [[ ! plugin-manifest =~ ^[a-z][a-z0-9-]*$ ]]
+ return 0
+ [[ -z stoleus_plugin_dependencies ]]
+ [[ ! stoleus_plugin_dependencies =~ ^stoleus_[a-zA-Z0-9_]+$ ]]
+ case "$visibility" in
+ case "$stability" in
+ [[ -z kernel/definition/providers/bash.sh ]]
+ stoleus_api_exists stoleus_plugin_dependencies
+ local function_name=stoleus_plugin_dependencies
+ [[ -z stoleus_plugin_dependencies ]]
+ [[ -n '' ]]
+ api_index=63
+ STOLEUS_API_FUNCTIONS+=("$function_name")
+ STOLEUS_API_SUBSYSTEMS+=("$subsystem")
+ STOLEUS_API_VISIBILITIES+=("$visibility")
+ STOLEUS_API_STABILITIES+=("$stability")
+ STOLEUS_API_OWNERS+=("$owner")
+ STOLEUS_API_INDEX_BY_FUNCTION["$function_name"]=63
+ return 0
+ stoleus_api_register plugin-manifest stoleus_plugin_capabilities dsl stable kernel/definition/providers/bash.sh
+ local subsystem=plugin-manifest
+ local function_name=stoleus_plugin_capabilities
+ local visibility=dsl
+ local stability=stable
+ local owner=kernel/definition/providers/bash.sh
+ local api_index=0
+ stoleus_api_validate_identifier plugin-manifest subsystem
+ local value=plugin-manifest
+ local label=subsystem
+ [[ -z plugin-manifest ]]
+ [[ ! plugin-manifest =~ ^[a-z][a-z0-9-]*$ ]]
+ return 0
+ [[ -z stoleus_plugin_capabilities ]]
+ [[ ! stoleus_plugin_capabilities =~ ^stoleus_[a-zA-Z0-9_]+$ ]]
+ case "$visibility" in
+ case "$stability" in
+ [[ -z kernel/definition/providers/bash.sh ]]
+ stoleus_api_exists stoleus_plugin_capabilities
+ local function_name=stoleus_plugin_capabilities
+ [[ -z stoleus_plugin_capabilities ]]
+ [[ -n '' ]]
+ api_index=64
+ STOLEUS_API_FUNCTIONS+=("$function_name")
+ STOLEUS_API_SUBSYSTEMS+=("$subsystem")
+ STOLEUS_API_VISIBILITIES+=("$visibility")
+ STOLEUS_API_STABILITIES+=("$stability")
+ STOLEUS_API_OWNERS+=("$owner")
+ STOLEUS_API_INDEX_BY_FUNCTION["$function_name"]=64
+ return 0
+ stoleus_api_register plugin-manifest stoleus_plugin_requires_capabilities dsl experimental kernel/definition/providers/bash.sh
+ local subsystem=plugin-manifest
+ local function_name=stoleus_plugin_requires_capabilities
+ local visibility=dsl
+ local stability=experimental
+ local owner=kernel/definition/providers/bash.sh
+ local api_index=0
+ stoleus_api_validate_identifier plugin-manifest subsystem
+ local value=plugin-manifest
+ local label=subsystem
+ [[ -z plugin-manifest ]]
+ [[ ! plugin-manifest =~ ^[a-z][a-z0-9-]*$ ]]
+ return 0
+ [[ -z stoleus_plugin_requires_capabilities ]]
+ [[ ! stoleus_plugin_requires_capabilities =~ ^stoleus_[a-zA-Z0-9_]+$ ]]
+ case "$visibility" in
+ case "$stability" in
+ [[ -z kernel/definition/providers/bash.sh ]]
+ stoleus_api_exists stoleus_plugin_requires_capabilities
+ local function_name=stoleus_plugin_requires_capabilities
+ [[ -z stoleus_plugin_requires_capabilities ]]
+ [[ -n '' ]]
+ api_index=65
+ STOLEUS_API_FUNCTIONS+=("$function_name")
+ STOLEUS_API_SUBSYSTEMS+=("$subsystem")
+ STOLEUS_API_VISIBILITIES+=("$visibility")
+ STOLEUS_API_STABILITIES+=("$stability")
+ STOLEUS_API_OWNERS+=("$owner")
+ STOLEUS_API_INDEX_BY_FUNCTION["$function_name"]=65
+ return 0
+ stoleus_api_register plugin-manifest stoleus_plugin_provides_capabilities dsl experimental kernel/definition/providers/bash.sh
+ local subsystem=plugin-manifest
+ local function_name=stoleus_plugin_provides_capabilities
+ local visibility=dsl
+ local stability=experimental
+ local owner=kernel/definition/providers/bash.sh
+ local api_index=0
+ stoleus_api_validate_identifier plugin-manifest subsystem
+ local value=plugin-manifest
+ local label=subsystem
+ [[ -z plugin-manifest ]]
+ [[ ! plugin-manifest =~ ^[a-z][a-z0-9-]*$ ]]
+ return 0
+ [[ -z stoleus_plugin_provides_capabilities ]]
+ [[ ! stoleus_plugin_provides_capabilities =~ ^stoleus_[a-zA-Z0-9_]+$ ]]
+ case "$visibility" in
+ case "$stability" in
+ [[ -z kernel/definition/providers/bash.sh ]]
+ stoleus_api_exists stoleus_plugin_provides_capabilities
+ local function_name=stoleus_plugin_provides_capabilities
+ [[ -z stoleus_plugin_provides_capabilities ]]
+ [[ -n '' ]]
+ api_index=66
+ STOLEUS_API_FUNCTIONS+=("$function_name")
+ STOLEUS_API_SUBSYSTEMS+=("$subsystem")
+ STOLEUS_API_VISIBILITIES+=("$visibility")
+ STOLEUS_API_STABILITIES+=("$stability")
+ STOLEUS_API_OWNERS+=("$owner")
+ STOLEUS_API_INDEX_BY_FUNCTION["$function_name"]=66
+ return 0
+ stoleus_api_register plugin-manifest stoleus_plugin_requires_services dsl experimental kernel/definition/providers/bash.sh
+ local subsystem=plugin-manifest
+ local function_name=stoleus_plugin_requires_services
+ local visibility=dsl
+ local stability=experimental
+ local owner=kernel/definition/providers/bash.sh
+ local api_index=0
+ stoleus_api_validate_identifier plugin-manifest subsystem
+ local value=plugin-manifest
+ local label=subsystem
+ [[ -z plugin-manifest ]]
+ [[ ! plugin-manifest =~ ^[a-z][a-z0-9-]*$ ]]
+ return 0
+ [[ -z stoleus_plugin_requires_services ]]
+ [[ ! stoleus_plugin_requires_services =~ ^stoleus_[a-zA-Z0-9_]+$ ]]
+ case "$visibility" in
+ case "$stability" in
+ [[ -z kernel/definition/providers/bash.sh ]]
+ stoleus_api_exists stoleus_plugin_requires_services
+ local function_name=stoleus_plugin_requires_services
+ [[ -z stoleus_plugin_requires_services ]]
+ [[ -n '' ]]
+ api_index=67
+ STOLEUS_API_FUNCTIONS+=("$function_name")
+ STOLEUS_API_SUBSYSTEMS+=("$subsystem")
+ STOLEUS_API_VISIBILITIES+=("$visibility")
+ STOLEUS_API_STABILITIES+=("$stability")
+ STOLEUS_API_OWNERS+=("$owner")
+ STOLEUS_API_INDEX_BY_FUNCTION["$function_name"]=67
+ return 0
+ stoleus_api_register plugin-manifest stoleus_plugin_provides_service dsl experimental kernel/definition/providers/bash.sh
+ local subsystem=plugin-manifest
+ local function_name=stoleus_plugin_provides_service
+ local visibility=dsl
+ local stability=experimental
+ local owner=kernel/definition/providers/bash.sh
+ local api_index=0
+ stoleus_api_validate_identifier plugin-manifest subsystem
+ local value=plugin-manifest
+ local label=subsystem
+ [[ -z plugin-manifest ]]
+ [[ ! plugin-manifest =~ ^[a-z][a-z0-9-]*$ ]]
+ return 0
+ [[ -z stoleus_plugin_provides_service ]]
+ [[ ! stoleus_plugin_provides_service =~ ^stoleus_[a-zA-Z0-9_]+$ ]]
+ case "$visibility" in
+ case "$stability" in
+ [[ -z kernel/definition/providers/bash.sh ]]
+ stoleus_api_exists stoleus_plugin_provides_service
+ local function_name=stoleus_plugin_provides_service
+ [[ -z stoleus_plugin_provides_service ]]
+ [[ -n '' ]]
+ api_index=68
+ STOLEUS_API_FUNCTIONS+=("$function_name")
+ STOLEUS_API_SUBSYSTEMS+=("$subsystem")
+ STOLEUS_API_VISIBILITIES+=("$visibility")
+ STOLEUS_API_STABILITIES+=("$stability")
+ STOLEUS_API_OWNERS+=("$owner")
+ STOLEUS_API_INDEX_BY_FUNCTION["$function_name"]=68
+ return 0
+ stoleus_api_register plugin-manifest stoleus_plugin_service_operation dsl experimental kernel/definition/providers/bash.sh
+ local subsystem=plugin-manifest
+ local function_name=stoleus_plugin_service_operation
+ local visibility=dsl
+ local stability=experimental
+ local owner=kernel/definition/providers/bash.sh
+ local api_index=0
+ stoleus_api_validate_identifier plugin-manifest subsystem
+ local value=plugin-manifest
+ local label=subsystem
+ [[ -z plugin-manifest ]]
+ [[ ! plugin-manifest =~ ^[a-z][a-z0-9-]*$ ]]
+ return 0
+ [[ -z stoleus_plugin_service_operation ]]
+ [[ ! stoleus_plugin_service_operation =~ ^stoleus_[a-zA-Z0-9_]+$ ]]
+ case "$visibility" in
+ case "$stability" in
+ [[ -z kernel/definition/providers/bash.sh ]]
+ stoleus_api_exists stoleus_plugin_service_operation
+ local function_name=stoleus_plugin_service_operation
+ [[ -z stoleus_plugin_service_operation ]]
+ [[ -n '' ]]
+ api_index=69
+ STOLEUS_API_FUNCTIONS+=("$function_name")
+ STOLEUS_API_SUBSYSTEMS+=("$subsystem")
+ STOLEUS_API_VISIBILITIES+=("$visibility")
+ STOLEUS_API_STABILITIES+=("$stability")
+ STOLEUS_API_OWNERS+=("$owner")
+ STOLEUS_API_INDEX_BY_FUNCTION["$function_name"]=69
+ return 0
+ stoleus_api_register plugin-manifest stoleus_plugin_service_condition dsl experimental kernel/definition/providers/bash.sh
+ local subsystem=plugin-manifest
+ local function_name=stoleus_plugin_service_condition
+ local visibility=dsl
+ local stability=experimental
+ local owner=kernel/definition/providers/bash.sh
+ local api_index=0
+ stoleus_api_validate_identifier plugin-manifest subsystem
+ local value=plugin-manifest
+ local label=subsystem
+ [[ -z plugin-manifest ]]
+ [[ ! plugin-manifest =~ ^[a-z][a-z0-9-]*$ ]]
+ return 0
+ [[ -z stoleus_plugin_service_condition ]]
+ [[ ! stoleus_plugin_service_condition =~ ^stoleus_[a-zA-Z0-9_]+$ ]]
+ case "$visibility" in
+ case "$stability" in
+ [[ -z kernel/definition/providers/bash.sh ]]
+ stoleus_api_exists stoleus_plugin_service_condition
+ local function_name=stoleus_plugin_service_condition
+ [[ -z stoleus_plugin_service_condition ]]
+ [[ -n '' ]]
+ api_index=70
+ STOLEUS_API_FUNCTIONS+=("$function_name")
+ STOLEUS_API_SUBSYSTEMS+=("$subsystem")
+ STOLEUS_API_VISIBILITIES+=("$visibility")
+ STOLEUS_API_STABILITIES+=("$stability")
+ STOLEUS_API_OWNERS+=("$owner")
+ STOLEUS_API_INDEX_BY_FUNCTION["$function_name"]=70
+ return 0
+ stoleus_api_register plugin-manifest stoleus_plugin_lifecycle dsl stable kernel/definition/providers/bash.sh
+ local subsystem=plugin-manifest
+ local function_name=stoleus_plugin_lifecycle
+ local visibility=dsl
+ local stability=stable
+ local owner=kernel/definition/providers/bash.sh
+ local api_index=0
+ stoleus_api_validate_identifier plugin-manifest subsystem
+ local value=plugin-manifest
+ local label=subsystem
+ [[ -z plugin-manifest ]]
+ [[ ! plugin-manifest =~ ^[a-z][a-z0-9-]*$ ]]
+ return 0
+ [[ -z stoleus_plugin_lifecycle ]]
+ [[ ! stoleus_plugin_lifecycle =~ ^stoleus_[a-zA-Z0-9_]+$ ]]
+ case "$visibility" in
+ case "$stability" in
+ [[ -z kernel/definition/providers/bash.sh ]]
+ stoleus_api_exists stoleus_plugin_lifecycle
+ local function_name=stoleus_plugin_lifecycle
+ [[ -z stoleus_plugin_lifecycle ]]
+ [[ -n '' ]]
+ api_index=71
+ STOLEUS_API_FUNCTIONS+=("$function_name")
+ STOLEUS_API_SUBSYSTEMS+=("$subsystem")
+ STOLEUS_API_VISIBILITIES+=("$visibility")
+ STOLEUS_API_STABILITIES+=("$stability")
+ STOLEUS_API_OWNERS+=("$owner")
+ STOLEUS_API_INDEX_BY_FUNCTION["$function_name"]=71
+ return 0
+ stoleus_api_register plugin-manifest stoleus_plugin_end dsl stable kernel/definition/providers/bash.sh
+ local subsystem=plugin-manifest
+ local function_name=stoleus_plugin_end
+ local visibility=dsl
+ local stability=stable
+ local owner=kernel/definition/providers/bash.sh
+ local api_index=0
+ stoleus_api_validate_identifier plugin-manifest subsystem
+ local value=plugin-manifest
+ local label=subsystem
+ [[ -z plugin-manifest ]]
+ [[ ! plugin-manifest =~ ^[a-z][a-z0-9-]*$ ]]
+ return 0
+ [[ -z stoleus_plugin_end ]]
+ [[ ! stoleus_plugin_end =~ ^stoleus_[a-zA-Z0-9_]+$ ]]
+ case "$visibility" in
+ case "$stability" in
+ [[ -z kernel/definition/providers/bash.sh ]]
+ stoleus_api_exists stoleus_plugin_end
+ local function_name=stoleus_plugin_end
+ [[ -z stoleus_plugin_end ]]
+ [[ -n '' ]]
+ api_index=72
+ STOLEUS_API_FUNCTIONS+=("$function_name")
+ STOLEUS_API_SUBSYSTEMS+=("$subsystem")
+ STOLEUS_API_VISIBILITIES+=("$visibility")
+ STOLEUS_API_STABILITIES+=("$stability")
+ STOLEUS_API_OWNERS+=("$owner")
+ STOLEUS_API_INDEX_BY_FUNCTION["$function_name"]=72
+ return 0
+ stoleus_api_register registry stoleus_registry_initialize internal internal kernel/registry/registry.sh
+ local subsystem=registry
+ local function_name=stoleus_registry_initialize
+ local visibility=internal
+ local stability=internal
+ local owner=kernel/registry/registry.sh
+ local api_index=0
+ stoleus_api_validate_identifier registry subsystem
+ local value=registry
+ local label=subsystem
+ [[ -z registry ]]
+ [[ ! registry =~ ^[a-z][a-z0-9-]*$ ]]
+ return 0
+ [[ -z stoleus_registry_initialize ]]
+ [[ ! stoleus_registry_initialize =~ ^stoleus_[a-zA-Z0-9_]+$ ]]
+ case "$visibility" in
+ case "$stability" in
+ [[ -z kernel/registry/registry.sh ]]
+ stoleus_api_exists stoleus_registry_initialize
+ local function_name=stoleus_registry_initialize
+ [[ -z stoleus_registry_initialize ]]
+ [[ -n '' ]]
+ api_index=73
+ STOLEUS_API_FUNCTIONS+=("$function_name")
+ STOLEUS_API_SUBSYSTEMS+=("$subsystem")
+ STOLEUS_API_VISIBILITIES+=("$visibility")
+ STOLEUS_API_STABILITIES+=("$stability")
+ STOLEUS_API_OWNERS+=("$owner")
+ STOLEUS_API_INDEX_BY_FUNCTION["$function_name"]=73
+ return 0
+ stoleus_api_register registry stoleus_registry_import_definitions internal internal kernel/registry/registry.sh
+ local subsystem=registry
+ local function_name=stoleus_registry_import_definitions
+ local visibility=internal
+ local stability=internal
+ local owner=kernel/registry/registry.sh
+ local api_index=0
+ stoleus_api_validate_identifier registry subsystem
+ local value=registry
+ local label=subsystem
+ [[ -z registry ]]
+ [[ ! registry =~ ^[a-z][a-z0-9-]*$ ]]
+ return 0
+ [[ -z stoleus_registry_import_definitions ]]
+ [[ ! stoleus_registry_import_definitions =~ ^stoleus_[a-zA-Z0-9_]+$ ]]
+ case "$visibility" in
+ case "$stability" in
+ [[ -z kernel/registry/registry.sh ]]
+ stoleus_api_exists stoleus_registry_import_definitions
+ local function_name=stoleus_registry_import_definitions
+ [[ -z stoleus_registry_import_definitions ]]
+ [[ -n '' ]]
+ api_index=74
+ STOLEUS_API_FUNCTIONS+=("$function_name")
+ STOLEUS_API_SUBSYSTEMS+=("$subsystem")
+ STOLEUS_API_VISIBILITIES+=("$visibility")
+ STOLEUS_API_STABILITIES+=("$stability")
+ STOLEUS_API_OWNERS+=("$owner")
+ STOLEUS_API_INDEX_BY_FUNCTION["$function_name"]=74
+ return 0
+ stoleus_api_register registry stoleus_registry_contains public stable kernel/registry/registry.sh
+ local subsystem=registry
+ local function_name=stoleus_registry_contains
+ local visibility=public
+ local stability=stable
+ local owner=kernel/registry/registry.sh
+ local api_index=0
+ stoleus_api_validate_identifier registry subsystem
+ local value=registry
+ local label=subsystem
+ [[ -z registry ]]
+ [[ ! registry =~ ^[a-z][a-z0-9-]*$ ]]
+ return 0
+ [[ -z stoleus_registry_contains ]]
+ [[ ! stoleus_registry_contains =~ ^stoleus_[a-zA-Z0-9_]+$ ]]
+ case "$visibility" in
+ case "$stability" in
+ [[ -z kernel/registry/registry.sh ]]
+ stoleus_api_exists stoleus_registry_contains
+ local function_name=stoleus_registry_contains
+ [[ -z stoleus_registry_contains ]]
+ [[ -n '' ]]
+ api_index=75
+ STOLEUS_API_FUNCTIONS+=("$function_name")
+ STOLEUS_API_SUBSYSTEMS+=("$subsystem")
+ STOLEUS_API_VISIBILITIES+=("$visibility")
+ STOLEUS_API_STABILITIES+=("$stability")
+ STOLEUS_API_OWNERS+=("$owner")
+ STOLEUS_API_INDEX_BY_FUNCTION["$function_name"]=75
+ return 0
+ stoleus_api_register registry stoleus_registry_get_index public stable kernel/registry/registry.sh
+ local subsystem=registry
+ local function_name=stoleus_registry_get_index
+ local visibility=public
+ local stability=stable
+ local owner=kernel/registry/registry.sh
+ local api_index=0
+ stoleus_api_validate_identifier registry subsystem
+ local value=registry
+ local label=subsystem
+ [[ -z registry ]]
+ [[ ! registry =~ ^[a-z][a-z0-9-]*$ ]]
+ return 0
+ [[ -z stoleus_registry_get_index ]]
+ [[ ! stoleus_registry_get_index =~ ^stoleus_[a-zA-Z0-9_]+$ ]]
+ case "$visibility" in
+ case "$stability" in
+ [[ -z kernel/registry/registry.sh ]]
+ stoleus_api_exists stoleus_registry_get_index
+ local function_name=stoleus_registry_get_index
+ [[ -z stoleus_registry_get_index ]]
+ [[ -n '' ]]
+ api_index=76
+ STOLEUS_API_FUNCTIONS+=("$function_name")
+ STOLEUS_API_SUBSYSTEMS+=("$subsystem")
+ STOLEUS_API_VISIBILITIES+=("$visibility")
+ STOLEUS_API_STABILITIES+=("$stability")
+ STOLEUS_API_OWNERS+=("$owner")
+ STOLEUS_API_INDEX_BY_FUNCTION["$function_name"]=76
+ return 0
+ stoleus_api_register registry stoleus_registry_get_count public stable kernel/registry/registry.sh
+ local subsystem=registry
+ local function_name=stoleus_registry_get_count
+ local visibility=public
+ local stability=stable
+ local owner=kernel/registry/registry.sh
+ local api_index=0
+ stoleus_api_validate_identifier registry subsystem
+ local value=registry
+ local label=subsystem
+ [[ -z registry ]]
+ [[ ! registry =~ ^[a-z][a-z0-9-]*$ ]]
+ return 0
+ [[ -z stoleus_registry_get_count ]]
+ [[ ! stoleus_registry_get_count =~ ^stoleus_[a-zA-Z0-9_]+$ ]]
+ case "$visibility" in
+ case "$stability" in
+ [[ -z kernel/registry/registry.sh ]]
+ stoleus_api_exists stoleus_registry_get_count
+ local function_name=stoleus_registry_get_count
+ [[ -z stoleus_registry_get_count ]]
+ [[ -n '' ]]
+ api_index=77
+ STOLEUS_API_FUNCTIONS+=("$function_name")
+ STOLEUS_API_SUBSYSTEMS+=("$subsystem")
+ STOLEUS_API_VISIBILITIES+=("$visibility")
+ STOLEUS_API_STABILITIES+=("$stability")
+ STOLEUS_API_OWNERS+=("$owner")
+ STOLEUS_API_INDEX_BY_FUNCTION["$function_name"]=77
+ return 0
+ stoleus_api_register registry stoleus_registry_get_id_by_index public stable kernel/registry/registry.sh
+ local subsystem=registry
+ local function_name=stoleus_registry_get_id_by_index
+ local visibility=public
+ local stability=stable
+ local owner=kernel/registry/registry.sh
+ local api_index=0
+ stoleus_api_validate_identifier registry subsystem
+ local value=registry
+ local label=subsystem
+ [[ -z registry ]]
+ [[ ! registry =~ ^[a-z][a-z0-9-]*$ ]]
+ return 0
+ [[ -z stoleus_registry_get_id_by_index ]]
+ [[ ! stoleus_registry_get_id_by_index =~ ^stoleus_[a-zA-Z0-9_]+$ ]]
+ case "$visibility" in
+ case "$stability" in
+ [[ -z kernel/registry/registry.sh ]]
+ stoleus_api_exists stoleus_registry_get_id_by_index
+ local function_name=stoleus_registry_get_id_by_index
+ [[ -z stoleus_registry_get_id_by_index ]]
+ [[ -n '' ]]
+ api_index=78
+ STOLEUS_API_FUNCTIONS+=("$function_name")
+ STOLEUS_API_SUBSYSTEMS+=("$subsystem")
+ STOLEUS_API_VISIBILITIES+=("$visibility")
+ STOLEUS_API_STABILITIES+=("$stability")
+ STOLEUS_API_OWNERS+=("$owner")
+ STOLEUS_API_INDEX_BY_FUNCTION["$function_name"]=78
+ return 0
+ stoleus_api_register registry stoleus_registry_get_field public stable kernel/registry/registry.sh
+ local subsystem=registry
+ local function_name=stoleus_registry_get_field
+ local visibility=public
+ local stability=stable
+ local owner=kernel/registry/registry.sh
+ local api_index=0
+ stoleus_api_validate_identifier registry subsystem
+ local value=registry
+ local label=subsystem
+ [[ -z registry ]]
+ [[ ! registry =~ ^[a-z][a-z0-9-]*$ ]]
+ return 0
+ [[ -z stoleus_registry_get_field ]]
+ [[ ! stoleus_registry_get_field =~ ^stoleus_[a-zA-Z0-9_]+$ ]]
+ case "$visibility" in
+ case "$stability" in
+ [[ -z kernel/registry/registry.sh ]]
+ stoleus_api_exists stoleus_registry_get_field
+ local function_name=stoleus_registry_get_field
+ [[ -z stoleus_registry_get_field ]]
+ [[ -n '' ]]
+ api_index=79
+ STOLEUS_API_FUNCTIONS+=("$function_name")
+ STOLEUS_API_SUBSYSTEMS+=("$subsystem")
+ STOLEUS_API_VISIBILITIES+=("$visibility")
+ STOLEUS_API_STABILITIES+=("$stability")
+ STOLEUS_API_OWNERS+=("$owner")
+ STOLEUS_API_INDEX_BY_FUNCTION["$function_name"]=79
+ return 0
+ stoleus_api_register registry stoleus_registry_get_field_by_index public stable kernel/registry/registry.sh
+ local subsystem=registry
+ local function_name=stoleus_registry_get_field_by_index
+ local visibility=public
+ local stability=stable
+ local owner=kernel/registry/registry.sh
+ local api_index=0
+ stoleus_api_validate_identifier registry subsystem
+ local value=registry
+ local label=subsystem
+ [[ -z registry ]]
+ [[ ! registry =~ ^[a-z][a-z0-9-]*$ ]]
+ return 0
+ [[ -z stoleus_registry_get_field_by_index ]]
+ [[ ! stoleus_registry_get_field_by_index =~ ^stoleus_[a-zA-Z0-9_]+$ ]]
+ case "$visibility" in
+ case "$stability" in
+ [[ -z kernel/registry/registry.sh ]]
+ stoleus_api_exists stoleus_registry_get_field_by_index
+ local function_name=stoleus_registry_get_field_by_index
+ [[ -z stoleus_registry_get_field_by_index ]]
+ [[ -n '' ]]
+ api_index=80
+ STOLEUS_API_FUNCTIONS+=("$function_name")
+ STOLEUS_API_SUBSYSTEMS+=("$subsystem")
+ STOLEUS_API_VISIBILITIES+=("$visibility")
+ STOLEUS_API_STABILITIES+=("$stability")
+ STOLEUS_API_OWNERS+=("$owner")
+ STOLEUS_API_INDEX_BY_FUNCTION["$function_name"]=80
+ return 0
+ stoleus_api_register registry stoleus_registry_list public stable kernel/registry/registry.sh
+ local subsystem=registry
+ local function_name=stoleus_registry_list
+ local visibility=public
+ local stability=stable
+ local owner=kernel/registry/registry.sh
+ local api_index=0
+ stoleus_api_validate_identifier registry subsystem
+ local value=registry
+ local label=subsystem
+ [[ -z registry ]]
+ [[ ! registry =~ ^[a-z][a-z0-9-]*$ ]]
+ return 0
+ [[ -z stoleus_registry_list ]]
+ [[ ! stoleus_registry_list =~ ^stoleus_[a-zA-Z0-9_]+$ ]]
+ case "$visibility" in
+ case "$stability" in
+ [[ -z kernel/registry/registry.sh ]]
+ stoleus_api_exists stoleus_registry_list
+ local function_name=stoleus_registry_list
+ [[ -z stoleus_registry_list ]]
+ [[ -n '' ]]
+ api_index=81
+ STOLEUS_API_FUNCTIONS+=("$function_name")
+ STOLEUS_API_SUBSYSTEMS+=("$subsystem")
+ STOLEUS_API_VISIBILITIES+=("$visibility")
+ STOLEUS_API_STABILITIES+=("$stability")
+ STOLEUS_API_OWNERS+=("$owner")
+ STOLEUS_API_INDEX_BY_FUNCTION["$function_name"]=81
+ return 0
+ stoleus_api_register registry stoleus_registry_list_ids public stable kernel/registry/registry.sh
+ local subsystem=registry
+ local function_name=stoleus_registry_list_ids
+ local visibility=public
+ local stability=stable
+ local owner=kernel/registry/registry.sh
+ local api_index=0
+ stoleus_api_validate_identifier registry subsystem
+ local value=registry
+ local label=subsystem
+ [[ -z registry ]]
+ [[ ! registry =~ ^[a-z][a-z0-9-]*$ ]]
+ return 0
+ [[ -z stoleus_registry_list_ids ]]
+ [[ ! stoleus_registry_list_ids =~ ^stoleus_[a-zA-Z0-9_]+$ ]]
+ case "$visibility" in
+ case "$stability" in
+ [[ -z kernel/registry/registry.sh ]]
+ stoleus_api_exists stoleus_registry_list_ids
+ local function_name=stoleus_registry_list_ids
+ [[ -z stoleus_registry_list_ids ]]
+ [[ -n '' ]]
+ api_index=82
+ STOLEUS_API_FUNCTIONS+=("$function_name")
+ STOLEUS_API_SUBSYSTEMS+=("$subsystem")
+ STOLEUS_API_VISIBILITIES+=("$visibility")
+ STOLEUS_API_STABILITIES+=("$stability")
+ STOLEUS_API_OWNERS+=("$owner")
+ STOLEUS_API_INDEX_BY_FUNCTION["$function_name"]=82
+ return 0
+ stoleus_api_register registry stoleus_registry_is_frozen public stable kernel/registry/registry.sh
+ local subsystem=registry
+ local function_name=stoleus_registry_is_frozen
+ local visibility=public
+ local stability=stable
+ local owner=kernel/registry/registry.sh
+ local api_index=0
+ stoleus_api_validate_identifier registry subsystem
+ local value=registry
+ local label=subsystem
+ [[ -z registry ]]
+ [[ ! registry =~ ^[a-z][a-z0-9-]*$ ]]
+ return 0
+ [[ -z stoleus_registry_is_frozen ]]
+ [[ ! stoleus_registry_is_frozen =~ ^stoleus_[a-zA-Z0-9_]+$ ]]
+ case "$visibility" in
+ case "$stability" in
+ [[ -z kernel/registry/registry.sh ]]
+ stoleus_api_exists stoleus_registry_is_frozen
+ local function_name=stoleus_registry_is_frozen
+ [[ -z stoleus_registry_is_frozen ]]
+ [[ -n '' ]]
+ api_index=83
+ STOLEUS_API_FUNCTIONS+=("$function_name")
+ STOLEUS_API_SUBSYSTEMS+=("$subsystem")
+ STOLEUS_API_VISIBILITIES+=("$visibility")
+ STOLEUS_API_STABILITIES+=("$stability")
+ STOLEUS_API_OWNERS+=("$owner")
+ STOLEUS_API_INDEX_BY_FUNCTION["$function_name"]=83
+ return 0
+ stoleus_api_register registry stoleus_registry_freeze internal internal kernel/registry/registry.sh
+ local subsystem=registry
+ local function_name=stoleus_registry_freeze
+ local visibility=internal
+ local stability=internal
+ local owner=kernel/registry/registry.sh
+ local api_index=0
+ stoleus_api_validate_identifier registry subsystem
+ local value=registry
+ local label=subsystem
+ [[ -z registry ]]
+ [[ ! registry =~ ^[a-z][a-z0-9-]*$ ]]
+ return 0
+ [[ -z stoleus_registry_freeze ]]
+ [[ ! stoleus_registry_freeze =~ ^stoleus_[a-zA-Z0-9_]+$ ]]
+ case "$visibility" in
+ case "$stability" in
+ [[ -z kernel/registry/registry.sh ]]
+ stoleus_api_exists stoleus_registry_freeze
+ local function_name=stoleus_registry_freeze
+ [[ -z stoleus_registry_freeze ]]
+ [[ -n '' ]]
+ api_index=84
+ STOLEUS_API_FUNCTIONS+=("$function_name")
+ STOLEUS_API_SUBSYSTEMS+=("$subsystem")
+ STOLEUS_API_VISIBILITIES+=("$visibility")
+ STOLEUS_API_STABILITIES+=("$stability")
+ STOLEUS_API_OWNERS+=("$owner")
+ STOLEUS_API_INDEX_BY_FUNCTION["$function_name"]=84
+ return 0
+ stoleus_api_register registry stoleus_registry_reset public stable kernel/registry/registry.sh
+ local subsystem=registry
+ local function_name=stoleus_registry_reset
+ local visibility=public
+ local stability=stable
+ local owner=kernel/registry/registry.sh
+ local api_index=0
+ stoleus_api_validate_identifier registry subsystem
+ local value=registry
+ local label=subsystem
+ [[ -z registry ]]
+ [[ ! registry =~ ^[a-z][a-z0-9-]*$ ]]
+ return 0
+ [[ -z stoleus_registry_reset ]]
+ [[ ! stoleus_registry_reset =~ ^stoleus_[a-zA-Z0-9_]+$ ]]
+ case "$visibility" in
+ case "$stability" in
+ [[ -z kernel/registry/registry.sh ]]
+ stoleus_api_exists stoleus_registry_reset
+ local function_name=stoleus_registry_reset
+ [[ -z stoleus_registry_reset ]]
+ [[ -n '' ]]
+ api_index=85
+ STOLEUS_API_FUNCTIONS+=("$function_name")
+ STOLEUS_API_SUBSYSTEMS+=("$subsystem")
+ STOLEUS_API_VISIBILITIES+=("$visibility")
+ STOLEUS_API_STABILITIES+=("$stability")
+ STOLEUS_API_OWNERS+=("$owner")
+ STOLEUS_API_INDEX_BY_FUNCTION["$function_name"]=85
+ return 0
+ stoleus_api_register contract-definition stoleus_contract_definition_initialize internal internal kernel/contract/definition.sh
+ local subsystem=contract-definition
+ local function_name=stoleus_contract_definition_initialize
+ local visibility=internal
+ local stability=internal
+ local owner=kernel/contract/definition.sh
+ local api_index=0
+ stoleus_api_validate_identifier contract-definition subsystem
+ local value=contract-definition
+ local label=subsystem
+ [[ -z contract-definition ]]
+ [[ ! contract-definition =~ ^[a-z][a-z0-9-]*$ ]]
+ return 0
+ [[ -z stoleus_contract_definition_initialize ]]
+ [[ ! stoleus_contract_definition_initialize =~ ^stoleus_[a-zA-Z0-9_]+$ ]]
+ case "$visibility" in
+ case "$stability" in
+ [[ -z kernel/contract/definition.sh ]]
+ stoleus_api_exists stoleus_contract_definition_initialize
+ local function_name=stoleus_contract_definition_initialize
+ [[ -z stoleus_contract_definition_initialize ]]
+ [[ -n '' ]]
+ api_index=86
+ STOLEUS_API_FUNCTIONS+=("$function_name")
+ STOLEUS_API_SUBSYSTEMS+=("$subsystem")
+ STOLEUS_API_VISIBILITIES+=("$visibility")
+ STOLEUS_API_STABILITIES+=("$stability")
+ STOLEUS_API_OWNERS+=("$owner")
+ STOLEUS_API_INDEX_BY_FUNCTION["$function_name"]=86
+ return 0
+ stoleus_api_register contract-definition stoleus_contract_definition_add_root public stable kernel/contract/definition.sh
+ local subsystem=contract-definition
+ local function_name=stoleus_contract_definition_add_root
+ local visibility=public
+ local stability=stable
+ local owner=kernel/contract/definition.sh
+ local api_index=0
+ stoleus_api_validate_identifier contract-definition subsystem
+ local value=contract-definition
+ local label=subsystem
+ [[ -z contract-definition ]]
+ [[ ! contract-definition =~ ^[a-z][a-z0-9-]*$ ]]
+ return 0
+ [[ -z stoleus_contract_definition_add_root ]]
+ [[ ! stoleus_contract_definition_add_root =~ ^stoleus_[a-zA-Z0-9_]+$ ]]
+ case "$visibility" in
+ case "$stability" in
+ [[ -z kernel/contract/definition.sh ]]
+ stoleus_api_exists stoleus_contract_definition_add_root
+ local function_name=stoleus_contract_definition_add_root
+ [[ -z stoleus_contract_definition_add_root ]]
+ [[ -n '' ]]
+ api_index=87
+ STOLEUS_API_FUNCTIONS+=("$function_name")
+ STOLEUS_API_SUBSYSTEMS+=("$subsystem")
+ STOLEUS_API_VISIBILITIES+=("$visibility")
+ STOLEUS_API_STABILITIES+=("$stability")
+ STOLEUS_API_OWNERS+=("$owner")
+ STOLEUS_API_INDEX_BY_FUNCTION["$function_name"]=87
+ return 0
+ stoleus_api_register contract-definition stoleus_contract_definition_build_all public stable kernel/contract/definition.sh
+ local subsystem=contract-definition
+ local function_name=stoleus_contract_definition_build_all
+ local visibility=public
+ local stability=stable
+ local owner=kernel/contract/definition.sh
+ local api_index=0
+ stoleus_api_validate_identifier contract-definition subsystem
+ local value=contract-definition
+ local label=subsystem
+ [[ -z contract-definition ]]
+ [[ ! contract-definition =~ ^[a-z][a-z0-9-]*$ ]]
+ return 0
+ [[ -z stoleus_contract_definition_build_all ]]
+ [[ ! stoleus_contract_definition_build_all =~ ^stoleus_[a-zA-Z0-9_]+$ ]]
+ case "$visibility" in
+ case "$stability" in
+ [[ -z kernel/contract/definition.sh ]]
+ stoleus_api_exists stoleus_contract_definition_build_all
+ local function_name=stoleus_contract_definition_build_all
+ [[ -z stoleus_contract_definition_build_all ]]
+ [[ -n '' ]]
+ api_index=88
+ STOLEUS_API_FUNCTIONS+=("$function_name")
+ STOLEUS_API_SUBSYSTEMS+=("$subsystem")
+ STOLEUS_API_VISIBILITIES+=("$visibility")
+ STOLEUS_API_STABILITIES+=("$stability")
+ STOLEUS_API_OWNERS+=("$owner")
+ STOLEUS_API_INDEX_BY_FUNCTION["$function_name"]=88
+ return 0
+ stoleus_api_register contract-definition stoleus_contract_definition_exists public stable kernel/contract/definition.sh
+ local subsystem=contract-definition
+ local function_name=stoleus_contract_definition_exists
+ local visibility=public
+ local stability=stable
+ local owner=kernel/contract/definition.sh
+ local api_index=0
+ stoleus_api_validate_identifier contract-definition subsystem
+ local value=contract-definition
+ local label=subsystem
+ [[ -z contract-definition ]]
+ [[ ! contract-definition =~ ^[a-z][a-z0-9-]*$ ]]
+ return 0
+ [[ -z stoleus_contract_definition_exists ]]
+ [[ ! stoleus_contract_definition_exists =~ ^stoleus_[a-zA-Z0-9_]+$ ]]
+ case "$visibility" in
+ case "$stability" in
+ [[ -z kernel/contract/definition.sh ]]
+ stoleus_api_exists stoleus_contract_definition_exists
+ local function_name=stoleus_contract_definition_exists
+ [[ -z stoleus_contract_definition_exists ]]
+ [[ -n '' ]]
+ api_index=89
+ STOLEUS_API_FUNCTIONS+=("$function_name")
+ STOLEUS_API_SUBSYSTEMS+=("$subsystem")
+ STOLEUS_API_VISIBILITIES+=("$visibility")
+ STOLEUS_API_STABILITIES+=("$stability")
+ STOLEUS_API_OWNERS+=("$owner")
+ STOLEUS_API_INDEX_BY_FUNCTION["$function_name"]=89
+ return 0
+ stoleus_api_register contract-definition stoleus_contract_definition_get_index public stable kernel/contract/definition.sh
+ local subsystem=contract-definition
+ local function_name=stoleus_contract_definition_get_index
+ local visibility=public
+ local stability=stable
+ local owner=kernel/contract/definition.sh
+ local api_index=0
+ stoleus_api_validate_identifier contract-definition subsystem
+ local value=contract-definition
+ local label=subsystem
+ [[ -z contract-definition ]]
+ [[ ! contract-definition =~ ^[a-z][a-z0-9-]*$ ]]
+ return 0
+ [[ -z stoleus_contract_definition_get_index ]]
+ [[ ! stoleus_contract_definition_get_index =~ ^stoleus_[a-zA-Z0-9_]+$ ]]
+ case "$visibility" in
+ case "$stability" in
+ [[ -z kernel/contract/definition.sh ]]
+ stoleus_api_exists stoleus_contract_definition_get_index
+ local function_name=stoleus_contract_definition_get_index
+ [[ -z stoleus_contract_definition_get_index ]]
+ [[ -n '' ]]
+ api_index=90
+ STOLEUS_API_FUNCTIONS+=("$function_name")
+ STOLEUS_API_SUBSYSTEMS+=("$subsystem")
+ STOLEUS_API_VISIBILITIES+=("$visibility")
+ STOLEUS_API_STABILITIES+=("$stability")
+ STOLEUS_API_OWNERS+=("$owner")
+ STOLEUS_API_INDEX_BY_FUNCTION["$function_name"]=90
+ return 0
+ stoleus_api_register contract-definition stoleus_contract_definition_get_field public stable kernel/contract/definition.sh
+ local subsystem=contract-definition
+ local function_name=stoleus_contract_definition_get_field
+ local visibility=public
+ local stability=stable
+ local owner=kernel/contract/definition.sh
+ local api_index=0
+ stoleus_api_validate_identifier contract-definition subsystem
+ local value=contract-definition
+ local label=subsystem
+ [[ -z contract-definition ]]
+ [[ ! contract-definition =~ ^[a-z][a-z0-9-]*$ ]]
+ return 0
+ [[ -z stoleus_contract_definition_get_field ]]
+ [[ ! stoleus_contract_definition_get_field =~ ^stoleus_[a-zA-Z0-9_]+$ ]]
+ case "$visibility" in
+ case "$stability" in
+ [[ -z kernel/contract/definition.sh ]]
+ stoleus_api_exists stoleus_contract_definition_get_field
+ local function_name=stoleus_contract_definition_get_field
+ [[ -z stoleus_contract_definition_get_field ]]
+ [[ -n '' ]]
+ api_index=91
+ STOLEUS_API_FUNCTIONS+=("$function_name")
+ STOLEUS_API_SUBSYSTEMS+=("$subsystem")
+ STOLEUS_API_VISIBILITIES+=("$visibility")
+ STOLEUS_API_STABILITIES+=("$stability")
+ STOLEUS_API_OWNERS+=("$owner")
+ STOLEUS_API_INDEX_BY_FUNCTION["$function_name"]=91
+ return 0
+ stoleus_api_register contract-definition stoleus_contract_definition_list public stable kernel/contract/definition.sh
+ local subsystem=contract-definition
+ local function_name=stoleus_contract_definition_list
+ local visibility=public
+ local stability=stable
+ local owner=kernel/contract/definition.sh
+ local api_index=0
+ stoleus_api_validate_identifier contract-definition subsystem
+ local value=contract-definition
+ local label=subsystem
+ [[ -z contract-definition ]]
+ [[ ! contract-definition =~ ^[a-z][a-z0-9-]*$ ]]
+ return 0
+ [[ -z stoleus_contract_definition_list ]]
+ [[ ! stoleus_contract_definition_list =~ ^stoleus_[a-zA-Z0-9_]+$ ]]
+ case "$visibility" in
+ case "$stability" in
+ [[ -z kernel/contract/definition.sh ]]
+ stoleus_api_exists stoleus_contract_definition_list
+ local function_name=stoleus_contract_definition_list
+ [[ -z stoleus_contract_definition_list ]]
+ [[ -n '' ]]
+ api_index=92
+ STOLEUS_API_FUNCTIONS+=("$function_name")
+ STOLEUS_API_SUBSYSTEMS+=("$subsystem")
+ STOLEUS_API_VISIBILITIES+=("$visibility")
+ STOLEUS_API_STABILITIES+=("$stability")
+ STOLEUS_API_OWNERS+=("$owner")
+ STOLEUS_API_INDEX_BY_FUNCTION["$function_name"]=92
+ return 0
+ stoleus_api_register contract-definition stoleus_contract_definition_list_operations public stable kernel/contract/definition.sh
+ local subsystem=contract-definition
+ local function_name=stoleus_contract_definition_list_operations
+ local visibility=public
+ local stability=stable
+ local owner=kernel/contract/definition.sh
+ local api_index=0
+ stoleus_api_validate_identifier contract-definition subsystem
+ local value=contract-definition
+ local label=subsystem
+ [[ -z contract-definition ]]
+ [[ ! contract-definition =~ ^[a-z][a-z0-9-]*$ ]]
+ return 0
+ [[ -z stoleus_contract_definition_list_operations ]]
+ [[ ! stoleus_contract_definition_list_operations =~ ^stoleus_[a-zA-Z0-9_]+$ ]]
+ case "$visibility" in
+ case "$stability" in
+ [[ -z kernel/contract/definition.sh ]]
+ stoleus_api_exists stoleus_contract_definition_list_operations
+ local function_name=stoleus_contract_definition_list_operations
+ [[ -z stoleus_contract_definition_list_operations ]]
+ [[ -n '' ]]
+ api_index=93
+ STOLEUS_API_FUNCTIONS+=("$function_name")
+ STOLEUS_API_SUBSYSTEMS+=("$subsystem")
+ STOLEUS_API_VISIBILITIES+=("$visibility")
+ STOLEUS_API_STABILITIES+=("$stability")
+ STOLEUS_API_OWNERS+=("$owner")
+ STOLEUS_API_INDEX_BY_FUNCTION["$function_name"]=93
+ return 0
+ stoleus_api_register contract-definition stoleus_contract_definition_is_frozen internal internal kernel/contract/definition.sh
+ local subsystem=contract-definition
+ local function_name=stoleus_contract_definition_is_frozen
+ local visibility=internal
+ local stability=internal
+ local owner=kernel/contract/definition.sh
+ local api_index=0
+ stoleus_api_validate_identifier contract-definition subsystem
+ local value=contract-definition
+ local label=subsystem
+ [[ -z contract-definition ]]
+ [[ ! contract-definition =~ ^[a-z][a-z0-9-]*$ ]]
+ return 0
+ [[ -z stoleus_contract_definition_is_frozen ]]
+ [[ ! stoleus_contract_definition_is_frozen =~ ^stoleus_[a-zA-Z0-9_]+$ ]]
+ case "$visibility" in
+ case "$stability" in
+ [[ -z kernel/contract/definition.sh ]]
+ stoleus_api_exists stoleus_contract_definition_is_frozen
+ local function_name=stoleus_contract_definition_is_frozen
+ [[ -z stoleus_contract_definition_is_frozen ]]
+ [[ -n '' ]]
+ api_index=94
+ STOLEUS_API_FUNCTIONS+=("$function_name")
+ STOLEUS_API_SUBSYSTEMS+=("$subsystem")
+ STOLEUS_API_VISIBILITIES+=("$visibility")
+ STOLEUS_API_STABILITIES+=("$stability")
+ STOLEUS_API_OWNERS+=("$owner")
+ STOLEUS_API_INDEX_BY_FUNCTION["$function_name"]=94
+ return 0
+ stoleus_api_register contract-definition stoleus_contract_definition_reset public stable kernel/contract/definition.sh
+ local subsystem=contract-definition
+ local function_name=stoleus_contract_definition_reset
+ local visibility=public
+ local stability=stable
+ local owner=kernel/contract/definition.sh
+ local api_index=0
+ stoleus_api_validate_identifier contract-definition subsystem
+ local value=contract-definition
+ local label=subsystem
+ [[ -z contract-definition ]]
+ [[ ! contract-definition =~ ^[a-z][a-z0-9-]*$ ]]
+ return 0
+ [[ -z stoleus_contract_definition_reset ]]
+ [[ ! stoleus_contract_definition_reset =~ ^stoleus_[a-zA-Z0-9_]+$ ]]
+ case "$visibility" in
+ case "$stability" in
+ [[ -z kernel/contract/definition.sh ]]
+ stoleus_api_exists stoleus_contract_definition_reset
+ local function_name=stoleus_contract_definition_reset
+ [[ -z stoleus_contract_definition_reset ]]
+ [[ -n '' ]]
+ api_index=95
+ STOLEUS_API_FUNCTIONS+=("$function_name")
+ STOLEUS_API_SUBSYSTEMS+=("$subsystem")
+ STOLEUS_API_VISIBILITIES+=("$visibility")
+ STOLEUS_API_STABILITIES+=("$stability")
+ STOLEUS_API_OWNERS+=("$owner")
+ STOLEUS_API_INDEX_BY_FUNCTION["$function_name"]=95
+ return 0
+ stoleus_api_register contract-manifest stoleus_contract_begin dsl stable kernel/contract/definition.sh
+ local subsystem=contract-manifest
+ local function_name=stoleus_contract_begin
+ local visibility=dsl
+ local stability=stable
+ local owner=kernel/contract/definition.sh
+ local api_index=0
+ stoleus_api_validate_identifier contract-manifest subsystem
+ local value=contract-manifest
+ local label=subsystem
+ [[ -z contract-manifest ]]
+ [[ ! contract-manifest =~ ^[a-z][a-z0-9-]*$ ]]
+ return 0
+ [[ -z stoleus_contract_begin ]]
+ [[ ! stoleus_contract_begin =~ ^stoleus_[a-zA-Z0-9_]+$ ]]
+ case "$visibility" in
+ case "$stability" in
+ [[ -z kernel/contract/definition.sh ]]
+ stoleus_api_exists stoleus_contract_begin
+ local function_name=stoleus_contract_begin
+ [[ -z stoleus_contract_begin ]]
+ [[ -n '' ]]
+ api_index=96
+ STOLEUS_API_FUNCTIONS+=("$function_name")
+ STOLEUS_API_SUBSYSTEMS+=("$subsystem")
+ STOLEUS_API_VISIBILITIES+=("$visibility")
+ STOLEUS_API_STABILITIES+=("$stability")
+ STOLEUS_API_OWNERS+=("$owner")
+ STOLEUS_API_INDEX_BY_FUNCTION["$function_name"]=96
+ return 0
+ stoleus_api_register contract-manifest stoleus_contract_description dsl stable kernel/contract/definition.sh
+ local subsystem=contract-manifest
+ local function_name=stoleus_contract_description
+ local visibility=dsl
+ local stability=stable
+ local owner=kernel/contract/definition.sh
+ local api_index=0
+ stoleus_api_validate_identifier contract-manifest subsystem
+ local value=contract-manifest
+ local label=subsystem
+ [[ -z contract-manifest ]]
+ [[ ! contract-manifest =~ ^[a-z][a-z0-9-]*$ ]]
+ return 0
+ [[ -z stoleus_contract_description ]]
+ [[ ! stoleus_contract_description =~ ^stoleus_[a-zA-Z0-9_]+$ ]]
+ case "$visibility" in
+ case "$stability" in
+ [[ -z kernel/contract/definition.sh ]]
+ stoleus_api_exists stoleus_contract_description
+ local function_name=stoleus_contract_description
+ [[ -z stoleus_contract_description ]]
+ [[ -n '' ]]
+ api_index=97
+ STOLEUS_API_FUNCTIONS+=("$function_name")
+ STOLEUS_API_SUBSYSTEMS+=("$subsystem")
+ STOLEUS_API_VISIBILITIES+=("$visibility")
+ STOLEUS_API_STABILITIES+=("$stability")
+ STOLEUS_API_OWNERS+=("$owner")
+ STOLEUS_API_INDEX_BY_FUNCTION["$function_name"]=97
+ return 0
+ stoleus_api_register contract-manifest stoleus_contract_version dsl stable kernel/contract/definition.sh
+ local subsystem=contract-manifest
+ local function_name=stoleus_contract_version
+ local visibility=dsl
+ local stability=stable
+ local owner=kernel/contract/definition.sh
+ local api_index=0
+ stoleus_api_validate_identifier contract-manifest subsystem
+ local value=contract-manifest
+ local label=subsystem
+ [[ -z contract-manifest ]]
+ [[ ! contract-manifest =~ ^[a-z][a-z0-9-]*$ ]]
+ return 0
+ [[ -z stoleus_contract_version ]]
+ [[ ! stoleus_contract_version =~ ^stoleus_[a-zA-Z0-9_]+$ ]]
+ case "$visibility" in
+ case "$stability" in
+ [[ -z kernel/contract/definition.sh ]]
+ stoleus_api_exists stoleus_contract_version
+ local function_name=stoleus_contract_version
+ [[ -z stoleus_contract_version ]]
+ [[ -n '' ]]
+ api_index=98
+ STOLEUS_API_FUNCTIONS+=("$function_name")
+ STOLEUS_API_SUBSYSTEMS+=("$subsystem")
+ STOLEUS_API_VISIBILITIES+=("$visibility")
+ STOLEUS_API_STABILITIES+=("$stability")
+ STOLEUS_API_OWNERS+=("$owner")
+ STOLEUS_API_INDEX_BY_FUNCTION["$function_name"]=98
+ return 0
+ stoleus_api_register contract-manifest stoleus_contract_operation dsl stable kernel/contract/definition.sh
+ local subsystem=contract-manifest
+ local function_name=stoleus_contract_operation
+ local visibility=dsl
+ local stability=stable
+ local owner=kernel/contract/definition.sh
+ local api_index=0
+ stoleus_api_validate_identifier contract-manifest subsystem
+ local value=contract-manifest
+ local label=subsystem
+ [[ -z contract-manifest ]]
+ [[ ! contract-manifest =~ ^[a-z][a-z0-9-]*$ ]]
+ return 0
+ [[ -z stoleus_contract_operation ]]
+ [[ ! stoleus_contract_operation =~ ^stoleus_[a-zA-Z0-9_]+$ ]]
+ case "$visibility" in
+ case "$stability" in
+ [[ -z kernel/contract/definition.sh ]]
+ stoleus_api_exists stoleus_contract_operation
+ local function_name=stoleus_contract_operation
+ [[ -z stoleus_contract_operation ]]
+ [[ -n '' ]]
+ api_index=99
+ STOLEUS_API_FUNCTIONS+=("$function_name")
+ STOLEUS_API_SUBSYSTEMS+=("$subsystem")
+ STOLEUS_API_VISIBILITIES+=("$visibility")
+ STOLEUS_API_STABILITIES+=("$stability")
+ STOLEUS_API_OWNERS+=("$owner")
+ STOLEUS_API_INDEX_BY_FUNCTION["$function_name"]=99
+ return 0
+ stoleus_api_register contract-manifest stoleus_contract_end dsl stable kernel/contract/definition.sh
+ local subsystem=contract-manifest
+ local function_name=stoleus_contract_end
+ local visibility=dsl
+ local stability=stable
+ local owner=kernel/contract/definition.sh
+ local api_index=0
+ stoleus_api_validate_identifier contract-manifest subsystem
+ local value=contract-manifest
+ local label=subsystem
+ [[ -z contract-manifest ]]
+ [[ ! contract-manifest =~ ^[a-z][a-z0-9-]*$ ]]
+ return 0
+ [[ -z stoleus_contract_end ]]
+ [[ ! stoleus_contract_end =~ ^stoleus_[a-zA-Z0-9_]+$ ]]
+ case "$visibility" in
+ case "$stability" in
+ [[ -z kernel/contract/definition.sh ]]
+ stoleus_api_exists stoleus_contract_end
+ local function_name=stoleus_contract_end
+ [[ -z stoleus_contract_end ]]
+ [[ -n '' ]]
+ api_index=100
+ STOLEUS_API_FUNCTIONS+=("$function_name")
+ STOLEUS_API_SUBSYSTEMS+=("$subsystem")
+ STOLEUS_API_VISIBILITIES+=("$visibility")
+ STOLEUS_API_STABILITIES+=("$stability")
+ STOLEUS_API_OWNERS+=("$owner")
+ STOLEUS_API_INDEX_BY_FUNCTION["$function_name"]=100
+ return 0
+ stoleus_api_register contract-registry stoleus_contract_registry_initialize internal internal kernel/contract/registry.sh
+ local subsystem=contract-registry
+ local function_name=stoleus_contract_registry_initialize
+ local visibility=internal
+ local stability=internal
+ local owner=kernel/contract/registry.sh
+ local api_index=0
+ stoleus_api_validate_identifier contract-registry subsystem
+ local value=contract-registry
+ local label=subsystem
+ [[ -z contract-registry ]]
+ [[ ! contract-registry =~ ^[a-z][a-z0-9-]*$ ]]
+ return 0
+ [[ -z stoleus_contract_registry_initialize ]]
+ [[ ! stoleus_contract_registry_initialize =~ ^stoleus_[a-zA-Z0-9_]+$ ]]
+ case "$visibility" in
+ case "$stability" in
+ [[ -z kernel/contract/registry.sh ]]
+ stoleus_api_exists stoleus_contract_registry_initialize
+ local function_name=stoleus_contract_registry_initialize
+ [[ -z stoleus_contract_registry_initialize ]]
+ [[ -n '' ]]
+ api_index=101
+ STOLEUS_API_FUNCTIONS+=("$function_name")
+ STOLEUS_API_SUBSYSTEMS+=("$subsystem")
+ STOLEUS_API_VISIBILITIES+=("$visibility")
+ STOLEUS_API_STABILITIES+=("$stability")
+ STOLEUS_API_OWNERS+=("$owner")
+ STOLEUS_API_INDEX_BY_FUNCTION["$function_name"]=101
+ return 0
+ stoleus_api_register contract-registry stoleus_contract_registry_import_definitions internal internal kernel/contract/registry.sh
+ local subsystem=contract-registry
+ local function_name=stoleus_contract_registry_import_definitions
+ local visibility=internal
+ local stability=internal
+ local owner=kernel/contract/registry.sh
+ local api_index=0
+ stoleus_api_validate_identifier contract-registry subsystem
+ local value=contract-registry
+ local label=subsystem
+ [[ -z contract-registry ]]
+ [[ ! contract-registry =~ ^[a-z][a-z0-9-]*$ ]]
+ return 0
+ [[ -z stoleus_contract_registry_import_definitions ]]
+ [[ ! stoleus_contract_registry_import_definitions =~ ^stoleus_[a-zA-Z0-9_]+$ ]]
+ case "$visibility" in
+ case "$stability" in
+ [[ -z kernel/contract/registry.sh ]]
+ stoleus_api_exists stoleus_contract_registry_import_definitions
+ local function_name=stoleus_contract_registry_import_definitions
+ [[ -z stoleus_contract_registry_import_definitions ]]
+ [[ -n '' ]]
+ api_index=102
+ STOLEUS_API_FUNCTIONS+=("$function_name")
+ STOLEUS_API_SUBSYSTEMS+=("$subsystem")
+ STOLEUS_API_VISIBILITIES+=("$visibility")
+ STOLEUS_API_STABILITIES+=("$stability")
+ STOLEUS_API_OWNERS+=("$owner")
+ STOLEUS_API_INDEX_BY_FUNCTION["$function_name"]=102
+ return 0
+ stoleus_api_register contract-registry stoleus_contract_registry_contains public stable kernel/contract/registry.sh
+ local subsystem=contract-registry
+ local function_name=stoleus_contract_registry_contains
+ local visibility=public
+ local stability=stable
+ local owner=kernel/contract/registry.sh
+ local api_index=0
+ stoleus_api_validate_identifier contract-registry subsystem
+ local value=contract-registry
+ local label=subsystem
+ [[ -z contract-registry ]]
+ [[ ! contract-registry =~ ^[a-z][a-z0-9-]*$ ]]
+ return 0
+ [[ -z stoleus_contract_registry_contains ]]
+ [[ ! stoleus_contract_registry_contains =~ ^stoleus_[a-zA-Z0-9_]+$ ]]
+ case "$visibility" in
+ case "$stability" in
+ [[ -z kernel/contract/registry.sh ]]
+ stoleus_api_exists stoleus_contract_registry_contains
+ local function_name=stoleus_contract_registry_contains
+ [[ -z stoleus_contract_registry_contains ]]
+ [[ -n '' ]]
+ api_index=103
+ STOLEUS_API_FUNCTIONS+=("$function_name")
+ STOLEUS_API_SUBSYSTEMS+=("$subsystem")
+ STOLEUS_API_VISIBILITIES+=("$visibility")
+ STOLEUS_API_STABILITIES+=("$stability")
+ STOLEUS_API_OWNERS+=("$owner")
+ STOLEUS_API_INDEX_BY_FUNCTION["$function_name"]=103
+ return 0
+ stoleus_api_register contract-registry stoleus_contract_registry_get_index public stable kernel/contract/registry.sh
+ local subsystem=contract-registry
+ local function_name=stoleus_contract_registry_get_index
+ local visibility=public
+ local stability=stable
+ local owner=kernel/contract/registry.sh
+ local api_index=0
+ stoleus_api_validate_identifier contract-registry subsystem
+ local value=contract-registry
+ local label=subsystem
+ [[ -z contract-registry ]]
+ [[ ! contract-registry =~ ^[a-z][a-z0-9-]*$ ]]
+ return 0
+ [[ -z stoleus_contract_registry_get_index ]]
+ [[ ! stoleus_contract_registry_get_index =~ ^stoleus_[a-zA-Z0-9_]+$ ]]
+ case "$visibility" in
+ case "$stability" in
+ [[ -z kernel/contract/registry.sh ]]
+ stoleus_api_exists stoleus_contract_registry_get_index
+ local function_name=stoleus_contract_registry_get_index
+ [[ -z stoleus_contract_registry_get_index ]]
+ [[ -n '' ]]
+ api_index=104
+ STOLEUS_API_FUNCTIONS+=("$function_name")
+ STOLEUS_API_SUBSYSTEMS+=("$subsystem")
+ STOLEUS_API_VISIBILITIES+=("$visibility")
+ STOLEUS_API_STABILITIES+=("$stability")
+ STOLEUS_API_OWNERS+=("$owner")
+ STOLEUS_API_INDEX_BY_FUNCTION["$function_name"]=104
+ return 0
+ stoleus_api_register contract-registry stoleus_contract_registry_get_field public stable kernel/contract/registry.sh
+ local subsystem=contract-registry
+ local function_name=stoleus_contract_registry_get_field
+ local visibility=public
+ local stability=stable
+ local owner=kernel/contract/registry.sh
+ local api_index=0
+ stoleus_api_validate_identifier contract-registry subsystem
+ local value=contract-registry
+ local label=subsystem
+ [[ -z contract-registry ]]
+ [[ ! contract-registry =~ ^[a-z][a-z0-9-]*$ ]]
+ return 0
+ [[ -z stoleus_contract_registry_get_field ]]
+ [[ ! stoleus_contract_registry_get_field =~ ^stoleus_[a-zA-Z0-9_]+$ ]]
+ case "$visibility" in
+ case "$stability" in
+ [[ -z kernel/contract/registry.sh ]]
+ stoleus_api_exists stoleus_contract_registry_get_field
+ local function_name=stoleus_contract_registry_get_field
+ [[ -z stoleus_contract_registry_get_field ]]
+ [[ -n '' ]]
+ api_index=105
+ STOLEUS_API_FUNCTIONS+=("$function_name")
+ STOLEUS_API_SUBSYSTEMS+=("$subsystem")
+ STOLEUS_API_VISIBILITIES+=("$visibility")
+ STOLEUS_API_STABILITIES+=("$stability")
+ STOLEUS_API_OWNERS+=("$owner")
+ STOLEUS_API_INDEX_BY_FUNCTION["$function_name"]=105
+ return 0
+ stoleus_api_register contract-registry stoleus_contract_registry_get_count public stable kernel/contract/registry.sh
+ local subsystem=contract-registry
+ local function_name=stoleus_contract_registry_get_count
+ local visibility=public
+ local stability=stable
+ local owner=kernel/contract/registry.sh
+ local api_index=0
+ stoleus_api_validate_identifier contract-registry subsystem
+ local value=contract-registry
+ local label=subsystem
+ [[ -z contract-registry ]]
+ [[ ! contract-registry =~ ^[a-z][a-z0-9-]*$ ]]
+ return 0
+ [[ -z stoleus_contract_registry_get_count ]]
+ [[ ! stoleus_contract_registry_get_count =~ ^stoleus_[a-zA-Z0-9_]+$ ]]
+ case "$visibility" in
+ case "$stability" in
+ [[ -z kernel/contract/registry.sh ]]
+ stoleus_api_exists stoleus_contract_registry_get_count
+ local function_name=stoleus_contract_registry_get_count
+ [[ -z stoleus_contract_registry_get_count ]]
+ [[ -n '' ]]
+ api_index=106
+ STOLEUS_API_FUNCTIONS+=("$function_name")
+ STOLEUS_API_SUBSYSTEMS+=("$subsystem")
+ STOLEUS_API_VISIBILITIES+=("$visibility")
+ STOLEUS_API_STABILITIES+=("$stability")
+ STOLEUS_API_OWNERS+=("$owner")
+ STOLEUS_API_INDEX_BY_FUNCTION["$function_name"]=106
+ return 0
+ stoleus_api_register contract-registry stoleus_contract_registry_list public stable kernel/contract/registry.sh
+ local subsystem=contract-registry
+ local function_name=stoleus_contract_registry_list
+ local visibility=public
+ local stability=stable
+ local owner=kernel/contract/registry.sh
+ local api_index=0
+ stoleus_api_validate_identifier contract-registry subsystem
+ local value=contract-registry
+ local label=subsystem
+ [[ -z contract-registry ]]
+ [[ ! contract-registry =~ ^[a-z][a-z0-9-]*$ ]]
+ return 0
+ [[ -z stoleus_contract_registry_list ]]
+ [[ ! stoleus_contract_registry_list =~ ^stoleus_[a-zA-Z0-9_]+$ ]]
+ case "$visibility" in
+ case "$stability" in
+ [[ -z kernel/contract/registry.sh ]]
+ stoleus_api_exists stoleus_contract_registry_list
+ local function_name=stoleus_contract_registry_list
+ [[ -z stoleus_contract_registry_list ]]
+ [[ -n '' ]]
+ api_index=107
+ STOLEUS_API_FUNCTIONS+=("$function_name")
+ STOLEUS_API_SUBSYSTEMS+=("$subsystem")
+ STOLEUS_API_VISIBILITIES+=("$visibility")
+ STOLEUS_API_STABILITIES+=("$stability")
+ STOLEUS_API_OWNERS+=("$owner")
+ STOLEUS_API_INDEX_BY_FUNCTION["$function_name"]=107
+ return 0
+ stoleus_api_register contract-registry stoleus_contract_registry_list_operations public stable kernel/contract/registry.sh
+ local subsystem=contract-registry
+ local function_name=stoleus_contract_registry_list_operations
+ local visibility=public
+ local stability=stable
+ local owner=kernel/contract/registry.sh
+ local api_index=0
+ stoleus_api_validate_identifier contract-registry subsystem
+ local value=contract-registry
+ local label=subsystem
+ [[ -z contract-registry ]]
+ [[ ! contract-registry =~ ^[a-z][a-z0-9-]*$ ]]
+ return 0
+ [[ -z stoleus_contract_registry_list_operations ]]
+ [[ ! stoleus_contract_registry_list_operations =~ ^stoleus_[a-zA-Z0-9_]+$ ]]
+ case "$visibility" in
+ case "$stability" in
+ [[ -z kernel/contract/registry.sh ]]
+ stoleus_api_exists stoleus_contract_registry_list_operations
+ local function_name=stoleus_contract_registry_list_operations
+ [[ -z stoleus_contract_registry_list_operations ]]
+ [[ -n '' ]]
+ api_index=108
+ STOLEUS_API_FUNCTIONS+=("$function_name")
+ STOLEUS_API_SUBSYSTEMS+=("$subsystem")
+ STOLEUS_API_VISIBILITIES+=("$visibility")
+ STOLEUS_API_STABILITIES+=("$stability")
+ STOLEUS_API_OWNERS+=("$owner")
+ STOLEUS_API_INDEX_BY_FUNCTION["$function_name"]=108
+ return 0
+ stoleus_api_register contract-registry stoleus_contract_registry_is_frozen public stable kernel/contract/registry.sh
+ local subsystem=contract-registry
+ local function_name=stoleus_contract_registry_is_frozen
+ local visibility=public
+ local stability=stable
+ local owner=kernel/contract/registry.sh
+ local api_index=0
+ stoleus_api_validate_identifier contract-registry subsystem
+ local value=contract-registry
+ local label=subsystem
+ [[ -z contract-registry ]]
+ [[ ! contract-registry =~ ^[a-z][a-z0-9-]*$ ]]
+ return 0
+ [[ -z stoleus_contract_registry_is_frozen ]]
+ [[ ! stoleus_contract_registry_is_frozen =~ ^stoleus_[a-zA-Z0-9_]+$ ]]
+ case "$visibility" in
+ case "$stability" in
+ [[ -z kernel/contract/registry.sh ]]
+ stoleus_api_exists stoleus_contract_registry_is_frozen
+ local function_name=stoleus_contract_registry_is_frozen
+ [[ -z stoleus_contract_registry_is_frozen ]]
+ [[ -n '' ]]
+ api_index=109
+ STOLEUS_API_FUNCTIONS+=("$function_name")
+ STOLEUS_API_SUBSYSTEMS+=("$subsystem")
+ STOLEUS_API_VISIBILITIES+=("$visibility")
+ STOLEUS_API_STABILITIES+=("$stability")
+ STOLEUS_API_OWNERS+=("$owner")
+ STOLEUS_API_INDEX_BY_FUNCTION["$function_name"]=109
+ return 0
+ stoleus_api_register contract-registry stoleus_contract_registry_freeze internal internal kernel/contract/registry.sh
+ local subsystem=contract-registry
+ local function_name=stoleus_contract_registry_freeze
+ local visibility=internal
+ local stability=internal
+ local owner=kernel/contract/registry.sh
+ local api_index=0
+ stoleus_api_validate_identifier contract-registry subsystem
+ local value=contract-registry
+ local label=subsystem
+ [[ -z contract-registry ]]
+ [[ ! contract-registry =~ ^[a-z][a-z0-9-]*$ ]]
+ return 0
+ [[ -z stoleus_contract_registry_freeze ]]
+ [[ ! stoleus_contract_registry_freeze =~ ^stoleus_[a-zA-Z0-9_]+$ ]]
+ case "$visibility" in
+ case "$stability" in
+ [[ -z kernel/contract/registry.sh ]]
+ stoleus_api_exists stoleus_contract_registry_freeze
+ local function_name=stoleus_contract_registry_freeze
+ [[ -z stoleus_contract_registry_freeze ]]
+ [[ -n '' ]]
+ api_index=110
+ STOLEUS_API_FUNCTIONS+=("$function_name")
+ STOLEUS_API_SUBSYSTEMS+=("$subsystem")
+ STOLEUS_API_VISIBILITIES+=("$visibility")
+ STOLEUS_API_STABILITIES+=("$stability")
+ STOLEUS_API_OWNERS+=("$owner")
+ STOLEUS_API_INDEX_BY_FUNCTION["$function_name"]=110
+ return 0
+ stoleus_api_register contract-registry stoleus_contract_registry_reset public stable kernel/contract/registry.sh
+ local subsystem=contract-registry
+ local function_name=stoleus_contract_registry_reset
+ local visibility=public
+ local stability=stable
+ local owner=kernel/contract/registry.sh
+ local api_index=0
+ stoleus_api_validate_identifier contract-registry subsystem
+ local value=contract-registry
+ local label=subsystem
+ [[ -z contract-registry ]]
+ [[ ! contract-registry =~ ^[a-z][a-z0-9-]*$ ]]
+ return 0
+ [[ -z stoleus_contract_registry_reset ]]
+ [[ ! stoleus_contract_registry_reset =~ ^stoleus_[a-zA-Z0-9_]+$ ]]
+ case "$visibility" in
+ case "$stability" in
+ [[ -z kernel/contract/registry.sh ]]
+ stoleus_api_exists stoleus_contract_registry_reset
+ local function_name=stoleus_contract_registry_reset
+ [[ -z stoleus_contract_registry_reset ]]
+ [[ -n '' ]]
+ api_index=111
+ STOLEUS_API_FUNCTIONS+=("$function_name")
+ STOLEUS_API_SUBSYSTEMS+=("$subsystem")
+ STOLEUS_API_VISIBILITIES+=("$visibility")
+ STOLEUS_API_STABILITIES+=("$stability")
+ STOLEUS_API_OWNERS+=("$owner")
+ STOLEUS_API_INDEX_BY_FUNCTION["$function_name"]=111
+ return 0
+ stoleus_api_register service-registry stoleus_service_registry_initialize internal internal kernel/service/registry.sh
+ local subsystem=service-registry
+ local function_name=stoleus_service_registry_initialize
+ local visibility=internal
+ local stability=internal
+ local owner=kernel/service/registry.sh
+ local api_index=0
+ stoleus_api_validate_identifier service-registry subsystem
+ local value=service-registry
+ local label=subsystem
+ [[ -z service-registry ]]
+ [[ ! service-registry =~ ^[a-z][a-z0-9-]*$ ]]
+ return 0
+ [[ -z stoleus_service_registry_initialize ]]
+ [[ ! stoleus_service_registry_initialize =~ ^stoleus_[a-zA-Z0-9_]+$ ]]
+ case "$visibility" in
+ case "$stability" in
+ [[ -z kernel/service/registry.sh ]]
+ stoleus_api_exists stoleus_service_registry_initialize
+ local function_name=stoleus_service_registry_initialize
+ [[ -z stoleus_service_registry_initialize ]]
+ [[ -n '' ]]
+ api_index=112
+ STOLEUS_API_FUNCTIONS+=("$function_name")
+ STOLEUS_API_SUBSYSTEMS+=("$subsystem")
+ STOLEUS_API_VISIBILITIES+=("$visibility")
+ STOLEUS_API_STABILITIES+=("$stability")
+ STOLEUS_API_OWNERS+=("$owner")
+ STOLEUS_API_INDEX_BY_FUNCTION["$function_name"]=112
+ return 0
+ stoleus_api_register service-registry stoleus_service_registry_import_plugins internal internal kernel/service/registry.sh
+ local subsystem=service-registry
+ local function_name=stoleus_service_registry_import_plugins
+ local visibility=internal
+ local stability=internal
+ local owner=kernel/service/registry.sh
+ local api_index=0
+ stoleus_api_validate_identifier service-registry subsystem
+ local value=service-registry
+ local label=subsystem
+ [[ -z service-registry ]]
+ [[ ! service-registry =~ ^[a-z][a-z0-9-]*$ ]]
+ return 0
+ [[ -z stoleus_service_registry_import_plugins ]]
+ [[ ! stoleus_service_registry_import_plugins =~ ^stoleus_[a-zA-Z0-9_]+$ ]]
+ case "$visibility" in
+ case "$stability" in
+ [[ -z kernel/service/registry.sh ]]
+ stoleus_api_exists stoleus_service_registry_import_plugins
+ local function_name=stoleus_service_registry_import_plugins
+ [[ -z stoleus_service_registry_import_plugins ]]
+ [[ -n '' ]]
+ api_index=113
+ STOLEUS_API_FUNCTIONS+=("$function_name")
+ STOLEUS_API_SUBSYSTEMS+=("$subsystem")
+ STOLEUS_API_VISIBILITIES+=("$visibility")
+ STOLEUS_API_STABILITIES+=("$stability")
+ STOLEUS_API_OWNERS+=("$owner")
+ STOLEUS_API_INDEX_BY_FUNCTION["$function_name"]=113
+ return 0
+ stoleus_api_register service-registry stoleus_service_registry_contains public experimental kernel/service/registry.sh
+ local subsystem=service-registry
+ local function_name=stoleus_service_registry_contains
+ local visibility=public
+ local stability=experimental
+ local owner=kernel/service/registry.sh
+ local api_index=0
+ stoleus_api_validate_identifier service-registry subsystem
+ local value=service-registry
+ local label=subsystem
+ [[ -z service-registry ]]
+ [[ ! service-registry =~ ^[a-z][a-z0-9-]*$ ]]
+ return 0
+ [[ -z stoleus_service_registry_contains ]]
+ [[ ! stoleus_service_registry_contains =~ ^stoleus_[a-zA-Z0-9_]+$ ]]
+ case "$visibility" in
+ case "$stability" in
+ [[ -z kernel/service/registry.sh ]]
+ stoleus_api_exists stoleus_service_registry_contains
+ local function_name=stoleus_service_registry_contains
+ [[ -z stoleus_service_registry_contains ]]
+ [[ -n '' ]]
+ api_index=114
+ STOLEUS_API_FUNCTIONS+=("$function_name")
+ STOLEUS_API_SUBSYSTEMS+=("$subsystem")
+ STOLEUS_API_VISIBILITIES+=("$visibility")
+ STOLEUS_API_STABILITIES+=("$stability")
+ STOLEUS_API_OWNERS+=("$owner")
+ STOLEUS_API_INDEX_BY_FUNCTION["$function_name"]=114
+ return 0
+ stoleus_api_register service-registry stoleus_service_registry_get_count public experimental kernel/service/registry.sh
+ local subsystem=service-registry
+ local function_name=stoleus_service_registry_get_count
+ local visibility=public
+ local stability=experimental
+ local owner=kernel/service/registry.sh
+ local api_index=0
+ stoleus_api_validate_identifier service-registry subsystem
+ local value=service-registry
+ local label=subsystem
+ [[ -z service-registry ]]
+ [[ ! service-registry =~ ^[a-z][a-z0-9-]*$ ]]
+ return 0
+ [[ -z stoleus_service_registry_get_count ]]
+ [[ ! stoleus_service_registry_get_count =~ ^stoleus_[a-zA-Z0-9_]+$ ]]
+ case "$visibility" in
+ case "$stability" in
+ [[ -z kernel/service/registry.sh ]]
+ stoleus_api_exists stoleus_service_registry_get_count
+ local function_name=stoleus_service_registry_get_count
+ [[ -z stoleus_service_registry_get_count ]]
+ [[ -n '' ]]
+ api_index=115
+ STOLEUS_API_FUNCTIONS+=("$function_name")
+ STOLEUS_API_SUBSYSTEMS+=("$subsystem")
+ STOLEUS_API_VISIBILITIES+=("$visibility")
+ STOLEUS_API_STABILITIES+=("$stability")
+ STOLEUS_API_OWNERS+=("$owner")
+ STOLEUS_API_INDEX_BY_FUNCTION["$function_name"]=115
+ return 0
+ stoleus_api_register service-registry stoleus_service_registry_get_field public experimental kernel/service/registry.sh
+ local subsystem=service-registry
+ local function_name=stoleus_service_registry_get_field
+ local visibility=public
+ local stability=experimental
+ local owner=kernel/service/registry.sh
+ local api_index=0
+ stoleus_api_validate_identifier service-registry subsystem
+ local value=service-registry
+ local label=subsystem
+ [[ -z service-registry ]]
+ [[ ! service-registry =~ ^[a-z][a-z0-9-]*$ ]]
+ return 0
+ [[ -z stoleus_service_registry_get_field ]]
+ [[ ! stoleus_service_registry_get_field =~ ^stoleus_[a-zA-Z0-9_]+$ ]]
+ case "$visibility" in
+ case "$stability" in
+ [[ -z kernel/service/registry.sh ]]
+ stoleus_api_exists stoleus_service_registry_get_field
+ local function_name=stoleus_service_registry_get_field
+ [[ -z stoleus_service_registry_get_field ]]
+ [[ -n '' ]]
+ api_index=116
+ STOLEUS_API_FUNCTIONS+=("$function_name")
+ STOLEUS_API_SUBSYSTEMS+=("$subsystem")
+ STOLEUS_API_VISIBILITIES+=("$visibility")
+ STOLEUS_API_STABILITIES+=("$stability")
+ STOLEUS_API_OWNERS+=("$owner")
+ STOLEUS_API_INDEX_BY_FUNCTION["$function_name"]=116
+ return 0
+ stoleus_api_register service-registry stoleus_service_registry_get_provider public experimental kernel/service/registry.sh
+ local subsystem=service-registry
+ local function_name=stoleus_service_registry_get_provider
+ local visibility=public
+ local stability=experimental
+ local owner=kernel/service/registry.sh
+ local api_index=0
+ stoleus_api_validate_identifier service-registry subsystem
+ local value=service-registry
+ local label=subsystem
+ [[ -z service-registry ]]
+ [[ ! service-registry =~ ^[a-z][a-z0-9-]*$ ]]
+ return 0
+ [[ -z stoleus_service_registry_get_provider ]]
+ [[ ! stoleus_service_registry_get_provider =~ ^stoleus_[a-zA-Z0-9_]+$ ]]
+ case "$visibility" in
+ case "$stability" in
+ [[ -z kernel/service/registry.sh ]]
+ stoleus_api_exists stoleus_service_registry_get_provider
+ local function_name=stoleus_service_registry_get_provider
+ [[ -z stoleus_service_registry_get_provider ]]
+ [[ -n '' ]]
+ api_index=117
+ STOLEUS_API_FUNCTIONS+=("$function_name")
+ STOLEUS_API_SUBSYSTEMS+=("$subsystem")
+ STOLEUS_API_VISIBILITIES+=("$visibility")
+ STOLEUS_API_STABILITIES+=("$stability")
+ STOLEUS_API_OWNERS+=("$owner")
+ STOLEUS_API_INDEX_BY_FUNCTION["$function_name"]=117
+ return 0
+ stoleus_api_register service-registry stoleus_service_registry_get_operation_binding public experimental kernel/service/registry.sh
+ local subsystem=service-registry
+ local function_name=stoleus_service_registry_get_operation_binding
+ local visibility=public
+ local stability=experimental
+ local owner=kernel/service/registry.sh
+ local api_index=0
+ stoleus_api_validate_identifier service-registry subsystem
+ local value=service-registry
+ local label=subsystem
+ [[ -z service-registry ]]
+ [[ ! service-registry =~ ^[a-z][a-z0-9-]*$ ]]
+ return 0
+ [[ -z stoleus_service_registry_get_operation_binding ]]
+ [[ ! stoleus_service_registry_get_operation_binding =~ ^stoleus_[a-zA-Z0-9_]+$ ]]
+ case "$visibility" in
+ case "$stability" in
+ [[ -z kernel/service/registry.sh ]]
+ stoleus_api_exists stoleus_service_registry_get_operation_binding
+ local function_name=stoleus_service_registry_get_operation_binding
+ [[ -z stoleus_service_registry_get_operation_binding ]]
+ [[ -n '' ]]
+ api_index=118
+ STOLEUS_API_FUNCTIONS+=("$function_name")
+ STOLEUS_API_SUBSYSTEMS+=("$subsystem")
+ STOLEUS_API_VISIBILITIES+=("$visibility")
+ STOLEUS_API_STABILITIES+=("$stability")
+ STOLEUS_API_OWNERS+=("$owner")
+ STOLEUS_API_INDEX_BY_FUNCTION["$function_name"]=118
+ return 0
+ stoleus_api_register service-registry stoleus_service_registry_list public experimental kernel/service/registry.sh
+ local subsystem=service-registry
+ local function_name=stoleus_service_registry_list
+ local visibility=public
+ local stability=experimental
+ local owner=kernel/service/registry.sh
+ local api_index=0
+ stoleus_api_validate_identifier service-registry subsystem
+ local value=service-registry
+ local label=subsystem
+ [[ -z service-registry ]]
+ [[ ! service-registry =~ ^[a-z][a-z0-9-]*$ ]]
+ return 0
+ [[ -z stoleus_service_registry_list ]]
+ [[ ! stoleus_service_registry_list =~ ^stoleus_[a-zA-Z0-9_]+$ ]]
+ case "$visibility" in
+ case "$stability" in
+ [[ -z kernel/service/registry.sh ]]
+ stoleus_api_exists stoleus_service_registry_list
+ local function_name=stoleus_service_registry_list
+ [[ -z stoleus_service_registry_list ]]
+ [[ -n '' ]]
+ api_index=119
+ STOLEUS_API_FUNCTIONS+=("$function_name")
+ STOLEUS_API_SUBSYSTEMS+=("$subsystem")
+ STOLEUS_API_VISIBILITIES+=("$visibility")
+ STOLEUS_API_STABILITIES+=("$stability")
+ STOLEUS_API_OWNERS+=("$owner")
+ STOLEUS_API_INDEX_BY_FUNCTION["$function_name"]=119
+ return 0
+ stoleus_api_register service-registry stoleus_service_registry_list_providers public experimental kernel/service/registry.sh
+ local subsystem=service-registry
+ local function_name=stoleus_service_registry_list_providers
+ local visibility=public
+ local stability=experimental
+ local owner=kernel/service/registry.sh
+ local api_index=0
+ stoleus_api_validate_identifier service-registry subsystem
+ local value=service-registry
+ local label=subsystem
+ [[ -z service-registry ]]
+ [[ ! service-registry =~ ^[a-z][a-z0-9-]*$ ]]
+ return 0
+ [[ -z stoleus_service_registry_list_providers ]]
+ [[ ! stoleus_service_registry_list_providers =~ ^stoleus_[a-zA-Z0-9_]+$ ]]
+ case "$visibility" in
+ case "$stability" in
+ [[ -z kernel/service/registry.sh ]]
+ stoleus_api_exists stoleus_service_registry_list_providers
+ local function_name=stoleus_service_registry_list_providers
+ [[ -z stoleus_service_registry_list_providers ]]
+ [[ -n '' ]]
+ api_index=120
+ STOLEUS_API_FUNCTIONS+=("$function_name")
+ STOLEUS_API_SUBSYSTEMS+=("$subsystem")
+ STOLEUS_API_VISIBILITIES+=("$visibility")
+ STOLEUS_API_STABILITIES+=("$stability")
+ STOLEUS_API_OWNERS+=("$owner")
+ STOLEUS_API_INDEX_BY_FUNCTION["$function_name"]=120
+ return 0
+ stoleus_api_register service-registry stoleus_service_registry_is_frozen public experimental kernel/service/registry.sh
+ local subsystem=service-registry
+ local function_name=stoleus_service_registry_is_frozen
+ local visibility=public
+ local stability=experimental
+ local owner=kernel/service/registry.sh
+ local api_index=0
+ stoleus_api_validate_identifier service-registry subsystem
+ local value=service-registry
+ local label=subsystem
+ [[ -z service-registry ]]
+ [[ ! service-registry =~ ^[a-z][a-z0-9-]*$ ]]
+ return 0
+ [[ -z stoleus_service_registry_is_frozen ]]
+ [[ ! stoleus_service_registry_is_frozen =~ ^stoleus_[a-zA-Z0-9_]+$ ]]
+ case "$visibility" in
+ case "$stability" in
+ [[ -z kernel/service/registry.sh ]]
+ stoleus_api_exists stoleus_service_registry_is_frozen
+ local function_name=stoleus_service_registry_is_frozen
+ [[ -z stoleus_service_registry_is_frozen ]]
+ [[ -n '' ]]
+ api_index=121
+ STOLEUS_API_FUNCTIONS+=("$function_name")
+ STOLEUS_API_SUBSYSTEMS+=("$subsystem")
+ STOLEUS_API_VISIBILITIES+=("$visibility")
+ STOLEUS_API_STABILITIES+=("$stability")
+ STOLEUS_API_OWNERS+=("$owner")
+ STOLEUS_API_INDEX_BY_FUNCTION["$function_name"]=121
+ return 0
+ stoleus_api_register service-registry stoleus_service_registry_reset public experimental kernel/service/registry.sh
+ local subsystem=service-registry
+ local function_name=stoleus_service_registry_reset
+ local visibility=public
+ local stability=experimental
+ local owner=kernel/service/registry.sh
+ local api_index=0
+ stoleus_api_validate_identifier service-registry subsystem
+ local value=service-registry
+ local label=subsystem
+ [[ -z service-registry ]]
+ [[ ! service-registry =~ ^[a-z][a-z0-9-]*$ ]]
+ return 0
+ [[ -z stoleus_service_registry_reset ]]
+ [[ ! stoleus_service_registry_reset =~ ^stoleus_[a-zA-Z0-9_]+$ ]]
+ case "$visibility" in
+ case "$stability" in
+ [[ -z kernel/service/registry.sh ]]
+ stoleus_api_exists stoleus_service_registry_reset
+ local function_name=stoleus_service_registry_reset
+ [[ -z stoleus_service_registry_reset ]]
+ [[ -n '' ]]
+ api_index=122
+ STOLEUS_API_FUNCTIONS+=("$function_name")
+ STOLEUS_API_SUBSYSTEMS+=("$subsystem")
+ STOLEUS_API_VISIBILITIES+=("$visibility")
+ STOLEUS_API_STABILITIES+=("$stability")
+ STOLEUS_API_OWNERS+=("$owner")
+ STOLEUS_API_INDEX_BY_FUNCTION["$function_name"]=122
+ return 0
+ stoleus_api_register service-resolver stoleus_service_resolver_initialize internal internal kernel/service/resolver.sh
+ local subsystem=service-resolver
+ local function_name=stoleus_service_resolver_initialize
+ local visibility=internal
+ local stability=internal
+ local owner=kernel/service/resolver.sh
+ local api_index=0
+ stoleus_api_validate_identifier service-resolver subsystem
+ local value=service-resolver
+ local label=subsystem
+ [[ -z service-resolver ]]
+ [[ ! service-resolver =~ ^[a-z][a-z0-9-]*$ ]]
+ return 0
+ [[ -z stoleus_service_resolver_initialize ]]
+ [[ ! stoleus_service_resolver_initialize =~ ^stoleus_[a-zA-Z0-9_]+$ ]]
+ case "$visibility" in
+ case "$stability" in
+ [[ -z kernel/service/resolver.sh ]]
+ stoleus_api_exists stoleus_service_resolver_initialize
+ local function_name=stoleus_service_resolver_initialize
+ [[ -z stoleus_service_resolver_initialize ]]
+ [[ -n '' ]]
+ api_index=123
+ STOLEUS_API_FUNCTIONS+=("$function_name")
+ STOLEUS_API_SUBSYSTEMS+=("$subsystem")
+ STOLEUS_API_VISIBILITIES+=("$visibility")
+ STOLEUS_API_STABILITIES+=("$stability")
+ STOLEUS_API_OWNERS+=("$owner")
+ STOLEUS_API_INDEX_BY_FUNCTION["$function_name"]=123
+ return 0
+ stoleus_api_register service-resolver stoleus_service_resolver_resolve public experimental kernel/service/resolver.sh
+ local subsystem=service-resolver
+ local function_name=stoleus_service_resolver_resolve
+ local visibility=public
+ local stability=experimental
+ local owner=kernel/service/resolver.sh
+ local api_index=0
+ stoleus_api_validate_identifier service-resolver subsystem
+ local value=service-resolver
+ local label=subsystem
+ [[ -z service-resolver ]]
+ [[ ! service-resolver =~ ^[a-z][a-z0-9-]*$ ]]
+ return 0
+ [[ -z stoleus_service_resolver_resolve ]]
+ [[ ! stoleus_service_resolver_resolve =~ ^stoleus_[a-zA-Z0-9_]+$ ]]
+ case "$visibility" in
+ case "$stability" in
+ [[ -z kernel/service/resolver.sh ]]
+ stoleus_api_exists stoleus_service_resolver_resolve
+ local function_name=stoleus_service_resolver_resolve
+ [[ -z stoleus_service_resolver_resolve ]]
+ [[ -n '' ]]
+ api_index=124
+ STOLEUS_API_FUNCTIONS+=("$function_name")
+ STOLEUS_API_SUBSYSTEMS+=("$subsystem")
+ STOLEUS_API_VISIBILITIES+=("$visibility")
+ STOLEUS_API_STABILITIES+=("$stability")
+ STOLEUS_API_OWNERS+=("$owner")
+ STOLEUS_API_INDEX_BY_FUNCTION["$function_name"]=124
+ return 0
+ stoleus_api_register service-resolver stoleus_service_resolver_get_provider public experimental kernel/service/resolver.sh
+ local subsystem=service-resolver
+ local function_name=stoleus_service_resolver_get_provider
+ local visibility=public
+ local stability=experimental
+ local owner=kernel/service/resolver.sh
+ local api_index=0
+ stoleus_api_validate_identifier service-resolver subsystem
+ local value=service-resolver
+ local label=subsystem
+ [[ -z service-resolver ]]
+ [[ ! service-resolver =~ ^[a-z][a-z0-9-]*$ ]]
+ return 0
+ [[ -z stoleus_service_resolver_get_provider ]]
+ [[ ! stoleus_service_resolver_get_provider =~ ^stoleus_[a-zA-Z0-9_]+$ ]]
+ case "$visibility" in
+ case "$stability" in
+ [[ -z kernel/service/resolver.sh ]]
+ stoleus_api_exists stoleus_service_resolver_get_provider
+ local function_name=stoleus_service_resolver_get_provider
+ [[ -z stoleus_service_resolver_get_provider ]]
+ [[ -n '' ]]
+ api_index=125
+ STOLEUS_API_FUNCTIONS+=("$function_name")
+ STOLEUS_API_SUBSYSTEMS+=("$subsystem")
+ STOLEUS_API_VISIBILITIES+=("$visibility")
+ STOLEUS_API_STABILITIES+=("$stability")
+ STOLEUS_API_OWNERS+=("$owner")
+ STOLEUS_API_INDEX_BY_FUNCTION["$function_name"]=125
+ return 0
+ stoleus_api_register service-resolver stoleus_service_resolver_get_provider_plugin public experimental kernel/service/resolver.sh
+ local subsystem=service-resolver
+ local function_name=stoleus_service_resolver_get_provider_plugin
+ local visibility=public
+ local stability=experimental
+ local owner=kernel/service/resolver.sh
+ local api_index=0
+ stoleus_api_validate_identifier service-resolver subsystem
+ local value=service-resolver
+ local label=subsystem
+ [[ -z service-resolver ]]
+ [[ ! service-resolver =~ ^[a-z][a-z0-9-]*$ ]]
+ return 0
+ [[ -z stoleus_service_resolver_get_provider_plugin ]]
+ [[ ! stoleus_service_resolver_get_provider_plugin =~ ^stoleus_[a-zA-Z0-9_]+$ ]]
+ case "$visibility" in
+ case "$stability" in
+ [[ -z kernel/service/resolver.sh ]]
+ stoleus_api_exists stoleus_service_resolver_get_provider_plugin
+ local function_name=stoleus_service_resolver_get_provider_plugin
+ [[ -z stoleus_service_resolver_get_provider_plugin ]]
+ [[ -n '' ]]
+ api_index=126
+ STOLEUS_API_FUNCTIONS+=("$function_name")
+ STOLEUS_API_SUBSYSTEMS+=("$subsystem")
+ STOLEUS_API_VISIBILITIES+=("$visibility")
+ STOLEUS_API_STABILITIES+=("$stability")
+ STOLEUS_API_OWNERS+=("$owner")
+ STOLEUS_API_INDEX_BY_FUNCTION["$function_name"]=126
+ return 0
+ stoleus_api_register service-resolver stoleus_service_resolver_get_operation_binding public experimental kernel/service/resolver.sh
+ local subsystem=service-resolver
+ local function_name=stoleus_service_resolver_get_operation_binding
+ local visibility=public
+ local stability=experimental
+ local owner=kernel/service/resolver.sh
+ local api_index=0
+ stoleus_api_validate_identifier service-resolver subsystem
+ local value=service-resolver
+ local label=subsystem
+ [[ -z service-resolver ]]
+ [[ ! service-resolver =~ ^[a-z][a-z0-9-]*$ ]]
+ return 0
+ [[ -z stoleus_service_resolver_get_operation_binding ]]
+ [[ ! stoleus_service_resolver_get_operation_binding =~ ^stoleus_[a-zA-Z0-9_]+$ ]]
+ case "$visibility" in
+ case "$stability" in
+ [[ -z kernel/service/resolver.sh ]]
+ stoleus_api_exists stoleus_service_resolver_get_operation_binding
+ local function_name=stoleus_service_resolver_get_operation_binding
+ [[ -z stoleus_service_resolver_get_operation_binding ]]
+ [[ -n '' ]]
+ api_index=127
+ STOLEUS_API_FUNCTIONS+=("$function_name")
+ STOLEUS_API_SUBSYSTEMS+=("$subsystem")
+ STOLEUS_API_VISIBILITIES+=("$visibility")
+ STOLEUS_API_STABILITIES+=("$stability")
+ STOLEUS_API_OWNERS+=("$owner")
+ STOLEUS_API_INDEX_BY_FUNCTION["$function_name"]=127
+ return 0
+ stoleus_api_register service-resolver stoleus_service_resolver_validate_registry internal internal kernel/service/resolver.sh
+ local subsystem=service-resolver
+ local function_name=stoleus_service_resolver_validate_registry
+ local visibility=internal
+ local stability=internal
+ local owner=kernel/service/resolver.sh
+ local api_index=0
+ stoleus_api_validate_identifier service-resolver subsystem
+ local value=service-resolver
+ local label=subsystem
+ [[ -z service-resolver ]]
+ [[ ! service-resolver =~ ^[a-z][a-z0-9-]*$ ]]
+ return 0
+ [[ -z stoleus_service_resolver_validate_registry ]]
+ [[ ! stoleus_service_resolver_validate_registry =~ ^stoleus_[a-zA-Z0-9_]+$ ]]
+ case "$visibility" in
+ case "$stability" in
+ [[ -z kernel/service/resolver.sh ]]
+ stoleus_api_exists stoleus_service_resolver_validate_registry
+ local function_name=stoleus_service_resolver_validate_registry
+ [[ -z stoleus_service_resolver_validate_registry ]]
+ [[ -n '' ]]
+ api_index=128
+ STOLEUS_API_FUNCTIONS+=("$function_name")
+ STOLEUS_API_SUBSYSTEMS+=("$subsystem")
+ STOLEUS_API_VISIBILITIES+=("$visibility")
+ STOLEUS_API_STABILITIES+=("$stability")
+ STOLEUS_API_OWNERS+=("$owner")
+ STOLEUS_API_INDEX_BY_FUNCTION["$function_name"]=128
+ return 0
+ stoleus_api_register service-resolver stoleus_service_resolver_get_resolved public experimental kernel/service/resolver.sh
+ local subsystem=service-resolver
+ local function_name=stoleus_service_resolver_get_resolved
+ local visibility=public
+ local stability=experimental
+ local owner=kernel/service/resolver.sh
+ local api_index=0
+ stoleus_api_validate_identifier service-resolver subsystem
+ local value=service-resolver
+ local label=subsystem
+ [[ -z service-resolver ]]
+ [[ ! service-resolver =~ ^[a-z][a-z0-9-]*$ ]]
+ return 0
+ [[ -z stoleus_service_resolver_get_resolved ]]
+ [[ ! stoleus_service_resolver_get_resolved =~ ^stoleus_[a-zA-Z0-9_]+$ ]]
+ case "$visibility" in
+ case "$stability" in
+ [[ -z kernel/service/resolver.sh ]]
+ stoleus_api_exists stoleus_service_resolver_get_resolved
+ local function_name=stoleus_service_resolver_get_resolved
+ [[ -z stoleus_service_resolver_get_resolved ]]
+ [[ -n '' ]]
+ api_index=129
+ STOLEUS_API_FUNCTIONS+=("$function_name")
+ STOLEUS_API_SUBSYSTEMS+=("$subsystem")
+ STOLEUS_API_VISIBILITIES+=("$visibility")
+ STOLEUS_API_STABILITIES+=("$stability")
+ STOLEUS_API_OWNERS+=("$owner")
+ STOLEUS_API_INDEX_BY_FUNCTION["$function_name"]=129
+ return 0
+ stoleus_api_register service-resolver stoleus_service_resolver_is_resolved public experimental kernel/service/resolver.sh
+ local subsystem=service-resolver
+ local function_name=stoleus_service_resolver_is_resolved
+ local visibility=public
+ local stability=experimental
+ local owner=kernel/service/resolver.sh
+ local api_index=0
+ stoleus_api_validate_identifier service-resolver subsystem
+ local value=service-resolver
+ local label=subsystem
+ [[ -z service-resolver ]]
+ [[ ! service-resolver =~ ^[a-z][a-z0-9-]*$ ]]
+ return 0
+ [[ -z stoleus_service_resolver_is_resolved ]]
+ [[ ! stoleus_service_resolver_is_resolved =~ ^stoleus_[a-zA-Z0-9_]+$ ]]
+ case "$visibility" in
+ case "$stability" in
+ [[ -z kernel/service/resolver.sh ]]
+ stoleus_api_exists stoleus_service_resolver_is_resolved
+ local function_name=stoleus_service_resolver_is_resolved
+ [[ -z stoleus_service_resolver_is_resolved ]]
+ [[ -n '' ]]
+ api_index=130
+ STOLEUS_API_FUNCTIONS+=("$function_name")
+ STOLEUS_API_SUBSYSTEMS+=("$subsystem")
+ STOLEUS_API_VISIBILITIES+=("$visibility")
+ STOLEUS_API_STABILITIES+=("$stability")
+ STOLEUS_API_OWNERS+=("$owner")
+ STOLEUS_API_INDEX_BY_FUNCTION["$function_name"]=130
+ return 0
+ stoleus_api_register service-resolver stoleus_service_resolver_reset public experimental kernel/service/resolver.sh
+ local subsystem=service-resolver
+ local function_name=stoleus_service_resolver_reset
+ local visibility=public
+ local stability=experimental
+ local owner=kernel/service/resolver.sh
+ local api_index=0
+ stoleus_api_validate_identifier service-resolver subsystem
+ local value=service-resolver
+ local label=subsystem
+ [[ -z service-resolver ]]
+ [[ ! service-resolver =~ ^[a-z][a-z0-9-]*$ ]]
+ return 0
+ [[ -z stoleus_service_resolver_reset ]]
+ [[ ! stoleus_service_resolver_reset =~ ^stoleus_[a-zA-Z0-9_]+$ ]]
+ case "$visibility" in
+ case "$stability" in
+ [[ -z kernel/service/resolver.sh ]]
+ stoleus_api_exists stoleus_service_resolver_reset
+ local function_name=stoleus_service_resolver_reset
+ [[ -z stoleus_service_resolver_reset ]]
+ [[ -n '' ]]
+ api_index=131
+ STOLEUS_API_FUNCTIONS+=("$function_name")
+ STOLEUS_API_SUBSYSTEMS+=("$subsystem")
+ STOLEUS_API_VISIBILITIES+=("$visibility")
+ STOLEUS_API_STABILITIES+=("$stability")
+ STOLEUS_API_OWNERS+=("$owner")
+ STOLEUS_API_INDEX_BY_FUNCTION["$function_name"]=131
+ return 0
+ stoleus_api_register service-runtime stoleus_service_runtime_initialize internal internal kernel/service/runtime.sh
+ local subsystem=service-runtime
+ local function_name=stoleus_service_runtime_initialize
+ local visibility=internal
+ local stability=internal
+ local owner=kernel/service/runtime.sh
+ local api_index=0
+ stoleus_api_validate_identifier service-runtime subsystem
+ local value=service-runtime
+ local label=subsystem
+ [[ -z service-runtime ]]
+ [[ ! service-runtime =~ ^[a-z][a-z0-9-]*$ ]]
+ return 0
+ [[ -z stoleus_service_runtime_initialize ]]
+ [[ ! stoleus_service_runtime_initialize =~ ^stoleus_[a-zA-Z0-9_]+$ ]]
+ case "$visibility" in
+ case "$stability" in
+ [[ -z kernel/service/runtime.sh ]]
+ stoleus_api_exists stoleus_service_runtime_initialize
+ local function_name=stoleus_service_runtime_initialize
+ [[ -z stoleus_service_runtime_initialize ]]
+ [[ -n '' ]]
+ api_index=132
+ STOLEUS_API_FUNCTIONS+=("$function_name")
+ STOLEUS_API_SUBSYSTEMS+=("$subsystem")
+ STOLEUS_API_VISIBILITIES+=("$visibility")
+ STOLEUS_API_STABILITIES+=("$stability")
+ STOLEUS_API_OWNERS+=("$owner")
+ STOLEUS_API_INDEX_BY_FUNCTION["$function_name"]=132
+ return 0
+ stoleus_api_register service-runtime stoleus_service_call public experimental kernel/service/runtime.sh
+ local subsystem=service-runtime
+ local function_name=stoleus_service_call
+ local visibility=public
+ local stability=experimental
+ local owner=kernel/service/runtime.sh
+ local api_index=0
+ stoleus_api_validate_identifier service-runtime subsystem
+ local value=service-runtime
+ local label=subsystem
+ [[ -z service-runtime ]]
+ [[ ! service-runtime =~ ^[a-z][a-z0-9-]*$ ]]
+ return 0
+ [[ -z stoleus_service_call ]]
+ [[ ! stoleus_service_call =~ ^stoleus_[a-zA-Z0-9_]+$ ]]
+ case "$visibility" in
+ case "$stability" in
+ [[ -z kernel/service/runtime.sh ]]
+ stoleus_api_exists stoleus_service_call
+ local function_name=stoleus_service_call
+ [[ -z stoleus_service_call ]]
+ [[ -n '' ]]
+ api_index=133
+ STOLEUS_API_FUNCTIONS+=("$function_name")
+ STOLEUS_API_SUBSYSTEMS+=("$subsystem")
+ STOLEUS_API_VISIBILITIES+=("$visibility")
+ STOLEUS_API_STABILITIES+=("$stability")
+ STOLEUS_API_OWNERS+=("$owner")
+ STOLEUS_API_INDEX_BY_FUNCTION["$function_name"]=133
+ return 0
+ stoleus_api_register service-runtime stoleus_service_get_provider public experimental kernel/service/runtime.sh
+ local subsystem=service-runtime
+ local function_name=stoleus_service_get_provider
+ local visibility=public
+ local stability=experimental
+ local owner=kernel/service/runtime.sh
+ local api_index=0
+ stoleus_api_validate_identifier service-runtime subsystem
+ local value=service-runtime
+ local label=subsystem
+ [[ -z service-runtime ]]
+ [[ ! service-runtime =~ ^[a-z][a-z0-9-]*$ ]]
+ return 0
+ [[ -z stoleus_service_get_provider ]]
+ [[ ! stoleus_service_get_provider =~ ^stoleus_[a-zA-Z0-9_]+$ ]]
+ case "$visibility" in
+ case "$stability" in
+ [[ -z kernel/service/runtime.sh ]]
+ stoleus_api_exists stoleus_service_get_provider
+ local function_name=stoleus_service_get_provider
+ [[ -z stoleus_service_get_provider ]]
+ [[ -n '' ]]
+ api_index=134
+ STOLEUS_API_FUNCTIONS+=("$function_name")
+ STOLEUS_API_SUBSYSTEMS+=("$subsystem")
+ STOLEUS_API_VISIBILITIES+=("$visibility")
+ STOLEUS_API_STABILITIES+=("$stability")
+ STOLEUS_API_OWNERS+=("$owner")
+ STOLEUS_API_INDEX_BY_FUNCTION["$function_name"]=134
+ return 0
+ stoleus_api_register service-runtime stoleus_service_get_operation public experimental kernel/service/runtime.sh
+ local subsystem=service-runtime
+ local function_name=stoleus_service_get_operation
+ local visibility=public
+ local stability=experimental
+ local owner=kernel/service/runtime.sh
+ local api_index=0
+ stoleus_api_validate_identifier service-runtime subsystem
+ local value=service-runtime
+ local label=subsystem
+ [[ -z service-runtime ]]
+ [[ ! service-runtime =~ ^[a-z][a-z0-9-]*$ ]]
+ return 0
+ [[ -z stoleus_service_get_operation ]]
+ [[ ! stoleus_service_get_operation =~ ^stoleus_[a-zA-Z0-9_]+$ ]]
+ case "$visibility" in
+ case "$stability" in
+ [[ -z kernel/service/runtime.sh ]]
+ stoleus_api_exists stoleus_service_get_operation
+ local function_name=stoleus_service_get_operation
+ [[ -z stoleus_service_get_operation ]]
+ [[ -n '' ]]
+ api_index=135
+ STOLEUS_API_FUNCTIONS+=("$function_name")
+ STOLEUS_API_SUBSYSTEMS+=("$subsystem")
+ STOLEUS_API_VISIBILITIES+=("$visibility")
+ STOLEUS_API_STABILITIES+=("$stability")
+ STOLEUS_API_OWNERS+=("$owner")
+ STOLEUS_API_INDEX_BY_FUNCTION["$function_name"]=135
+ return 0
+ stoleus_api_register service-runtime stoleus_service_runtime_get_last_call public experimental kernel/service/runtime.sh
+ local subsystem=service-runtime
+ local function_name=stoleus_service_runtime_get_last_call
+ local visibility=public
+ local stability=experimental
+ local owner=kernel/service/runtime.sh
+ local api_index=0
+ stoleus_api_validate_identifier service-runtime subsystem
+ local value=service-runtime
+ local label=subsystem
+ [[ -z service-runtime ]]
+ [[ ! service-runtime =~ ^[a-z][a-z0-9-]*$ ]]
+ return 0
+ [[ -z stoleus_service_runtime_get_last_call ]]
+ [[ ! stoleus_service_runtime_get_last_call =~ ^stoleus_[a-zA-Z0-9_]+$ ]]
+ case "$visibility" in
+ case "$stability" in
+ [[ -z kernel/service/runtime.sh ]]
+ stoleus_api_exists stoleus_service_runtime_get_last_call
+ local function_name=stoleus_service_runtime_get_last_call
+ [[ -z stoleus_service_runtime_get_last_call ]]
+ [[ -n '' ]]
+ api_index=136
+ STOLEUS_API_FUNCTIONS+=("$function_name")
+ STOLEUS_API_SUBSYSTEMS+=("$subsystem")
+ STOLEUS_API_VISIBILITIES+=("$visibility")
+ STOLEUS_API_STABILITIES+=("$stability")
+ STOLEUS_API_OWNERS+=("$owner")
+ STOLEUS_API_INDEX_BY_FUNCTION["$function_name"]=136
+ return 0
+ stoleus_api_register service-runtime stoleus_service_runtime_reset public experimental kernel/service/runtime.sh
+ local subsystem=service-runtime
+ local function_name=stoleus_service_runtime_reset
+ local visibility=public
+ local stability=experimental
+ local owner=kernel/service/runtime.sh
+ local api_index=0
+ stoleus_api_validate_identifier service-runtime subsystem
+ local value=service-runtime
+ local label=subsystem
+ [[ -z service-runtime ]]
+ [[ ! service-runtime =~ ^[a-z][a-z0-9-]*$ ]]
+ return 0
+ [[ -z stoleus_service_runtime_reset ]]
+ [[ ! stoleus_service_runtime_reset =~ ^stoleus_[a-zA-Z0-9_]+$ ]]
+ case "$visibility" in
+ case "$stability" in
+ [[ -z kernel/service/runtime.sh ]]
+ stoleus_api_exists stoleus_service_runtime_reset
+ local function_name=stoleus_service_runtime_reset
+ [[ -z stoleus_service_runtime_reset ]]
+ [[ -n '' ]]
+ api_index=137
+ STOLEUS_API_FUNCTIONS+=("$function_name")
+ STOLEUS_API_SUBSYSTEMS+=("$subsystem")
+ STOLEUS_API_VISIBILITIES+=("$visibility")
+ STOLEUS_API_STABILITIES+=("$stability")
+ STOLEUS_API_OWNERS+=("$owner")
+ STOLEUS_API_INDEX_BY_FUNCTION["$function_name"]=137
+ return 0
+ stoleus_api_register capability-registry stoleus_capability_registry_initialize internal internal kernel/capability/registry.sh
+ local subsystem=capability-registry
+ local function_name=stoleus_capability_registry_initialize
+ local visibility=internal
+ local stability=internal
+ local owner=kernel/capability/registry.sh
+ local api_index=0
+ stoleus_api_validate_identifier capability-registry subsystem
+ local value=capability-registry
+ local label=subsystem
+ [[ -z capability-registry ]]
+ [[ ! capability-registry =~ ^[a-z][a-z0-9-]*$ ]]
+ return 0
+ [[ -z stoleus_capability_registry_initialize ]]
+ [[ ! stoleus_capability_registry_initialize =~ ^stoleus_[a-zA-Z0-9_]+$ ]]
+ case "$visibility" in
+ case "$stability" in
+ [[ -z kernel/capability/registry.sh ]]
+ stoleus_api_exists stoleus_capability_registry_initialize
+ local function_name=stoleus_capability_registry_initialize
+ [[ -z stoleus_capability_registry_initialize ]]
+ [[ -n '' ]]
+ api_index=138
+ STOLEUS_API_FUNCTIONS+=("$function_name")
+ STOLEUS_API_SUBSYSTEMS+=("$subsystem")
+ STOLEUS_API_VISIBILITIES+=("$visibility")
+ STOLEUS_API_STABILITIES+=("$stability")
+ STOLEUS_API_OWNERS+=("$owner")
+ STOLEUS_API_INDEX_BY_FUNCTION["$function_name"]=138
+ return 0
+ stoleus_api_register capability-registry stoleus_capability_registry_import_plugins internal internal kernel/capability/registry.sh
+ local subsystem=capability-registry
+ local function_name=stoleus_capability_registry_import_plugins
+ local visibility=internal
+ local stability=internal
+ local owner=kernel/capability/registry.sh
+ local api_index=0
+ stoleus_api_validate_identifier capability-registry subsystem
+ local value=capability-registry
+ local label=subsystem
+ [[ -z capability-registry ]]
+ [[ ! capability-registry =~ ^[a-z][a-z0-9-]*$ ]]
+ return 0
+ [[ -z stoleus_capability_registry_import_plugins ]]
+ [[ ! stoleus_capability_registry_import_plugins =~ ^stoleus_[a-zA-Z0-9_]+$ ]]
+ case "$visibility" in
+ case "$stability" in
+ [[ -z kernel/capability/registry.sh ]]
+ stoleus_api_exists stoleus_capability_registry_import_plugins
+ local function_name=stoleus_capability_registry_import_plugins
+ [[ -z stoleus_capability_registry_import_plugins ]]
+ [[ -n '' ]]
+ api_index=139
+ STOLEUS_API_FUNCTIONS+=("$function_name")
+ STOLEUS_API_SUBSYSTEMS+=("$subsystem")
+ STOLEUS_API_VISIBILITIES+=("$visibility")
+ STOLEUS_API_STABILITIES+=("$stability")
+ STOLEUS_API_OWNERS+=("$owner")
+ STOLEUS_API_INDEX_BY_FUNCTION["$function_name"]=139
+ return 0
+ stoleus_api_register capability-registry stoleus_capability_registry_contains public experimental kernel/capability/registry.sh
+ local subsystem=capability-registry
+ local function_name=stoleus_capability_registry_contains
+ local visibility=public
+ local stability=experimental
+ local owner=kernel/capability/registry.sh
+ local api_index=0
+ stoleus_api_validate_identifier capability-registry subsystem
+ local value=capability-registry
+ local label=subsystem
+ [[ -z capability-registry ]]
+ [[ ! capability-registry =~ ^[a-z][a-z0-9-]*$ ]]
+ return 0
+ [[ -z stoleus_capability_registry_contains ]]
+ [[ ! stoleus_capability_registry_contains =~ ^stoleus_[a-zA-Z0-9_]+$ ]]
+ case "$visibility" in
+ case "$stability" in
+ [[ -z kernel/capability/registry.sh ]]
+ stoleus_api_exists stoleus_capability_registry_contains
+ local function_name=stoleus_capability_registry_contains
+ [[ -z stoleus_capability_registry_contains ]]
+ [[ -n '' ]]
+ api_index=140
+ STOLEUS_API_FUNCTIONS+=("$function_name")
+ STOLEUS_API_SUBSYSTEMS+=("$subsystem")
+ STOLEUS_API_VISIBILITIES+=("$visibility")
+ STOLEUS_API_STABILITIES+=("$stability")
+ STOLEUS_API_OWNERS+=("$owner")
+ STOLEUS_API_INDEX_BY_FUNCTION["$function_name"]=140
+ return 0
+ stoleus_api_register capability-registry stoleus_capability_registry_get_count public experimental kernel/capability/registry.sh
+ local subsystem=capability-registry
+ local function_name=stoleus_capability_registry_get_count
+ local visibility=public
+ local stability=experimental
+ local owner=kernel/capability/registry.sh
+ local api_index=0
+ stoleus_api_validate_identifier capability-registry subsystem
+ local value=capability-registry
+ local label=subsystem
+ [[ -z capability-registry ]]
+ [[ ! capability-registry =~ ^[a-z][a-z0-9-]*$ ]]
+ return 0
+ [[ -z stoleus_capability_registry_get_count ]]
+ [[ ! stoleus_capability_registry_get_count =~ ^stoleus_[a-zA-Z0-9_]+$ ]]
+ case "$visibility" in
+ case "$stability" in
+ [[ -z kernel/capability/registry.sh ]]
+ stoleus_api_exists stoleus_capability_registry_get_count
+ local function_name=stoleus_capability_registry_get_count
+ [[ -z stoleus_capability_registry_get_count ]]
+ [[ -n '' ]]
+ api_index=141
+ STOLEUS_API_FUNCTIONS+=("$function_name")
+ STOLEUS_API_SUBSYSTEMS+=("$subsystem")
+ STOLEUS_API_VISIBILITIES+=("$visibility")
+ STOLEUS_API_STABILITIES+=("$stability")
+ STOLEUS_API_OWNERS+=("$owner")
+ STOLEUS_API_INDEX_BY_FUNCTION["$function_name"]=141
+ return 0
+ stoleus_api_register capability-registry stoleus_capability_registry_get_field public experimental kernel/capability/registry.sh
+ local subsystem=capability-registry
+ local function_name=stoleus_capability_registry_get_field
+ local visibility=public
+ local stability=experimental
+ local owner=kernel/capability/registry.sh
+ local api_index=0
+ stoleus_api_validate_identifier capability-registry subsystem
+ local value=capability-registry
+ local label=subsystem
+ [[ -z capability-registry ]]
+ [[ ! capability-registry =~ ^[a-z][a-z0-9-]*$ ]]
+ return 0
+ [[ -z stoleus_capability_registry_get_field ]]
+ [[ ! stoleus_capability_registry_get_field =~ ^stoleus_[a-zA-Z0-9_]+$ ]]
+ case "$visibility" in
+ case "$stability" in
+ [[ -z kernel/capability/registry.sh ]]
+ stoleus_api_exists stoleus_capability_registry_get_field
+ local function_name=stoleus_capability_registry_get_field
+ [[ -z stoleus_capability_registry_get_field ]]
+ [[ -n '' ]]
+ api_index=142
+ STOLEUS_API_FUNCTIONS+=("$function_name")
+ STOLEUS_API_SUBSYSTEMS+=("$subsystem")
+ STOLEUS_API_VISIBILITIES+=("$visibility")
+ STOLEUS_API_STABILITIES+=("$stability")
+ STOLEUS_API_OWNERS+=("$owner")
+ STOLEUS_API_INDEX_BY_FUNCTION["$function_name"]=142
+ return 0
+ stoleus_api_register capability-registry stoleus_capability_registry_get_provider public experimental kernel/capability/registry.sh
+ local subsystem=capability-registry
+ local function_name=stoleus_capability_registry_get_provider
+ local visibility=public
+ local stability=experimental
+ local owner=kernel/capability/registry.sh
+ local api_index=0
+ stoleus_api_validate_identifier capability-registry subsystem
+ local value=capability-registry
+ local label=subsystem
+ [[ -z capability-registry ]]
+ [[ ! capability-registry =~ ^[a-z][a-z0-9-]*$ ]]
+ return 0
+ [[ -z stoleus_capability_registry_get_provider ]]
+ [[ ! stoleus_capability_registry_get_provider =~ ^stoleus_[a-zA-Z0-9_]+$ ]]
+ case "$visibility" in
+ case "$stability" in
+ [[ -z kernel/capability/registry.sh ]]
+ stoleus_api_exists stoleus_capability_registry_get_provider
+ local function_name=stoleus_capability_registry_get_provider
+ [[ -z stoleus_capability_registry_get_provider ]]
+ [[ -n '' ]]
+ api_index=143
+ STOLEUS_API_FUNCTIONS+=("$function_name")
+ STOLEUS_API_SUBSYSTEMS+=("$subsystem")
+ STOLEUS_API_VISIBILITIES+=("$visibility")
+ STOLEUS_API_STABILITIES+=("$stability")
+ STOLEUS_API_OWNERS+=("$owner")
+ STOLEUS_API_INDEX_BY_FUNCTION["$function_name"]=143
+ return 0
+ stoleus_api_register capability-registry stoleus_capability_registry_list public experimental kernel/capability/registry.sh
+ local subsystem=capability-registry
+ local function_name=stoleus_capability_registry_list
+ local visibility=public
+ local stability=experimental
+ local owner=kernel/capability/registry.sh
+ local api_index=0
+ stoleus_api_validate_identifier capability-registry subsystem
+ local value=capability-registry
+ local label=subsystem
+ [[ -z capability-registry ]]
+ [[ ! capability-registry =~ ^[a-z][a-z0-9-]*$ ]]
+ return 0
+ [[ -z stoleus_capability_registry_list ]]
+ [[ ! stoleus_capability_registry_list =~ ^stoleus_[a-zA-Z0-9_]+$ ]]
+ case "$visibility" in
+ case "$stability" in
+ [[ -z kernel/capability/registry.sh ]]
+ stoleus_api_exists stoleus_capability_registry_list
+ local function_name=stoleus_capability_registry_list
+ [[ -z stoleus_capability_registry_list ]]
+ [[ -n '' ]]
+ api_index=144
+ STOLEUS_API_FUNCTIONS+=("$function_name")
+ STOLEUS_API_SUBSYSTEMS+=("$subsystem")
+ STOLEUS_API_VISIBILITIES+=("$visibility")
+ STOLEUS_API_STABILITIES+=("$stability")
+ STOLEUS_API_OWNERS+=("$owner")
+ STOLEUS_API_INDEX_BY_FUNCTION["$function_name"]=144
+ return 0
+ stoleus_api_register capability-registry stoleus_capability_registry_list_providers public experimental kernel/capability/registry.sh
+ local subsystem=capability-registry
+ local function_name=stoleus_capability_registry_list_providers
+ local visibility=public
+ local stability=experimental
+ local owner=kernel/capability/registry.sh
+ local api_index=0
+ stoleus_api_validate_identifier capability-registry subsystem
+ local value=capability-registry
+ local label=subsystem
+ [[ -z capability-registry ]]
+ [[ ! capability-registry =~ ^[a-z][a-z0-9-]*$ ]]
+ return 0
+ [[ -z stoleus_capability_registry_list_providers ]]
+ [[ ! stoleus_capability_registry_list_providers =~ ^stoleus_[a-zA-Z0-9_]+$ ]]
+ case "$visibility" in
+ case "$stability" in
+ [[ -z kernel/capability/registry.sh ]]
+ stoleus_api_exists stoleus_capability_registry_list_providers
+ local function_name=stoleus_capability_registry_list_providers
+ [[ -z stoleus_capability_registry_list_providers ]]
+ [[ -n '' ]]
+ api_index=145
+ STOLEUS_API_FUNCTIONS+=("$function_name")
+ STOLEUS_API_SUBSYSTEMS+=("$subsystem")
+ STOLEUS_API_VISIBILITIES+=("$visibility")
+ STOLEUS_API_STABILITIES+=("$stability")
+ STOLEUS_API_OWNERS+=("$owner")
+ STOLEUS_API_INDEX_BY_FUNCTION["$function_name"]=145
+ return 0
+ stoleus_api_register capability-registry stoleus_capability_registry_is_frozen public experimental kernel/capability/registry.sh
+ local subsystem=capability-registry
+ local function_name=stoleus_capability_registry_is_frozen
+ local visibility=public
+ local stability=experimental
+ local owner=kernel/capability/registry.sh
+ local api_index=0
+ stoleus_api_validate_identifier capability-registry subsystem
+ local value=capability-registry
+ local label=subsystem
+ [[ -z capability-registry ]]
+ [[ ! capability-registry =~ ^[a-z][a-z0-9-]*$ ]]
+ return 0
+ [[ -z stoleus_capability_registry_is_frozen ]]
+ [[ ! stoleus_capability_registry_is_frozen =~ ^stoleus_[a-zA-Z0-9_]+$ ]]
+ case "$visibility" in
+ case "$stability" in
+ [[ -z kernel/capability/registry.sh ]]
+ stoleus_api_exists stoleus_capability_registry_is_frozen
+ local function_name=stoleus_capability_registry_is_frozen
+ [[ -z stoleus_capability_registry_is_frozen ]]
+ [[ -n '' ]]
+ api_index=146
+ STOLEUS_API_FUNCTIONS+=("$function_name")
+ STOLEUS_API_SUBSYSTEMS+=("$subsystem")
+ STOLEUS_API_VISIBILITIES+=("$visibility")
+ STOLEUS_API_STABILITIES+=("$stability")
+ STOLEUS_API_OWNERS+=("$owner")
+ STOLEUS_API_INDEX_BY_FUNCTION["$function_name"]=146
+ return 0
+ stoleus_api_register capability-registry stoleus_capability_registry_reset public experimental kernel/capability/registry.sh
+ local subsystem=capability-registry
+ local function_name=stoleus_capability_registry_reset
+ local visibility=public
+ local stability=experimental
+ local owner=kernel/capability/registry.sh
+ local api_index=0
+ stoleus_api_validate_identifier capability-registry subsystem
+ local value=capability-registry
+ local label=subsystem
+ [[ -z capability-registry ]]
+ [[ ! capability-registry =~ ^[a-z][a-z0-9-]*$ ]]
+ return 0
+ [[ -z stoleus_capability_registry_reset ]]
+ [[ ! stoleus_capability_registry_reset =~ ^stoleus_[a-zA-Z0-9_]+$ ]]
+ case "$visibility" in
+ case "$stability" in
+ [[ -z kernel/capability/registry.sh ]]
+ stoleus_api_exists stoleus_capability_registry_reset
+ local function_name=stoleus_capability_registry_reset
+ [[ -z stoleus_capability_registry_reset ]]
+ [[ -n '' ]]
+ api_index=147
+ STOLEUS_API_FUNCTIONS+=("$function_name")
+ STOLEUS_API_SUBSYSTEMS+=("$subsystem")
+ STOLEUS_API_VISIBILITIES+=("$visibility")
+ STOLEUS_API_STABILITIES+=("$stability")
+ STOLEUS_API_OWNERS+=("$owner")
+ STOLEUS_API_INDEX_BY_FUNCTION["$function_name"]=147
+ return 0
+ stoleus_api_register provider-policy-registry stoleus_provider_policy_registry_initialize internal internal kernel/policy/provider_registry.sh
+ local subsystem=provider-policy-registry
+ local function_name=stoleus_provider_policy_registry_initialize
+ local visibility=internal
+ local stability=internal
+ local owner=kernel/policy/provider_registry.sh
+ local api_index=0
+ stoleus_api_validate_identifier provider-policy-registry subsystem
+ local value=provider-policy-registry
+ local label=subsystem
+ [[ -z provider-policy-registry ]]
+ [[ ! provider-policy-registry =~ ^[a-z][a-z0-9-]*$ ]]
+ return 0
+ [[ -z stoleus_provider_policy_registry_initialize ]]
+ [[ ! stoleus_provider_policy_registry_initialize =~ ^stoleus_[a-zA-Z0-9_]+$ ]]
+ case "$visibility" in
+ case "$stability" in
+ [[ -z kernel/policy/provider_registry.sh ]]
+ stoleus_api_exists stoleus_provider_policy_registry_initialize
+ local function_name=stoleus_provider_policy_registry_initialize
+ [[ -z stoleus_provider_policy_registry_initialize ]]
+ [[ -n '' ]]
+ api_index=148
+ STOLEUS_API_FUNCTIONS+=("$function_name")
+ STOLEUS_API_SUBSYSTEMS+=("$subsystem")
+ STOLEUS_API_VISIBILITIES+=("$visibility")
+ STOLEUS_API_STABILITIES+=("$stability")
+ STOLEUS_API_OWNERS+=("$owner")
+ STOLEUS_API_INDEX_BY_FUNCTION["$function_name"]=148
+ return 0
+ stoleus_api_register provider-policy-registry stoleus_provider_policy_registry_reset internal internal kernel/policy/provider_registry.sh
+ local subsystem=provider-policy-registry
+ local function_name=stoleus_provider_policy_registry_reset
+ local visibility=internal
+ local stability=internal
+ local owner=kernel/policy/provider_registry.sh
+ local api_index=0
+ stoleus_api_validate_identifier provider-policy-registry subsystem
+ local value=provider-policy-registry
+ local label=subsystem
+ [[ -z provider-policy-registry ]]
+ [[ ! provider-policy-registry =~ ^[a-z][a-z0-9-]*$ ]]
+ return 0
+ [[ -z stoleus_provider_policy_registry_reset ]]
+ [[ ! stoleus_provider_policy_registry_reset =~ ^stoleus_[a-zA-Z0-9_]+$ ]]
+ case "$visibility" in
+ case "$stability" in
+ [[ -z kernel/policy/provider_registry.sh ]]
+ stoleus_api_exists stoleus_provider_policy_registry_reset
+ local function_name=stoleus_provider_policy_registry_reset
+ [[ -z stoleus_provider_policy_registry_reset ]]
+ [[ -n '' ]]
+ api_index=149
+ STOLEUS_API_FUNCTIONS+=("$function_name")
+ STOLEUS_API_SUBSYSTEMS+=("$subsystem")
+ STOLEUS_API_VISIBILITIES+=("$visibility")
+ STOLEUS_API_STABILITIES+=("$stability")
+ STOLEUS_API_OWNERS+=("$owner")
+ STOLEUS_API_INDEX_BY_FUNCTION["$function_name"]=149
+ return 0
+ stoleus_api_register provider-policy-registry stoleus_provider_policy_registry_register internal internal kernel/policy/provider_registry.sh
+ local subsystem=provider-policy-registry
+ local function_name=stoleus_provider_policy_registry_register
+ local visibility=internal
+ local stability=internal
+ local owner=kernel/policy/provider_registry.sh
+ local api_index=0
+ stoleus_api_validate_identifier provider-policy-registry subsystem
+ local value=provider-policy-registry
+ local label=subsystem
+ [[ -z provider-policy-registry ]]
+ [[ ! provider-policy-registry =~ ^[a-z][a-z0-9-]*$ ]]
+ return 0
+ [[ -z stoleus_provider_policy_registry_register ]]
+ [[ ! stoleus_provider_policy_registry_register =~ ^stoleus_[a-zA-Z0-9_]+$ ]]
+ case "$visibility" in
+ case "$stability" in
+ [[ -z kernel/policy/provider_registry.sh ]]
+ stoleus_api_exists stoleus_provider_policy_registry_register
+ local function_name=stoleus_provider_policy_registry_register
+ [[ -z stoleus_provider_policy_registry_register ]]
+ [[ -n '' ]]
+ api_index=150
+ STOLEUS_API_FUNCTIONS+=("$function_name")
+ STOLEUS_API_SUBSYSTEMS+=("$subsystem")
+ STOLEUS_API_VISIBILITIES+=("$visibility")
+ STOLEUS_API_STABILITIES+=("$stability")
+ STOLEUS_API_OWNERS+=("$owner")
+ STOLEUS_API_INDEX_BY_FUNCTION["$function_name"]=150
+ return 0
+ stoleus_api_register provider-policy-registry stoleus_provider_policy_registry_contains internal internal kernel/policy/provider_registry.sh
+ local subsystem=provider-policy-registry
+ local function_name=stoleus_provider_policy_registry_contains
+ local visibility=internal
+ local stability=internal
+ local owner=kernel/policy/provider_registry.sh
+ local api_index=0
+ stoleus_api_validate_identifier provider-policy-registry subsystem
+ local value=provider-policy-registry
+ local label=subsystem
+ [[ -z provider-policy-registry ]]
+ [[ ! provider-policy-registry =~ ^[a-z][a-z0-9-]*$ ]]
+ return 0
+ [[ -z stoleus_provider_policy_registry_contains ]]
+ [[ ! stoleus_provider_policy_registry_contains =~ ^stoleus_[a-zA-Z0-9_]+$ ]]
+ case "$visibility" in
+ case "$stability" in
+ [[ -z kernel/policy/provider_registry.sh ]]
+ stoleus_api_exists stoleus_provider_policy_registry_contains
+ local function_name=stoleus_provider_policy_registry_contains
+ [[ -z stoleus_provider_policy_registry_contains ]]
+ [[ -n '' ]]
+ api_index=151
+ STOLEUS_API_FUNCTIONS+=("$function_name")
+ STOLEUS_API_SUBSYSTEMS+=("$subsystem")
+ STOLEUS_API_VISIBILITIES+=("$visibility")
+ STOLEUS_API_STABILITIES+=("$stability")
+ STOLEUS_API_OWNERS+=("$owner")
+ STOLEUS_API_INDEX_BY_FUNCTION["$function_name"]=151
+ return 0
+ stoleus_api_register provider-policy-registry stoleus_provider_policy_registry_get_field internal internal kernel/policy/provider_registry.sh
+ local subsystem=provider-policy-registry
+ local function_name=stoleus_provider_policy_registry_get_field
+ local visibility=internal
+ local stability=internal
+ local owner=kernel/policy/provider_registry.sh
+ local api_index=0
+ stoleus_api_validate_identifier provider-policy-registry subsystem
+ local value=provider-policy-registry
+ local label=subsystem
+ [[ -z provider-policy-registry ]]
+ [[ ! provider-policy-registry =~ ^[a-z][a-z0-9-]*$ ]]
+ return 0
+ [[ -z stoleus_provider_policy_registry_get_field ]]
+ [[ ! stoleus_provider_policy_registry_get_field =~ ^stoleus_[a-zA-Z0-9_]+$ ]]
+ case "$visibility" in
+ case "$stability" in
+ [[ -z kernel/policy/provider_registry.sh ]]
+ stoleus_api_exists stoleus_provider_policy_registry_get_field
+ local function_name=stoleus_provider_policy_registry_get_field
+ [[ -z stoleus_provider_policy_registry_get_field ]]
+ [[ -n '' ]]
+ api_index=152
+ STOLEUS_API_FUNCTIONS+=("$function_name")
+ STOLEUS_API_SUBSYSTEMS+=("$subsystem")
+ STOLEUS_API_VISIBILITIES+=("$visibility")
+ STOLEUS_API_STABILITIES+=("$stability")
+ STOLEUS_API_OWNERS+=("$owner")
+ STOLEUS_API_INDEX_BY_FUNCTION["$function_name"]=152
+ return 0
+ stoleus_api_register provider-policy-registry stoleus_provider_policy_registry_get_count internal internal kernel/policy/provider_registry.sh
+ local subsystem=provider-policy-registry
+ local function_name=stoleus_provider_policy_registry_get_count
+ local visibility=internal
+ local stability=internal
+ local owner=kernel/policy/provider_registry.sh
+ local api_index=0
+ stoleus_api_validate_identifier provider-policy-registry subsystem
+ local value=provider-policy-registry
+ local label=subsystem
+ [[ -z provider-policy-registry ]]
+ [[ ! provider-policy-registry =~ ^[a-z][a-z0-9-]*$ ]]
+ return 0
+ [[ -z stoleus_provider_policy_registry_get_count ]]
+ [[ ! stoleus_provider_policy_registry_get_count =~ ^stoleus_[a-zA-Z0-9_]+$ ]]
+ case "$visibility" in
+ case "$stability" in
+ [[ -z kernel/policy/provider_registry.sh ]]
+ stoleus_api_exists stoleus_provider_policy_registry_get_count
+ local function_name=stoleus_provider_policy_registry_get_count
+ [[ -z stoleus_provider_policy_registry_get_count ]]
+ [[ -n '' ]]
+ api_index=153
+ STOLEUS_API_FUNCTIONS+=("$function_name")
+ STOLEUS_API_SUBSYSTEMS+=("$subsystem")
+ STOLEUS_API_VISIBILITIES+=("$visibility")
+ STOLEUS_API_STABILITIES+=("$stability")
+ STOLEUS_API_OWNERS+=("$owner")
+ STOLEUS_API_INDEX_BY_FUNCTION["$function_name"]=153
+ return 0
+ stoleus_api_register provider-policy-registry stoleus_provider_policy_registry_list internal internal kernel/policy/provider_registry.sh
+ local subsystem=provider-policy-registry
+ local function_name=stoleus_provider_policy_registry_list
+ local visibility=internal
+ local stability=internal
+ local owner=kernel/policy/provider_registry.sh
+ local api_index=0
+ stoleus_api_validate_identifier provider-policy-registry subsystem
+ local value=provider-policy-registry
+ local label=subsystem
+ [[ -z provider-policy-registry ]]
+ [[ ! provider-policy-registry =~ ^[a-z][a-z0-9-]*$ ]]
+ return 0
+ [[ -z stoleus_provider_policy_registry_list ]]
+ [[ ! stoleus_provider_policy_registry_list =~ ^stoleus_[a-zA-Z0-9_]+$ ]]
+ case "$visibility" in
+ case "$stability" in
+ [[ -z kernel/policy/provider_registry.sh ]]
+ stoleus_api_exists stoleus_provider_policy_registry_list
+ local function_name=stoleus_provider_policy_registry_list
+ [[ -z stoleus_provider_policy_registry_list ]]
+ [[ -n '' ]]
+ api_index=154
+ STOLEUS_API_FUNCTIONS+=("$function_name")
+ STOLEUS_API_SUBSYSTEMS+=("$subsystem")
+ STOLEUS_API_VISIBILITIES+=("$visibility")
+ STOLEUS_API_STABILITIES+=("$stability")
+ STOLEUS_API_OWNERS+=("$owner")
+ STOLEUS_API_INDEX_BY_FUNCTION["$function_name"]=154
+ return 0
+ stoleus_api_register provider-selection stoleus_provider_selection_initialize internal internal kernel/policy/provider_selection.sh
+ local subsystem=provider-selection
+ local function_name=stoleus_provider_selection_initialize
+ local visibility=internal
+ local stability=internal
+ local owner=kernel/policy/provider_selection.sh
+ local api_index=0
+ stoleus_api_validate_identifier provider-selection subsystem
+ local value=provider-selection
+ local label=subsystem
+ [[ -z provider-selection ]]
+ [[ ! provider-selection =~ ^[a-z][a-z0-9-]*$ ]]
+ return 0
+ [[ -z stoleus_provider_selection_initialize ]]
+ [[ ! stoleus_provider_selection_initialize =~ ^stoleus_[a-zA-Z0-9_]+$ ]]
+ case "$visibility" in
+ case "$stability" in
+ [[ -z kernel/policy/provider_selection.sh ]]
+ stoleus_api_exists stoleus_provider_selection_initialize
+ local function_name=stoleus_provider_selection_initialize
+ [[ -z stoleus_provider_selection_initialize ]]
+ [[ -n '' ]]
+ api_index=155
+ STOLEUS_API_FUNCTIONS+=("$function_name")
+ STOLEUS_API_SUBSYSTEMS+=("$subsystem")
+ STOLEUS_API_VISIBILITIES+=("$visibility")
+ STOLEUS_API_STABILITIES+=("$stability")
+ STOLEUS_API_OWNERS+=("$owner")
+ STOLEUS_API_INDEX_BY_FUNCTION["$function_name"]=155
+ return 0
+ stoleus_api_register provider-selection stoleus_provider_selection_get_policy_key internal internal kernel/policy/provider_selection.sh
+ local subsystem=provider-selection
+ local function_name=stoleus_provider_selection_get_policy_key
+ local visibility=internal
+ local stability=internal
+ local owner=kernel/policy/provider_selection.sh
+ local api_index=0
+ stoleus_api_validate_identifier provider-selection subsystem
+ local value=provider-selection
+ local label=subsystem
+ [[ -z provider-selection ]]
+ [[ ! provider-selection =~ ^[a-z][a-z0-9-]*$ ]]
+ return 0
+ [[ -z stoleus_provider_selection_get_policy_key ]]
+ [[ ! stoleus_provider_selection_get_policy_key =~ ^stoleus_[a-zA-Z0-9_]+$ ]]
+ case "$visibility" in
+ case "$stability" in
+ [[ -z kernel/policy/provider_selection.sh ]]
+ stoleus_api_exists stoleus_provider_selection_get_policy_key
+ local function_name=stoleus_provider_selection_get_policy_key
+ [[ -z stoleus_provider_selection_get_policy_key ]]
+ [[ -n '' ]]
+ api_index=156
+ STOLEUS_API_FUNCTIONS+=("$function_name")
+ STOLEUS_API_SUBSYSTEMS+=("$subsystem")
+ STOLEUS_API_VISIBILITIES+=("$visibility")
+ STOLEUS_API_STABILITIES+=("$stability")
+ STOLEUS_API_OWNERS+=("$owner")
+ STOLEUS_API_INDEX_BY_FUNCTION["$function_name"]=156
+ return 0
+ stoleus_api_register provider-selection stoleus_provider_selection_get_priority internal internal kernel/policy/provider_selection.sh
+ local subsystem=provider-selection
+ local function_name=stoleus_provider_selection_get_priority
+ local visibility=internal
+ local stability=internal
+ local owner=kernel/policy/provider_selection.sh
+ local api_index=0
+ stoleus_api_validate_identifier provider-selection subsystem
+ local value=provider-selection
+ local label=subsystem
+ [[ -z provider-selection ]]
+ [[ ! provider-selection =~ ^[a-z][a-z0-9-]*$ ]]
+ return 0
+ [[ -z stoleus_provider_selection_get_priority ]]
+ [[ ! stoleus_provider_selection_get_priority =~ ^stoleus_[a-zA-Z0-9_]+$ ]]
+ case "$visibility" in
+ case "$stability" in
+ [[ -z kernel/policy/provider_selection.sh ]]
+ stoleus_api_exists stoleus_provider_selection_get_priority
+ local function_name=stoleus_provider_selection_get_priority
+ [[ -z stoleus_provider_selection_get_priority ]]
+ [[ -n '' ]]
+ api_index=157
+ STOLEUS_API_FUNCTIONS+=("$function_name")
+ STOLEUS_API_SUBSYSTEMS+=("$subsystem")
+ STOLEUS_API_VISIBILITIES+=("$visibility")
+ STOLEUS_API_STABILITIES+=("$stability")
+ STOLEUS_API_OWNERS+=("$owner")
+ STOLEUS_API_INDEX_BY_FUNCTION["$function_name"]=157
+ return 0
+ stoleus_api_register provider-selection stoleus_provider_selection_is_enabled internal internal kernel/policy/provider_selection.sh
+ local subsystem=provider-selection
+ local function_name=stoleus_provider_selection_is_enabled
+ local visibility=internal
+ local stability=internal
+ local owner=kernel/policy/provider_selection.sh
+ local api_index=0
+ stoleus_api_validate_identifier provider-selection subsystem
+ local value=provider-selection
+ local label=subsystem
+ [[ -z provider-selection ]]
+ [[ ! provider-selection =~ ^[a-z][a-z0-9-]*$ ]]
+ return 0
+ [[ -z stoleus_provider_selection_is_enabled ]]
+ [[ ! stoleus_provider_selection_is_enabled =~ ^stoleus_[a-zA-Z0-9_]+$ ]]
+ case "$visibility" in
+ case "$stability" in
+ [[ -z kernel/policy/provider_selection.sh ]]
+ stoleus_api_exists stoleus_provider_selection_is_enabled
+ local function_name=stoleus_provider_selection_is_enabled
+ [[ -z stoleus_provider_selection_is_enabled ]]
+ [[ -n '' ]]
+ api_index=158
+ STOLEUS_API_FUNCTIONS+=("$function_name")
+ STOLEUS_API_SUBSYSTEMS+=("$subsystem")
+ STOLEUS_API_VISIBILITIES+=("$visibility")
+ STOLEUS_API_STABILITIES+=("$stability")
+ STOLEUS_API_OWNERS+=("$owner")
+ STOLEUS_API_INDEX_BY_FUNCTION["$function_name"]=158
+ return 0
+ stoleus_api_register provider-selection stoleus_provider_selection_select internal internal kernel/policy/provider_selection.sh
+ local subsystem=provider-selection
+ local function_name=stoleus_provider_selection_select
+ local visibility=internal
+ local stability=internal
+ local owner=kernel/policy/provider_selection.sh
+ local api_index=0
+ stoleus_api_validate_identifier provider-selection subsystem
+ local value=provider-selection
+ local label=subsystem
+ [[ -z provider-selection ]]
+ [[ ! provider-selection =~ ^[a-z][a-z0-9-]*$ ]]
+ return 0
+ [[ -z stoleus_provider_selection_select ]]
+ [[ ! stoleus_provider_selection_select =~ ^stoleus_[a-zA-Z0-9_]+$ ]]
+ case "$visibility" in
+ case "$stability" in
+ [[ -z kernel/policy/provider_selection.sh ]]
+ stoleus_api_exists stoleus_provider_selection_select
+ local function_name=stoleus_provider_selection_select
+ [[ -z stoleus_provider_selection_select ]]
+ [[ -n '' ]]
+ api_index=159
+ STOLEUS_API_FUNCTIONS+=("$function_name")
+ STOLEUS_API_SUBSYSTEMS+=("$subsystem")
+ STOLEUS_API_VISIBILITIES+=("$visibility")
+ STOLEUS_API_STABILITIES+=("$stability")
+ STOLEUS_API_OWNERS+=("$owner")
+ STOLEUS_API_INDEX_BY_FUNCTION["$function_name"]=159
+ return 0
+ stoleus_api_register provider-selection stoleus_provider_selection_matches_conditions internal internal kernel/policy/provider_selection.sh
+ local subsystem=provider-selection
+ local function_name=stoleus_provider_selection_matches_conditions
+ local visibility=internal
+ local stability=internal
+ local owner=kernel/policy/provider_selection.sh
+ local api_index=0
+ stoleus_api_validate_identifier provider-selection subsystem
+ local value=provider-selection
+ local label=subsystem
+ [[ -z provider-selection ]]
+ [[ ! provider-selection =~ ^[a-z][a-z0-9-]*$ ]]
+ return 0
+ [[ -z stoleus_provider_selection_matches_conditions ]]
+ [[ ! stoleus_provider_selection_matches_conditions =~ ^stoleus_[a-zA-Z0-9_]+$ ]]
+ case "$visibility" in
+ case "$stability" in
+ [[ -z kernel/policy/provider_selection.sh ]]
+ stoleus_api_exists stoleus_provider_selection_matches_conditions
+ local function_name=stoleus_provider_selection_matches_conditions
+ [[ -z stoleus_provider_selection_matches_conditions ]]
+ [[ -n '' ]]
+ api_index=160
+ STOLEUS_API_FUNCTIONS+=("$function_name")
+ STOLEUS_API_SUBSYSTEMS+=("$subsystem")
+ STOLEUS_API_VISIBILITIES+=("$visibility")
+ STOLEUS_API_STABILITIES+=("$stability")
+ STOLEUS_API_OWNERS+=("$owner")
+ STOLEUS_API_INDEX_BY_FUNCTION["$function_name"]=160
+ return 0
+ stoleus_api_register capability-policy stoleus_capability_policy_initialize internal internal kernel/capability/policy.sh
+ local subsystem=capability-policy
+ local function_name=stoleus_capability_policy_initialize
+ local visibility=internal
+ local stability=internal
+ local owner=kernel/capability/policy.sh
+ local api_index=0
+ stoleus_api_validate_identifier capability-policy subsystem
+ local value=capability-policy
+ local label=subsystem
+ [[ -z capability-policy ]]
+ [[ ! capability-policy =~ ^[a-z][a-z0-9-]*$ ]]
+ return 0
+ [[ -z stoleus_capability_policy_initialize ]]
+ [[ ! stoleus_capability_policy_initialize =~ ^stoleus_[a-zA-Z0-9_]+$ ]]
+ case "$visibility" in
+ case "$stability" in
+ [[ -z kernel/capability/policy.sh ]]
+ stoleus_api_exists stoleus_capability_policy_initialize
+ local function_name=stoleus_capability_policy_initialize
+ [[ -z stoleus_capability_policy_initialize ]]
+ [[ -n '' ]]
+ api_index=161
+ STOLEUS_API_FUNCTIONS+=("$function_name")
+ STOLEUS_API_SUBSYSTEMS+=("$subsystem")
+ STOLEUS_API_VISIBILITIES+=("$visibility")
+ STOLEUS_API_STABILITIES+=("$stability")
+ STOLEUS_API_OWNERS+=("$owner")
+ STOLEUS_API_INDEX_BY_FUNCTION["$function_name"]=161
+ return 0
+ stoleus_api_register capability-policy stoleus_capability_policy_reset internal internal kernel/capability/policy.sh
+ local subsystem=capability-policy
+ local function_name=stoleus_capability_policy_reset
+ local visibility=internal
+ local stability=internal
+ local owner=kernel/capability/policy.sh
+ local api_index=0
+ stoleus_api_validate_identifier capability-policy subsystem
+ local value=capability-policy
+ local label=subsystem
+ [[ -z capability-policy ]]
+ [[ ! capability-policy =~ ^[a-z][a-z0-9-]*$ ]]
+ return 0
+ [[ -z stoleus_capability_policy_reset ]]
+ [[ ! stoleus_capability_policy_reset =~ ^stoleus_[a-zA-Z0-9_]+$ ]]
+ case "$visibility" in
+ case "$stability" in
+ [[ -z kernel/capability/policy.sh ]]
+ stoleus_api_exists stoleus_capability_policy_reset
+ local function_name=stoleus_capability_policy_reset
+ [[ -z stoleus_capability_policy_reset ]]
+ [[ -n '' ]]
+ api_index=162
+ STOLEUS_API_FUNCTIONS+=("$function_name")
+ STOLEUS_API_SUBSYSTEMS+=("$subsystem")
+ STOLEUS_API_VISIBILITIES+=("$visibility")
+ STOLEUS_API_STABILITIES+=("$stability")
+ STOLEUS_API_OWNERS+=("$owner")
+ STOLEUS_API_INDEX_BY_FUNCTION["$function_name"]=162
+ return 0
+ stoleus_api_register capability-policy stoleus_capability_policy_select internal internal kernel/capability/policy.sh
+ local subsystem=capability-policy
+ local function_name=stoleus_capability_policy_select
+ local visibility=internal
+ local stability=internal
+ local owner=kernel/capability/policy.sh
+ local api_index=0
+ stoleus_api_validate_identifier capability-policy subsystem
+ local value=capability-policy
+ local label=subsystem
+ [[ -z capability-policy ]]
+ [[ ! capability-policy =~ ^[a-z][a-z0-9-]*$ ]]
+ return 0
+ [[ -z stoleus_capability_policy_select ]]
+ [[ ! stoleus_capability_policy_select =~ ^stoleus_[a-zA-Z0-9_]+$ ]]
+ case "$visibility" in
+ case "$stability" in
+ [[ -z kernel/capability/policy.sh ]]
+ stoleus_api_exists stoleus_capability_policy_select
+ local function_name=stoleus_capability_policy_select
+ [[ -z stoleus_capability_policy_select ]]
+ [[ -n '' ]]
+ api_index=163
+ STOLEUS_API_FUNCTIONS+=("$function_name")
+ STOLEUS_API_SUBSYSTEMS+=("$subsystem")
+ STOLEUS_API_VISIBILITIES+=("$visibility")
+ STOLEUS_API_STABILITIES+=("$stability")
+ STOLEUS_API_OWNERS+=("$owner")
+ STOLEUS_API_INDEX_BY_FUNCTION["$function_name"]=163
+ return 0
+ stoleus_api_register resolver stoleus_resolver_initialize internal internal kernel/resolver/resolver.sh
+ local subsystem=resolver
+ local function_name=stoleus_resolver_initialize
+ local visibility=internal
+ local stability=internal
+ local owner=kernel/resolver/resolver.sh
+ local api_index=0
+ stoleus_api_validate_identifier resolver subsystem
+ local value=resolver
+ local label=subsystem
+ [[ -z resolver ]]
+ [[ ! resolver =~ ^[a-z][a-z0-9-]*$ ]]
+ return 0
+ [[ -z stoleus_resolver_initialize ]]
+ [[ ! stoleus_resolver_initialize =~ ^stoleus_[a-zA-Z0-9_]+$ ]]
+ case "$visibility" in
+ case "$stability" in
+ [[ -z kernel/resolver/resolver.sh ]]
+ stoleus_api_exists stoleus_resolver_initialize
+ local function_name=stoleus_resolver_initialize
+ [[ -z stoleus_resolver_initialize ]]
+ [[ -n '' ]]
+ api_index=164
+ STOLEUS_API_FUNCTIONS+=("$function_name")
+ STOLEUS_API_SUBSYSTEMS+=("$subsystem")
+ STOLEUS_API_VISIBILITIES+=("$visibility")
+ STOLEUS_API_STABILITIES+=("$stability")
+ STOLEUS_API_OWNERS+=("$owner")
+ STOLEUS_API_INDEX_BY_FUNCTION["$function_name"]=164
+ return 0
+ stoleus_api_register resolver stoleus_resolver_resolve public stable kernel/resolver/resolver.sh
+ local subsystem=resolver
+ local function_name=stoleus_resolver_resolve
+ local visibility=public
+ local stability=stable
+ local owner=kernel/resolver/resolver.sh
+ local api_index=0
+ stoleus_api_validate_identifier resolver subsystem
+ local value=resolver
+ local label=subsystem
+ [[ -z resolver ]]
+ [[ ! resolver =~ ^[a-z][a-z0-9-]*$ ]]
+ return 0
+ [[ -z stoleus_resolver_resolve ]]
+ [[ ! stoleus_resolver_resolve =~ ^stoleus_[a-zA-Z0-9_]+$ ]]
+ case "$visibility" in
+ case "$stability" in
+ [[ -z kernel/resolver/resolver.sh ]]
+ stoleus_api_exists stoleus_resolver_resolve
+ local function_name=stoleus_resolver_resolve
+ [[ -z stoleus_resolver_resolve ]]
+ [[ -n '' ]]
+ api_index=165
+ STOLEUS_API_FUNCTIONS+=("$function_name")
+ STOLEUS_API_SUBSYSTEMS+=("$subsystem")
+ STOLEUS_API_VISIBILITIES+=("$visibility")
+ STOLEUS_API_STABILITIES+=("$stability")
+ STOLEUS_API_OWNERS+=("$owner")
+ STOLEUS_API_INDEX_BY_FUNCTION["$function_name"]=165
+ return 0
+ stoleus_api_register resolver stoleus_resolver_resolve_index public stable kernel/resolver/resolver.sh
+ local subsystem=resolver
+ local function_name=stoleus_resolver_resolve_index
+ local visibility=public
+ local stability=stable
+ local owner=kernel/resolver/resolver.sh
+ local api_index=0
+ stoleus_api_validate_identifier resolver subsystem
+ local value=resolver
+ local label=subsystem
+ [[ -z resolver ]]
+ [[ ! resolver =~ ^[a-z][a-z0-9-]*$ ]]
+ return 0
+ [[ -z stoleus_resolver_resolve_index ]]
+ [[ ! stoleus_resolver_resolve_index =~ ^stoleus_[a-zA-Z0-9_]+$ ]]
+ case "$visibility" in
+ case "$stability" in
+ [[ -z kernel/resolver/resolver.sh ]]
+ stoleus_api_exists stoleus_resolver_resolve_index
+ local function_name=stoleus_resolver_resolve_index
+ [[ -z stoleus_resolver_resolve_index ]]
+ [[ -n '' ]]
+ api_index=166
+ STOLEUS_API_FUNCTIONS+=("$function_name")
+ STOLEUS_API_SUBSYSTEMS+=("$subsystem")
+ STOLEUS_API_VISIBILITIES+=("$visibility")
+ STOLEUS_API_STABILITIES+=("$stability")
+ STOLEUS_API_OWNERS+=("$owner")
+ STOLEUS_API_INDEX_BY_FUNCTION["$function_name"]=166
+ return 0
+ stoleus_api_register resolver stoleus_resolver_resolve_dependencies public stable kernel/resolver/resolver.sh
+ local subsystem=resolver
+ local function_name=stoleus_resolver_resolve_dependencies
+ local visibility=public
+ local stability=stable
+ local owner=kernel/resolver/resolver.sh
+ local api_index=0
+ stoleus_api_validate_identifier resolver subsystem
+ local value=resolver
+ local label=subsystem
+ [[ -z resolver ]]
+ [[ ! resolver =~ ^[a-z][a-z0-9-]*$ ]]
+ return 0
+ [[ -z stoleus_resolver_resolve_dependencies ]]
+ [[ ! stoleus_resolver_resolve_dependencies =~ ^stoleus_[a-zA-Z0-9_]+$ ]]
+ case "$visibility" in
+ case "$stability" in
+ [[ -z kernel/resolver/resolver.sh ]]
+ stoleus_api_exists stoleus_resolver_resolve_dependencies
+ local function_name=stoleus_resolver_resolve_dependencies
+ [[ -z stoleus_resolver_resolve_dependencies ]]
+ [[ -n '' ]]
+ api_index=167
+ STOLEUS_API_FUNCTIONS+=("$function_name")
+ STOLEUS_API_SUBSYSTEMS+=("$subsystem")
+ STOLEUS_API_VISIBILITIES+=("$visibility")
+ STOLEUS_API_STABILITIES+=("$stability")
+ STOLEUS_API_OWNERS+=("$owner")
+ STOLEUS_API_INDEX_BY_FUNCTION["$function_name"]=167
+ return 0
+ stoleus_api_register resolver stoleus_resolver_validate_plugin public stable kernel/resolver/resolver.sh
+ local subsystem=resolver
+ local function_name=stoleus_resolver_validate_plugin
+ local visibility=public
+ local stability=stable
+ local owner=kernel/resolver/resolver.sh
+ local api_index=0
+ stoleus_api_validate_identifier resolver subsystem
+ local value=resolver
+ local label=subsystem
+ [[ -z resolver ]]
+ [[ ! resolver =~ ^[a-z][a-z0-9-]*$ ]]
+ return 0
+ [[ -z stoleus_resolver_validate_plugin ]]
+ [[ ! stoleus_resolver_validate_plugin =~ ^stoleus_[a-zA-Z0-9_]+$ ]]
+ case "$visibility" in
+ case "$stability" in
+ [[ -z kernel/resolver/resolver.sh ]]
+ stoleus_api_exists stoleus_resolver_validate_plugin
+ local function_name=stoleus_resolver_validate_plugin
+ [[ -z stoleus_resolver_validate_plugin ]]
+ [[ -n '' ]]
+ api_index=168
+ STOLEUS_API_FUNCTIONS+=("$function_name")
+ STOLEUS_API_SUBSYSTEMS+=("$subsystem")
+ STOLEUS_API_VISIBILITIES+=("$visibility")
+ STOLEUS_API_STABILITIES+=("$stability")
+ STOLEUS_API_OWNERS+=("$owner")
+ STOLEUS_API_INDEX_BY_FUNCTION["$function_name"]=168
+ return 0
+ stoleus_api_register resolver stoleus_resolver_validate_registry internal internal kernel/resolver/resolver.sh
+ local subsystem=resolver
+ local function_name=stoleus_resolver_validate_registry
+ local visibility=internal
+ local stability=internal
+ local owner=kernel/resolver/resolver.sh
+ local api_index=0
+ stoleus_api_validate_identifier resolver subsystem
+ local value=resolver
+ local label=subsystem
+ [[ -z resolver ]]
+ [[ ! resolver =~ ^[a-z][a-z0-9-]*$ ]]
+ return 0
+ [[ -z stoleus_resolver_validate_registry ]]
+ [[ ! stoleus_resolver_validate_registry =~ ^stoleus_[a-zA-Z0-9_]+$ ]]
+ case "$visibility" in
+ case "$stability" in
+ [[ -z kernel/resolver/resolver.sh ]]
+ stoleus_api_exists stoleus_resolver_validate_registry
+ local function_name=stoleus_resolver_validate_registry
+ [[ -z stoleus_resolver_validate_registry ]]
+ [[ -n '' ]]
+ api_index=169
+ STOLEUS_API_FUNCTIONS+=("$function_name")
+ STOLEUS_API_SUBSYSTEMS+=("$subsystem")
+ STOLEUS_API_VISIBILITIES+=("$visibility")
+ STOLEUS_API_STABILITIES+=("$stability")
+ STOLEUS_API_OWNERS+=("$owner")
+ STOLEUS_API_INDEX_BY_FUNCTION["$function_name"]=169
+ return 0
+ stoleus_api_register resolver stoleus_resolver_get_resolved public stable kernel/resolver/resolver.sh
+ local subsystem=resolver
+ local function_name=stoleus_resolver_get_resolved
+ local visibility=public
+ local stability=stable
+ local owner=kernel/resolver/resolver.sh
+ local api_index=0
+ stoleus_api_validate_identifier resolver subsystem
+ local value=resolver
+ local label=subsystem
+ [[ -z resolver ]]
+ [[ ! resolver =~ ^[a-z][a-z0-9-]*$ ]]
+ return 0
+ [[ -z stoleus_resolver_get_resolved ]]
+ [[ ! stoleus_resolver_get_resolved =~ ^stoleus_[a-zA-Z0-9_]+$ ]]
+ case "$visibility" in
+ case "$stability" in
+ [[ -z kernel/resolver/resolver.sh ]]
+ stoleus_api_exists stoleus_resolver_get_resolved
+ local function_name=stoleus_resolver_get_resolved
+ [[ -z stoleus_resolver_get_resolved ]]
+ [[ -n '' ]]
+ api_index=170
+ STOLEUS_API_FUNCTIONS+=("$function_name")
+ STOLEUS_API_SUBSYSTEMS+=("$subsystem")
+ STOLEUS_API_VISIBILITIES+=("$visibility")
+ STOLEUS_API_STABILITIES+=("$stability")
+ STOLEUS_API_OWNERS+=("$owner")
+ STOLEUS_API_INDEX_BY_FUNCTION["$function_name"]=170
+ return 0
+ stoleus_api_register resolver stoleus_resolver_reset public stable kernel/resolver/resolver.sh
+ local subsystem=resolver
+ local function_name=stoleus_resolver_reset
+ local visibility=public
+ local stability=stable
+ local owner=kernel/resolver/resolver.sh
+ local api_index=0
+ stoleus_api_validate_identifier resolver subsystem
+ local value=resolver
+ local label=subsystem
+ [[ -z resolver ]]
+ [[ ! resolver =~ ^[a-z][a-z0-9-]*$ ]]
+ return 0
+ [[ -z stoleus_resolver_reset ]]
+ [[ ! stoleus_resolver_reset =~ ^stoleus_[a-zA-Z0-9_]+$ ]]
+ case "$visibility" in
+ case "$stability" in
+ [[ -z kernel/resolver/resolver.sh ]]
+ stoleus_api_exists stoleus_resolver_reset
+ local function_name=stoleus_resolver_reset
+ [[ -z stoleus_resolver_reset ]]
+ [[ -n '' ]]
+ api_index=171
+ STOLEUS_API_FUNCTIONS+=("$function_name")
+ STOLEUS_API_SUBSYSTEMS+=("$subsystem")
+ STOLEUS_API_VISIBILITIES+=("$visibility")
+ STOLEUS_API_STABILITIES+=("$stability")
+ STOLEUS_API_OWNERS+=("$owner")
+ STOLEUS_API_INDEX_BY_FUNCTION["$function_name"]=171
+ return 0
+ stoleus_api_register resolver stoleus_resolver_parse_reference_list internal internal kernel/resolver/resolver.sh
+ local subsystem=resolver
+ local function_name=stoleus_resolver_parse_reference_list
+ local visibility=internal
+ local stability=internal
+ local owner=kernel/resolver/resolver.sh
+ local api_index=0
+ stoleus_api_validate_identifier resolver subsystem
+ local value=resolver
+ local label=subsystem
+ [[ -z resolver ]]
+ [[ ! resolver =~ ^[a-z][a-z0-9-]*$ ]]
+ return 0
+ [[ -z stoleus_resolver_parse_reference_list ]]
+ [[ ! stoleus_resolver_parse_reference_list =~ ^stoleus_[a-zA-Z0-9_]+$ ]]
+ case "$visibility" in
+ case "$stability" in
+ [[ -z kernel/resolver/resolver.sh ]]
+ stoleus_api_exists stoleus_resolver_parse_reference_list
+ local function_name=stoleus_resolver_parse_reference_list
+ [[ -z stoleus_resolver_parse_reference_list ]]
+ [[ -n '' ]]
+ api_index=172
+ STOLEUS_API_FUNCTIONS+=("$function_name")
+ STOLEUS_API_SUBSYSTEMS+=("$subsystem")
+ STOLEUS_API_VISIBILITIES+=("$visibility")
+ STOLEUS_API_STABILITIES+=("$stability")
+ STOLEUS_API_OWNERS+=("$owner")
+ STOLEUS_API_INDEX_BY_FUNCTION["$function_name"]=172
+ return 0
+ stoleus_api_register resolver stoleus_resolver_require_registry internal internal kernel/resolver/resolver.sh
+ local subsystem=resolver
+ local function_name=stoleus_resolver_require_registry
+ local visibility=internal
+ local stability=internal
+ local owner=kernel/resolver/resolver.sh
+ local api_index=0
+ stoleus_api_validate_identifier resolver subsystem
+ local value=resolver
+ local label=subsystem
+ [[ -z resolver ]]
+ [[ ! resolver =~ ^[a-z][a-z0-9-]*$ ]]
+ return 0
+ [[ -z stoleus_resolver_require_registry ]]
+ [[ ! stoleus_resolver_require_registry =~ ^stoleus_[a-zA-Z0-9_]+$ ]]
+ case "$visibility" in
+ case "$stability" in
+ [[ -z kernel/resolver/resolver.sh ]]
+ stoleus_api_exists stoleus_resolver_require_registry
+ local function_name=stoleus_resolver_require_registry
+ [[ -z stoleus_resolver_require_registry ]]
+ [[ -n '' ]]
+ api_index=173
+ STOLEUS_API_FUNCTIONS+=("$function_name")
+ STOLEUS_API_SUBSYSTEMS+=("$subsystem")
+ STOLEUS_API_VISIBILITIES+=("$visibility")
+ STOLEUS_API_STABILITIES+=("$stability")
+ STOLEUS_API_OWNERS+=("$owner")
+ STOLEUS_API_INDEX_BY_FUNCTION["$function_name"]=173
+ return 0
+ stoleus_api_register plugin stoleus_plugin_initialize internal internal kernel/plugin/plugin.sh
+ local subsystem=plugin
+ local function_name=stoleus_plugin_initialize
+ local visibility=internal
+ local stability=internal
+ local owner=kernel/plugin/plugin.sh
+ local api_index=0
+ stoleus_api_validate_identifier plugin subsystem
+ local value=plugin
+ local label=subsystem
+ [[ -z plugin ]]
+ [[ ! plugin =~ ^[a-z][a-z0-9-]*$ ]]
+ return 0
+ [[ -z stoleus_plugin_initialize ]]
+ [[ ! stoleus_plugin_initialize =~ ^stoleus_[a-zA-Z0-9_]+$ ]]
+ case "$visibility" in
+ case "$stability" in
+ [[ -z kernel/plugin/plugin.sh ]]
+ stoleus_api_exists stoleus_plugin_initialize
+ local function_name=stoleus_plugin_initialize
+ [[ -z stoleus_plugin_initialize ]]
+ [[ -n '' ]]
+ api_index=174
+ STOLEUS_API_FUNCTIONS+=("$function_name")
+ STOLEUS_API_SUBSYSTEMS+=("$subsystem")
+ STOLEUS_API_VISIBILITIES+=("$visibility")
+ STOLEUS_API_STABILITIES+=("$stability")
+ STOLEUS_API_OWNERS+=("$owner")
+ STOLEUS_API_INDEX_BY_FUNCTION["$function_name"]=174
+ return 0
+ stoleus_api_register plugin stoleus_plugin_activate internal internal kernel/plugin/plugin.sh
+ local subsystem=plugin
+ local function_name=stoleus_plugin_activate
+ local visibility=internal
+ local stability=internal
+ local owner=kernel/plugin/plugin.sh
+ local api_index=0
+ stoleus_api_validate_identifier plugin subsystem
+ local value=plugin
+ local label=subsystem
+ [[ -z plugin ]]
+ [[ ! plugin =~ ^[a-z][a-z0-9-]*$ ]]
+ return 0
+ [[ -z stoleus_plugin_activate ]]
+ [[ ! stoleus_plugin_activate =~ ^stoleus_[a-zA-Z0-9_]+$ ]]
+ case "$visibility" in
+ case "$stability" in
+ [[ -z kernel/plugin/plugin.sh ]]
+ stoleus_api_exists stoleus_plugin_activate
+ local function_name=stoleus_plugin_activate
+ [[ -z stoleus_plugin_activate ]]
+ [[ -n '' ]]
+ api_index=175
+ STOLEUS_API_FUNCTIONS+=("$function_name")
+ STOLEUS_API_SUBSYSTEMS+=("$subsystem")
+ STOLEUS_API_VISIBILITIES+=("$visibility")
+ STOLEUS_API_STABILITIES+=("$stability")
+ STOLEUS_API_OWNERS+=("$owner")
+ STOLEUS_API_INDEX_BY_FUNCTION["$function_name"]=175
+ return 0
+ stoleus_api_register plugin stoleus_plugin_is_active public stable kernel/plugin/plugin.sh
+ local subsystem=plugin
+ local function_name=stoleus_plugin_is_active
+ local visibility=public
+ local stability=stable
+ local owner=kernel/plugin/plugin.sh
+ local api_index=0
+ stoleus_api_validate_identifier plugin subsystem
+ local value=plugin
+ local label=subsystem
+ [[ -z plugin ]]
+ [[ ! plugin =~ ^[a-z][a-z0-9-]*$ ]]
+ return 0
+ [[ -z stoleus_plugin_is_active ]]
+ [[ ! stoleus_plugin_is_active =~ ^stoleus_[a-zA-Z0-9_]+$ ]]
+ case "$visibility" in
+ case "$stability" in
+ [[ -z kernel/plugin/plugin.sh ]]
+ stoleus_api_exists stoleus_plugin_is_active
+ local function_name=stoleus_plugin_is_active
+ [[ -z stoleus_plugin_is_active ]]
+ [[ -n '' ]]
+ api_index=176
+ STOLEUS_API_FUNCTIONS+=("$function_name")
+ STOLEUS_API_SUBSYSTEMS+=("$subsystem")
+ STOLEUS_API_VISIBILITIES+=("$visibility")
+ STOLEUS_API_STABILITIES+=("$stability")
+ STOLEUS_API_OWNERS+=("$owner")
+ STOLEUS_API_INDEX_BY_FUNCTION["$function_name"]=176
+ return 0
+ stoleus_api_register plugin stoleus_plugin_exists public stable kernel/plugin/plugin.sh
+ local subsystem=plugin
+ local function_name=stoleus_plugin_exists
+ local visibility=public
+ local stability=stable
+ local owner=kernel/plugin/plugin.sh
+ local api_index=0
+ stoleus_api_validate_identifier plugin subsystem
+ local value=plugin
+ local label=subsystem
+ [[ -z plugin ]]
+ [[ ! plugin =~ ^[a-z][a-z0-9-]*$ ]]
+ return 0
+ [[ -z stoleus_plugin_exists ]]
+ [[ ! stoleus_plugin_exists =~ ^stoleus_[a-zA-Z0-9_]+$ ]]
+ case "$visibility" in
+ case "$stability" in
+ [[ -z kernel/plugin/plugin.sh ]]
+ stoleus_api_exists stoleus_plugin_exists
+ local function_name=stoleus_plugin_exists
+ [[ -z stoleus_plugin_exists ]]
+ [[ -n '' ]]
+ api_index=177
+ STOLEUS_API_FUNCTIONS+=("$function_name")
+ STOLEUS_API_SUBSYSTEMS+=("$subsystem")
+ STOLEUS_API_VISIBILITIES+=("$visibility")
+ STOLEUS_API_STABILITIES+=("$stability")
+ STOLEUS_API_OWNERS+=("$owner")
+ STOLEUS_API_INDEX_BY_FUNCTION["$function_name"]=177
+ return 0
+ stoleus_api_register plugin stoleus_plugin_get public stable kernel/plugin/plugin.sh
+ local subsystem=plugin
+ local function_name=stoleus_plugin_get
+ local visibility=public
+ local stability=stable
+ local owner=kernel/plugin/plugin.sh
+ local api_index=0
+ stoleus_api_validate_identifier plugin subsystem
+ local value=plugin
+ local label=subsystem
+ [[ -z plugin ]]
+ [[ ! plugin =~ ^[a-z][a-z0-9-]*$ ]]
+ return 0
+ [[ -z stoleus_plugin_get ]]
+ [[ ! stoleus_plugin_get =~ ^stoleus_[a-zA-Z0-9_]+$ ]]
+ case "$visibility" in
+ case "$stability" in
+ [[ -z kernel/plugin/plugin.sh ]]
+ stoleus_api_exists stoleus_plugin_get
+ local function_name=stoleus_plugin_get
+ [[ -z stoleus_plugin_get ]]
+ [[ -n '' ]]
+ api_index=178
+ STOLEUS_API_FUNCTIONS+=("$function_name")
+ STOLEUS_API_SUBSYSTEMS+=("$subsystem")
+ STOLEUS_API_VISIBILITIES+=("$visibility")
+ STOLEUS_API_STABILITIES+=("$stability")
+ STOLEUS_API_OWNERS+=("$owner")
+ STOLEUS_API_INDEX_BY_FUNCTION["$function_name"]=178
+ return 0
+ stoleus_api_register plugin stoleus_plugin_get_field public stable kernel/plugin/plugin.sh
+ local subsystem=plugin
+ local function_name=stoleus_plugin_get_field
+ local visibility=public
+ local stability=stable
+ local owner=kernel/plugin/plugin.sh
+ local api_index=0
+ stoleus_api_validate_identifier plugin subsystem
+ local value=plugin
+ local label=subsystem
+ [[ -z plugin ]]
+ [[ ! plugin =~ ^[a-z][a-z0-9-]*$ ]]
+ return 0
+ [[ -z stoleus_plugin_get_field ]]
+ [[ ! stoleus_plugin_get_field =~ ^stoleus_[a-zA-Z0-9_]+$ ]]
+ case "$visibility" in
+ case "$stability" in
+ [[ -z kernel/plugin/plugin.sh ]]
+ stoleus_api_exists stoleus_plugin_get_field
+ local function_name=stoleus_plugin_get_field
+ [[ -z stoleus_plugin_get_field ]]
+ [[ -n '' ]]
+ api_index=179
+ STOLEUS_API_FUNCTIONS+=("$function_name")
+ STOLEUS_API_SUBSYSTEMS+=("$subsystem")
+ STOLEUS_API_VISIBILITIES+=("$visibility")
+ STOLEUS_API_STABILITIES+=("$stability")
+ STOLEUS_API_OWNERS+=("$owner")
+ STOLEUS_API_INDEX_BY_FUNCTION["$function_name"]=179
+ return 0
+ stoleus_api_register plugin stoleus_plugin_list public stable kernel/plugin/plugin.sh
+ local subsystem=plugin
+ local function_name=stoleus_plugin_list
+ local visibility=public
+ local stability=stable
+ local owner=kernel/plugin/plugin.sh
+ local api_index=0
+ stoleus_api_validate_identifier plugin subsystem
+ local value=plugin
+ local label=subsystem
+ [[ -z plugin ]]
+ [[ ! plugin =~ ^[a-z][a-z0-9-]*$ ]]
+ return 0
+ [[ -z stoleus_plugin_list ]]
+ [[ ! stoleus_plugin_list =~ ^stoleus_[a-zA-Z0-9_]+$ ]]
+ case "$visibility" in
+ case "$stability" in
+ [[ -z kernel/plugin/plugin.sh ]]
+ stoleus_api_exists stoleus_plugin_list
+ local function_name=stoleus_plugin_list
+ [[ -z stoleus_plugin_list ]]
+ [[ -n '' ]]
+ api_index=180
+ STOLEUS_API_FUNCTIONS+=("$function_name")
+ STOLEUS_API_SUBSYSTEMS+=("$subsystem")
+ STOLEUS_API_VISIBILITIES+=("$visibility")
+ STOLEUS_API_STABILITIES+=("$stability")
+ STOLEUS_API_OWNERS+=("$owner")
+ STOLEUS_API_INDEX_BY_FUNCTION["$function_name"]=180
+ return 0
+ stoleus_api_register plugin stoleus_plugin_list_operations public stable kernel/plugin/plugin.sh
+ local subsystem=plugin
+ local function_name=stoleus_plugin_list_operations
+ local visibility=public
+ local stability=stable
+ local owner=kernel/plugin/plugin.sh
+ local api_index=0
+ stoleus_api_validate_identifier plugin subsystem
+ local value=plugin
+ local label=subsystem
+ [[ -z plugin ]]
+ [[ ! plugin =~ ^[a-z][a-z0-9-]*$ ]]
+ return 0
+ [[ -z stoleus_plugin_list_operations ]]
+ [[ ! stoleus_plugin_list_operations =~ ^stoleus_[a-zA-Z0-9_]+$ ]]
+ case "$visibility" in
+ case "$stability" in
+ [[ -z kernel/plugin/plugin.sh ]]
+ stoleus_api_exists stoleus_plugin_list_operations
+ local function_name=stoleus_plugin_list_operations
+ [[ -z stoleus_plugin_list_operations ]]
+ [[ -n '' ]]
+ api_index=181
+ STOLEUS_API_FUNCTIONS+=("$function_name")
+ STOLEUS_API_SUBSYSTEMS+=("$subsystem")
+ STOLEUS_API_VISIBILITIES+=("$visibility")
+ STOLEUS_API_STABILITIES+=("$stability")
+ STOLEUS_API_OWNERS+=("$owner")
+ STOLEUS_API_INDEX_BY_FUNCTION["$function_name"]=181
+ return 0
+ stoleus_api_register plugin stoleus_plugin_supports_operation public stable kernel/plugin/plugin.sh
+ local subsystem=plugin
+ local function_name=stoleus_plugin_supports_operation
+ local visibility=public
+ local stability=stable
+ local owner=kernel/plugin/plugin.sh
+ local api_index=0
+ stoleus_api_validate_identifier plugin subsystem
+ local value=plugin
+ local label=subsystem
+ [[ -z plugin ]]
+ [[ ! plugin =~ ^[a-z][a-z0-9-]*$ ]]
+ return 0
+ [[ -z stoleus_plugin_supports_operation ]]
+ [[ ! stoleus_plugin_supports_operation =~ ^stoleus_[a-zA-Z0-9_]+$ ]]
+ case "$visibility" in
+ case "$stability" in
+ [[ -z kernel/plugin/plugin.sh ]]
+ stoleus_api_exists stoleus_plugin_supports_operation
+ local function_name=stoleus_plugin_supports_operation
+ [[ -z stoleus_plugin_supports_operation ]]
+ [[ -n '' ]]
+ api_index=182
+ STOLEUS_API_FUNCTIONS+=("$function_name")
+ STOLEUS_API_SUBSYSTEMS+=("$subsystem")
+ STOLEUS_API_VISIBILITIES+=("$visibility")
+ STOLEUS_API_STABILITIES+=("$stability")
+ STOLEUS_API_OWNERS+=("$owner")
+ STOLEUS_API_INDEX_BY_FUNCTION["$function_name"]=182
+ return 0
+ stoleus_api_register plugin stoleus_plugin_get_dependencies public stable kernel/plugin/plugin.sh
+ local subsystem=plugin
+ local function_name=stoleus_plugin_get_dependencies
+ local visibility=public
+ local stability=stable
+ local owner=kernel/plugin/plugin.sh
+ local api_index=0
+ stoleus_api_validate_identifier plugin subsystem
+ local value=plugin
+ local label=subsystem
+ [[ -z plugin ]]
+ [[ ! plugin =~ ^[a-z][a-z0-9-]*$ ]]
+ return 0
+ [[ -z stoleus_plugin_get_dependencies ]]
+ [[ ! stoleus_plugin_get_dependencies =~ ^stoleus_[a-zA-Z0-9_]+$ ]]
+ case "$visibility" in
+ case "$stability" in
+ [[ -z kernel/plugin/plugin.sh ]]
+ stoleus_api_exists stoleus_plugin_get_dependencies
+ local function_name=stoleus_plugin_get_dependencies
+ [[ -z stoleus_plugin_get_dependencies ]]
+ [[ -n '' ]]
+ api_index=183
+ STOLEUS_API_FUNCTIONS+=("$function_name")
+ STOLEUS_API_SUBSYSTEMS+=("$subsystem")
+ STOLEUS_API_VISIBILITIES+=("$visibility")
+ STOLEUS_API_STABILITIES+=("$stability")
+ STOLEUS_API_OWNERS+=("$owner")
+ STOLEUS_API_INDEX_BY_FUNCTION["$function_name"]=183
+ return 0
+ stoleus_api_register plugin stoleus_plugin_get_capabilities public stable kernel/plugin/plugin.sh
+ local subsystem=plugin
+ local function_name=stoleus_plugin_get_capabilities
+ local visibility=public
+ local stability=stable
+ local owner=kernel/plugin/plugin.sh
+ local api_index=0
+ stoleus_api_validate_identifier plugin subsystem
+ local value=plugin
+ local label=subsystem
+ [[ -z plugin ]]
+ [[ ! plugin =~ ^[a-z][a-z0-9-]*$ ]]
+ return 0
+ [[ -z stoleus_plugin_get_capabilities ]]
+ [[ ! stoleus_plugin_get_capabilities =~ ^stoleus_[a-zA-Z0-9_]+$ ]]
+ case "$visibility" in
+ case "$stability" in
+ [[ -z kernel/plugin/plugin.sh ]]
+ stoleus_api_exists stoleus_plugin_get_capabilities
+ local function_name=stoleus_plugin_get_capabilities
+ [[ -z stoleus_plugin_get_capabilities ]]
+ [[ -n '' ]]
+ api_index=184
+ STOLEUS_API_FUNCTIONS+=("$function_name")
+ STOLEUS_API_SUBSYSTEMS+=("$subsystem")
+ STOLEUS_API_VISIBILITIES+=("$visibility")
+ STOLEUS_API_STABILITIES+=("$stability")
+ STOLEUS_API_OWNERS+=("$owner")
+ STOLEUS_API_INDEX_BY_FUNCTION["$function_name"]=184
+ return 0
+ stoleus_api_register plugin stoleus_plugin_get_runtime_state public stable kernel/plugin/plugin.sh
+ local subsystem=plugin
+ local function_name=stoleus_plugin_get_runtime_state
+ local visibility=public
+ local stability=stable
+ local owner=kernel/plugin/plugin.sh
+ local api_index=0
+ stoleus_api_validate_identifier plugin subsystem
+ local value=plugin
+ local label=subsystem
+ [[ -z plugin ]]
+ [[ ! plugin =~ ^[a-z][a-z0-9-]*$ ]]
+ return 0
+ [[ -z stoleus_plugin_get_runtime_state ]]
+ [[ ! stoleus_plugin_get_runtime_state =~ ^stoleus_[a-zA-Z0-9_]+$ ]]
+ case "$visibility" in
+ case "$stability" in
+ [[ -z kernel/plugin/plugin.sh ]]
+ stoleus_api_exists stoleus_plugin_get_runtime_state
+ local function_name=stoleus_plugin_get_runtime_state
+ [[ -z stoleus_plugin_get_runtime_state ]]
+ [[ -n '' ]]
+ api_index=185
+ STOLEUS_API_FUNCTIONS+=("$function_name")
+ STOLEUS_API_SUBSYSTEMS+=("$subsystem")
+ STOLEUS_API_VISIBILITIES+=("$visibility")
+ STOLEUS_API_STABILITIES+=("$stability")
+ STOLEUS_API_OWNERS+=("$owner")
+ STOLEUS_API_INDEX_BY_FUNCTION["$function_name"]=185
+ return 0
+ stoleus_api_register planning stoleus_planning_initialize internal internal kernel/planning/planning.sh
+ local subsystem=planning
+ local function_name=stoleus_planning_initialize
+ local visibility=internal
+ local stability=internal
+ local owner=kernel/planning/planning.sh
+ local api_index=0
+ stoleus_api_validate_identifier planning subsystem
+ local value=planning
+ local label=subsystem
+ [[ -z planning ]]
+ [[ ! planning =~ ^[a-z][a-z0-9-]*$ ]]
+ return 0
+ [[ -z stoleus_planning_initialize ]]
+ [[ ! stoleus_planning_initialize =~ ^stoleus_[a-zA-Z0-9_]+$ ]]
+ case "$visibility" in
+ case "$stability" in
+ [[ -z kernel/planning/planning.sh ]]
+ stoleus_api_exists stoleus_planning_initialize
+ local function_name=stoleus_planning_initialize
+ [[ -z stoleus_planning_initialize ]]
+ [[ -n '' ]]
+ api_index=186
+ STOLEUS_API_FUNCTIONS+=("$function_name")
+ STOLEUS_API_SUBSYSTEMS+=("$subsystem")
+ STOLEUS_API_VISIBILITIES+=("$visibility")
+ STOLEUS_API_STABILITIES+=("$stability")
+ STOLEUS_API_OWNERS+=("$owner")
+ STOLEUS_API_INDEX_BY_FUNCTION["$function_name"]=186
+ return 0
+ stoleus_api_register planning stoleus_planning_create_request public stable kernel/planning/planning.sh
+ local subsystem=planning
+ local function_name=stoleus_planning_create_request
+ local visibility=public
+ local stability=stable
+ local owner=kernel/planning/planning.sh
+ local api_index=0
+ stoleus_api_validate_identifier planning subsystem
+ local value=planning
+ local label=subsystem
+ [[ -z planning ]]
+ [[ ! planning =~ ^[a-z][a-z0-9-]*$ ]]
+ return 0
+ [[ -z stoleus_planning_create_request ]]
+ [[ ! stoleus_planning_create_request =~ ^stoleus_[a-zA-Z0-9_]+$ ]]
+ case "$visibility" in
+ case "$stability" in
+ [[ -z kernel/planning/planning.sh ]]
+ stoleus_api_exists stoleus_planning_create_request
+ local function_name=stoleus_planning_create_request
+ [[ -z stoleus_planning_create_request ]]
+ [[ -n '' ]]
+ api_index=187
+ STOLEUS_API_FUNCTIONS+=("$function_name")
+ STOLEUS_API_SUBSYSTEMS+=("$subsystem")
+ STOLEUS_API_VISIBILITIES+=("$visibility")
+ STOLEUS_API_STABILITIES+=("$stability")
+ STOLEUS_API_OWNERS+=("$owner")
+ STOLEUS_API_INDEX_BY_FUNCTION["$function_name"]=187
+ return 0
+ stoleus_api_register planning stoleus_planning_build_plan public stable kernel/planning/planning.sh
+ local subsystem=planning
+ local function_name=stoleus_planning_build_plan
+ local visibility=public
+ local stability=stable
+ local owner=kernel/planning/planning.sh
+ local api_index=0
+ stoleus_api_validate_identifier planning subsystem
+ local value=planning
+ local label=subsystem
+ [[ -z planning ]]
+ [[ ! planning =~ ^[a-z][a-z0-9-]*$ ]]
+ return 0
+ [[ -z stoleus_planning_build_plan ]]
+ [[ ! stoleus_planning_build_plan =~ ^stoleus_[a-zA-Z0-9_]+$ ]]
+ case "$visibility" in
+ case "$stability" in
+ [[ -z kernel/planning/planning.sh ]]
+ stoleus_api_exists stoleus_planning_build_plan
+ local function_name=stoleus_planning_build_plan
+ [[ -z stoleus_planning_build_plan ]]
+ [[ -n '' ]]
+ api_index=188
+ STOLEUS_API_FUNCTIONS+=("$function_name")
+ STOLEUS_API_SUBSYSTEMS+=("$subsystem")
+ STOLEUS_API_VISIBILITIES+=("$visibility")
+ STOLEUS_API_STABILITIES+=("$stability")
+ STOLEUS_API_OWNERS+=("$owner")
+ STOLEUS_API_INDEX_BY_FUNCTION["$function_name"]=188
+ return 0
+ stoleus_api_register planning stoleus_planning_get_request public stable kernel/planning/planning.sh
+ local subsystem=planning
+ local function_name=stoleus_planning_get_request
+ local visibility=public
+ local stability=stable
+ local owner=kernel/planning/planning.sh
+ local api_index=0
+ stoleus_api_validate_identifier planning subsystem
+ local value=planning
+ local label=subsystem
+ [[ -z planning ]]
+ [[ ! planning =~ ^[a-z][a-z0-9-]*$ ]]
+ return 0
+ [[ -z stoleus_planning_get_request ]]
+ [[ ! stoleus_planning_get_request =~ ^stoleus_[a-zA-Z0-9_]+$ ]]
+ case "$visibility" in
+ case "$stability" in
+ [[ -z kernel/planning/planning.sh ]]
+ stoleus_api_exists stoleus_planning_get_request
+ local function_name=stoleus_planning_get_request
+ [[ -z stoleus_planning_get_request ]]
+ [[ -n '' ]]
+ api_index=189
+ STOLEUS_API_FUNCTIONS+=("$function_name")
+ STOLEUS_API_SUBSYSTEMS+=("$subsystem")
+ STOLEUS_API_VISIBILITIES+=("$visibility")
+ STOLEUS_API_STABILITIES+=("$stability")
+ STOLEUS_API_OWNERS+=("$owner")
+ STOLEUS_API_INDEX_BY_FUNCTION["$function_name"]=189
+ return 0
+ stoleus_api_register planning stoleus_planning_get_plugins public stable kernel/planning/planning.sh
+ local subsystem=planning
+ local function_name=stoleus_planning_get_plugins
+ local visibility=public
+ local stability=stable
+ local owner=kernel/planning/planning.sh
+ local api_index=0
+ stoleus_api_validate_identifier planning subsystem
+ local value=planning
+ local label=subsystem
+ [[ -z planning ]]
+ [[ ! planning =~ ^[a-z][a-z0-9-]*$ ]]
+ return 0
+ [[ -z stoleus_planning_get_plugins ]]
+ [[ ! stoleus_planning_get_plugins =~ ^stoleus_[a-zA-Z0-9_]+$ ]]
+ case "$visibility" in
+ case "$stability" in
+ [[ -z kernel/planning/planning.sh ]]
+ stoleus_api_exists stoleus_planning_get_plugins
+ local function_name=stoleus_planning_get_plugins
+ [[ -z stoleus_planning_get_plugins ]]
+ [[ -n '' ]]
+ api_index=190
+ STOLEUS_API_FUNCTIONS+=("$function_name")
+ STOLEUS_API_SUBSYSTEMS+=("$subsystem")
+ STOLEUS_API_VISIBILITIES+=("$visibility")
+ STOLEUS_API_STABILITIES+=("$stability")
+ STOLEUS_API_OWNERS+=("$owner")
+ STOLEUS_API_INDEX_BY_FUNCTION["$function_name"]=190
+ return 0
+ stoleus_api_register planning stoleus_planning_get_steps public stable kernel/planning/planning.sh
+ local subsystem=planning
+ local function_name=stoleus_planning_get_steps
+ local visibility=public
+ local stability=stable
+ local owner=kernel/planning/planning.sh
+ local api_index=0
+ stoleus_api_validate_identifier planning subsystem
+ local value=planning
+ local label=subsystem
+ [[ -z planning ]]
+ [[ ! planning =~ ^[a-z][a-z0-9-]*$ ]]
+ return 0
+ [[ -z stoleus_planning_get_steps ]]
+ [[ ! stoleus_planning_get_steps =~ ^stoleus_[a-zA-Z0-9_]+$ ]]
+ case "$visibility" in
+ case "$stability" in
+ [[ -z kernel/planning/planning.sh ]]
+ stoleus_api_exists stoleus_planning_get_steps
+ local function_name=stoleus_planning_get_steps
+ [[ -z stoleus_planning_get_steps ]]
+ [[ -n '' ]]
+ api_index=191
+ STOLEUS_API_FUNCTIONS+=("$function_name")
+ STOLEUS_API_SUBSYSTEMS+=("$subsystem")
+ STOLEUS_API_VISIBILITIES+=("$visibility")
+ STOLEUS_API_STABILITIES+=("$stability")
+ STOLEUS_API_OWNERS+=("$owner")
+ STOLEUS_API_INDEX_BY_FUNCTION["$function_name"]=191
+ return 0
+ stoleus_api_register planning stoleus_planning_is_plan_frozen internal internal kernel/planning/planning.sh
+ local subsystem=planning
+ local function_name=stoleus_planning_is_plan_frozen
+ local visibility=internal
+ local stability=internal
+ local owner=kernel/planning/planning.sh
+ local api_index=0
+ stoleus_api_validate_identifier planning subsystem
+ local value=planning
+ local label=subsystem
+ [[ -z planning ]]
+ [[ ! planning =~ ^[a-z][a-z0-9-]*$ ]]
+ return 0
+ [[ -z stoleus_planning_is_plan_frozen ]]
+ [[ ! stoleus_planning_is_plan_frozen =~ ^stoleus_[a-zA-Z0-9_]+$ ]]
+ case "$visibility" in
+ case "$stability" in
+ [[ -z kernel/planning/planning.sh ]]
+ stoleus_api_exists stoleus_planning_is_plan_frozen
+ local function_name=stoleus_planning_is_plan_frozen
+ [[ -z stoleus_planning_is_plan_frozen ]]
+ [[ -n '' ]]
+ api_index=192
+ STOLEUS_API_FUNCTIONS+=("$function_name")
+ STOLEUS_API_SUBSYSTEMS+=("$subsystem")
+ STOLEUS_API_VISIBILITIES+=("$visibility")
+ STOLEUS_API_STABILITIES+=("$stability")
+ STOLEUS_API_OWNERS+=("$owner")
+ STOLEUS_API_INDEX_BY_FUNCTION["$function_name"]=192
+ return 0
+ stoleus_api_register planning stoleus_planning_get_lifecycle_function internal internal kernel/planning/planning.sh
+ local subsystem=planning
+ local function_name=stoleus_planning_get_lifecycle_function
+ local visibility=internal
+ local stability=internal
+ local owner=kernel/planning/planning.sh
+ local api_index=0
+ stoleus_api_validate_identifier planning subsystem
+ local value=planning
+ local label=subsystem
+ [[ -z planning ]]
+ [[ ! planning =~ ^[a-z][a-z0-9-]*$ ]]
+ return 0
+ [[ -z stoleus_planning_get_lifecycle_function ]]
+ [[ ! stoleus_planning_get_lifecycle_function =~ ^stoleus_[a-zA-Z0-9_]+$ ]]
+ case "$visibility" in
+ case "$stability" in
+ [[ -z kernel/planning/planning.sh ]]
+ stoleus_api_exists stoleus_planning_get_lifecycle_function
+ local function_name=stoleus_planning_get_lifecycle_function
+ [[ -z stoleus_planning_get_lifecycle_function ]]
+ [[ -n '' ]]
+ api_index=193
+ STOLEUS_API_FUNCTIONS+=("$function_name")
+ STOLEUS_API_SUBSYSTEMS+=("$subsystem")
+ STOLEUS_API_VISIBILITIES+=("$visibility")
+ STOLEUS_API_STABILITIES+=("$stability")
+ STOLEUS_API_OWNERS+=("$owner")
+ STOLEUS_API_INDEX_BY_FUNCTION["$function_name"]=193
+ return 0
+ stoleus_api_register planning stoleus_planning_reset public stable kernel/planning/planning.sh
+ local subsystem=planning
+ local function_name=stoleus_planning_reset
+ local visibility=public
+ local stability=stable
+ local owner=kernel/planning/planning.sh
+ local api_index=0
+ stoleus_api_validate_identifier planning subsystem
+ local value=planning
+ local label=subsystem
+ [[ -z planning ]]
+ [[ ! planning =~ ^[a-z][a-z0-9-]*$ ]]
+ return 0
+ [[ -z stoleus_planning_reset ]]
+ [[ ! stoleus_planning_reset =~ ^stoleus_[a-zA-Z0-9_]+$ ]]
+ case "$visibility" in
+ case "$stability" in
+ [[ -z kernel/planning/planning.sh ]]
+ stoleus_api_exists stoleus_planning_reset
+ local function_name=stoleus_planning_reset
+ [[ -z stoleus_planning_reset ]]
+ [[ -n '' ]]
+ api_index=194
+ STOLEUS_API_FUNCTIONS+=("$function_name")
+ STOLEUS_API_SUBSYSTEMS+=("$subsystem")
+ STOLEUS_API_VISIBILITIES+=("$visibility")
+ STOLEUS_API_STABILITIES+=("$stability")
+ STOLEUS_API_OWNERS+=("$owner")
+ STOLEUS_API_INDEX_BY_FUNCTION["$function_name"]=194
+ return 0
+ stoleus_api_register rollback-executor stoleus_rollback_executor_execute_step internal internal kernel/rollback/executor.sh
+ local subsystem=rollback-executor
+ local function_name=stoleus_rollback_executor_execute_step
+ local visibility=internal
+ local stability=internal
+ local owner=kernel/rollback/executor.sh
+ local api_index=0
+ stoleus_api_validate_identifier rollback-executor subsystem
+ local value=rollback-executor
+ local label=subsystem
+ [[ -z rollback-executor ]]
+ [[ ! rollback-executor =~ ^[a-z][a-z0-9-]*$ ]]
+ return 0
+ [[ -z stoleus_rollback_executor_execute_step ]]
+ [[ ! stoleus_rollback_executor_execute_step =~ ^stoleus_[a-zA-Z0-9_]+$ ]]
+ case "$visibility" in
+ case "$stability" in
+ [[ -z kernel/rollback/executor.sh ]]
+ stoleus_api_exists stoleus_rollback_executor_execute_step
+ local function_name=stoleus_rollback_executor_execute_step
+ [[ -z stoleus_rollback_executor_execute_step ]]
+ [[ -n '' ]]
+ api_index=195
+ STOLEUS_API_FUNCTIONS+=("$function_name")
+ STOLEUS_API_SUBSYSTEMS+=("$subsystem")
+ STOLEUS_API_VISIBILITIES+=("$visibility")
+ STOLEUS_API_STABILITIES+=("$stability")
+ STOLEUS_API_OWNERS+=("$owner")
+ STOLEUS_API_INDEX_BY_FUNCTION["$function_name"]=195
+ return 0
+ stoleus_api_register rollback-executor stoleus_rollback_executor_create_session_id internal internal kernel/rollback/executor.sh
+ local subsystem=rollback-executor
+ local function_name=stoleus_rollback_executor_create_session_id
+ local visibility=internal
+ local stability=internal
+ local owner=kernel/rollback/executor.sh
+ local api_index=0
+ stoleus_api_validate_identifier rollback-executor subsystem
+ local value=rollback-executor
+ local label=subsystem
+ [[ -z rollback-executor ]]
+ [[ ! rollback-executor =~ ^[a-z][a-z0-9-]*$ ]]
+ return 0
+ [[ -z stoleus_rollback_executor_create_session_id ]]
+ [[ ! stoleus_rollback_executor_create_session_id =~ ^stoleus_[a-zA-Z0-9_]+$ ]]
+ case "$visibility" in
+ case "$stability" in
+ [[ -z kernel/rollback/executor.sh ]]
+ stoleus_api_exists stoleus_rollback_executor_create_session_id
+ local function_name=stoleus_rollback_executor_create_session_id
+ [[ -z stoleus_rollback_executor_create_session_id ]]
+ [[ -n '' ]]
+ api_index=196
+ STOLEUS_API_FUNCTIONS+=("$function_name")
+ STOLEUS_API_SUBSYSTEMS+=("$subsystem")
+ STOLEUS_API_VISIBILITIES+=("$visibility")
+ STOLEUS_API_STABILITIES+=("$stability")
+ STOLEUS_API_OWNERS+=("$owner")
+ STOLEUS_API_INDEX_BY_FUNCTION["$function_name"]=196
+ return 0
+ stoleus_api_register rollback-executor stoleus_rollback_executor_execute_plan public experimental kernel/rollback/executor.sh
+ local subsystem=rollback-executor
+ local function_name=stoleus_rollback_executor_execute_plan
+ local visibility=public
+ local stability=experimental
+ local owner=kernel/rollback/executor.sh
+ local api_index=0
+ stoleus_api_validate_identifier rollback-executor subsystem
+ local value=rollback-executor
+ local label=subsystem
+ [[ -z rollback-executor ]]
+ [[ ! rollback-executor =~ ^[a-z][a-z0-9-]*$ ]]
+ return 0
+ [[ -z stoleus_rollback_executor_execute_plan ]]
+ [[ ! stoleus_rollback_executor_execute_plan =~ ^stoleus_[a-zA-Z0-9_]+$ ]]
+ case "$visibility" in
+ case "$stability" in
+ [[ -z kernel/rollback/executor.sh ]]
+ stoleus_api_exists stoleus_rollback_executor_execute_plan
+ local function_name=stoleus_rollback_executor_execute_plan
+ [[ -z stoleus_rollback_executor_execute_plan ]]
+ [[ -n '' ]]
+ api_index=197
+ STOLEUS_API_FUNCTIONS+=("$function_name")
+ STOLEUS_API_SUBSYSTEMS+=("$subsystem")
+ STOLEUS_API_VISIBILITIES+=("$visibility")
+ STOLEUS_API_STABILITIES+=("$stability")
+ STOLEUS_API_OWNERS+=("$owner")
+ STOLEUS_API_INDEX_BY_FUNCTION["$function_name"]=197
+ return 0
+ stoleus_api_register rollback-executor stoleus_rollback_executor_get_results public experimental kernel/rollback/executor.sh
+ local subsystem=rollback-executor
+ local function_name=stoleus_rollback_executor_get_results
+ local visibility=public
+ local stability=experimental
+ local owner=kernel/rollback/executor.sh
+ local api_index=0
+ stoleus_api_validate_identifier rollback-executor subsystem
+ local value=rollback-executor
+ local label=subsystem
+ [[ -z rollback-executor ]]
+ [[ ! rollback-executor =~ ^[a-z][a-z0-9-]*$ ]]
+ return 0
+ [[ -z stoleus_rollback_executor_get_results ]]
+ [[ ! stoleus_rollback_executor_get_results =~ ^stoleus_[a-zA-Z0-9_]+$ ]]
+ case "$visibility" in
+ case "$stability" in
+ [[ -z kernel/rollback/executor.sh ]]
+ stoleus_api_exists stoleus_rollback_executor_get_results
+ local function_name=stoleus_rollback_executor_get_results
+ [[ -z stoleus_rollback_executor_get_results ]]
+ [[ -n '' ]]
+ api_index=198
+ STOLEUS_API_FUNCTIONS+=("$function_name")
+ STOLEUS_API_SUBSYSTEMS+=("$subsystem")
+ STOLEUS_API_VISIBILITIES+=("$visibility")
+ STOLEUS_API_STABILITIES+=("$stability")
+ STOLEUS_API_OWNERS+=("$owner")
+ STOLEUS_API_INDEX_BY_FUNCTION["$function_name"]=198
+ return 0
+ stoleus_api_register rollback-executor stoleus_rollback_executor_get_detailed_results public experimental kernel/rollback/executor.sh
+ local subsystem=rollback-executor
+ local function_name=stoleus_rollback_executor_get_detailed_results
+ local visibility=public
+ local stability=experimental
+ local owner=kernel/rollback/executor.sh
+ local api_index=0
+ stoleus_api_validate_identifier rollback-executor subsystem
+ local value=rollback-executor
+ local label=subsystem
+ [[ -z rollback-executor ]]
+ [[ ! rollback-executor =~ ^[a-z][a-z0-9-]*$ ]]
+ return 0
+ [[ -z stoleus_rollback_executor_get_detailed_results ]]
+ [[ ! stoleus_rollback_executor_get_detailed_results =~ ^stoleus_[a-zA-Z0-9_]+$ ]]
+ case "$visibility" in
+ case "$stability" in
+ [[ -z kernel/rollback/executor.sh ]]
+ stoleus_api_exists stoleus_rollback_executor_get_detailed_results
+ local function_name=stoleus_rollback_executor_get_detailed_results
+ [[ -z stoleus_rollback_executor_get_detailed_results ]]
+ [[ -n '' ]]
+ api_index=199
+ STOLEUS_API_FUNCTIONS+=("$function_name")
+ STOLEUS_API_SUBSYSTEMS+=("$subsystem")
+ STOLEUS_API_VISIBILITIES+=("$visibility")
+ STOLEUS_API_STABILITIES+=("$stability")
+ STOLEUS_API_OWNERS+=("$owner")
+ STOLEUS_API_INDEX_BY_FUNCTION["$function_name"]=199
+ return 0
+ stoleus_api_register rollback-executor stoleus_rollback_executor_get_status public experimental kernel/rollback/executor.sh
+ local subsystem=rollback-executor
+ local function_name=stoleus_rollback_executor_get_status
+ local visibility=public
+ local stability=experimental
+ local owner=kernel/rollback/executor.sh
+ local api_index=0
+ stoleus_api_validate_identifier rollback-executor subsystem
+ local value=rollback-executor
+ local label=subsystem
+ [[ -z rollback-executor ]]
+ [[ ! rollback-executor =~ ^[a-z][a-z0-9-]*$ ]]
+ return 0
+ [[ -z stoleus_rollback_executor_get_status ]]
+ [[ ! stoleus_rollback_executor_get_status =~ ^stoleus_[a-zA-Z0-9_]+$ ]]
+ case "$visibility" in
+ case "$stability" in
+ [[ -z kernel/rollback/executor.sh ]]
+ stoleus_api_exists stoleus_rollback_executor_get_status
+ local function_name=stoleus_rollback_executor_get_status
+ [[ -z stoleus_rollback_executor_get_status ]]
+ [[ -n '' ]]
+ api_index=200
+ STOLEUS_API_FUNCTIONS+=("$function_name")
+ STOLEUS_API_SUBSYSTEMS+=("$subsystem")
+ STOLEUS_API_VISIBILITIES+=("$visibility")
+ STOLEUS_API_STABILITIES+=("$stability")
+ STOLEUS_API_OWNERS+=("$owner")
+ STOLEUS_API_INDEX_BY_FUNCTION["$function_name"]=200
+ return 0
+ stoleus_api_register rollback-plan stoleus_rollback_plan_initialize internal internal kernel/rollback/plan.sh
+ local subsystem=rollback-plan
+ local function_name=stoleus_rollback_plan_initialize
+ local visibility=internal
+ local stability=internal
+ local owner=kernel/rollback/plan.sh
+ local api_index=0
+ stoleus_api_validate_identifier rollback-plan subsystem
+ local value=rollback-plan
+ local label=subsystem
+ [[ -z rollback-plan ]]
+ [[ ! rollback-plan =~ ^[a-z][a-z0-9-]*$ ]]
+ return 0
+ [[ -z stoleus_rollback_plan_initialize ]]
+ [[ ! stoleus_rollback_plan_initialize =~ ^stoleus_[a-zA-Z0-9_]+$ ]]
+ case "$visibility" in
+ case "$stability" in
+ [[ -z kernel/rollback/plan.sh ]]
+ stoleus_api_exists stoleus_rollback_plan_initialize
+ local function_name=stoleus_rollback_plan_initialize
+ [[ -z stoleus_rollback_plan_initialize ]]
+ [[ -n '' ]]
+ api_index=201
+ STOLEUS_API_FUNCTIONS+=("$function_name")
+ STOLEUS_API_SUBSYSTEMS+=("$subsystem")
+ STOLEUS_API_VISIBILITIES+=("$visibility")
+ STOLEUS_API_STABILITIES+=("$stability")
+ STOLEUS_API_OWNERS+=("$owner")
+ STOLEUS_API_INDEX_BY_FUNCTION["$function_name"]=201
+ return 0
+ stoleus_api_register rollback-plan stoleus_rollback_plan_append internal internal kernel/rollback/plan.sh
+ local subsystem=rollback-plan
+ local function_name=stoleus_rollback_plan_append
+ local visibility=internal
+ local stability=internal
+ local owner=kernel/rollback/plan.sh
+ local api_index=0
+ stoleus_api_validate_identifier rollback-plan subsystem
+ local value=rollback-plan
+ local label=subsystem
+ [[ -z rollback-plan ]]
+ [[ ! rollback-plan =~ ^[a-z][a-z0-9-]*$ ]]
+ return 0
+ [[ -z stoleus_rollback_plan_append ]]
+ [[ ! stoleus_rollback_plan_append =~ ^stoleus_[a-zA-Z0-9_]+$ ]]
+ case "$visibility" in
+ case "$stability" in
+ [[ -z kernel/rollback/plan.sh ]]
+ stoleus_api_exists stoleus_rollback_plan_append
+ local function_name=stoleus_rollback_plan_append
+ [[ -z stoleus_rollback_plan_append ]]
+ [[ -n '' ]]
+ api_index=202
+ STOLEUS_API_FUNCTIONS+=("$function_name")
+ STOLEUS_API_SUBSYSTEMS+=("$subsystem")
+ STOLEUS_API_VISIBILITIES+=("$visibility")
+ STOLEUS_API_STABILITIES+=("$stability")
+ STOLEUS_API_OWNERS+=("$owner")
+ STOLEUS_API_INDEX_BY_FUNCTION["$function_name"]=202
+ return 0
+ stoleus_api_register rollback-plan stoleus_rollback_plan_freeze internal internal kernel/rollback/plan.sh
+ local subsystem=rollback-plan
+ local function_name=stoleus_rollback_plan_freeze
+ local visibility=internal
+ local stability=internal
+ local owner=kernel/rollback/plan.sh
+ local api_index=0
+ stoleus_api_validate_identifier rollback-plan subsystem
+ local value=rollback-plan
+ local label=subsystem
+ [[ -z rollback-plan ]]
+ [[ ! rollback-plan =~ ^[a-z][a-z0-9-]*$ ]]
+ return 0
+ [[ -z stoleus_rollback_plan_freeze ]]
+ [[ ! stoleus_rollback_plan_freeze =~ ^stoleus_[a-zA-Z0-9_]+$ ]]
+ case "$visibility" in
+ case "$stability" in
+ [[ -z kernel/rollback/plan.sh ]]
+ stoleus_api_exists stoleus_rollback_plan_freeze
+ local function_name=stoleus_rollback_plan_freeze
+ [[ -z stoleus_rollback_plan_freeze ]]
+ [[ -n '' ]]
+ api_index=203
+ STOLEUS_API_FUNCTIONS+=("$function_name")
+ STOLEUS_API_SUBSYSTEMS+=("$subsystem")
+ STOLEUS_API_VISIBILITIES+=("$visibility")
+ STOLEUS_API_STABILITIES+=("$stability")
+ STOLEUS_API_OWNERS+=("$owner")
+ STOLEUS_API_INDEX_BY_FUNCTION["$function_name"]=203
+ return 0
+ stoleus_api_register rollback-plan stoleus_rollback_plan_contains public experimental kernel/rollback/plan.sh
+ local subsystem=rollback-plan
+ local function_name=stoleus_rollback_plan_contains
+ local visibility=public
+ local stability=experimental
+ local owner=kernel/rollback/plan.sh
+ local api_index=0
+ stoleus_api_validate_identifier rollback-plan subsystem
+ local value=rollback-plan
+ local label=subsystem
+ [[ -z rollback-plan ]]
+ [[ ! rollback-plan =~ ^[a-z][a-z0-9-]*$ ]]
+ return 0
+ [[ -z stoleus_rollback_plan_contains ]]
+ [[ ! stoleus_rollback_plan_contains =~ ^stoleus_[a-zA-Z0-9_]+$ ]]
+ case "$visibility" in
+ case "$stability" in
+ [[ -z kernel/rollback/plan.sh ]]
+ stoleus_api_exists stoleus_rollback_plan_contains
+ local function_name=stoleus_rollback_plan_contains
+ [[ -z stoleus_rollback_plan_contains ]]
+ [[ -n '' ]]
+ api_index=204
+ STOLEUS_API_FUNCTIONS+=("$function_name")
+ STOLEUS_API_SUBSYSTEMS+=("$subsystem")
+ STOLEUS_API_VISIBILITIES+=("$visibility")
+ STOLEUS_API_STABILITIES+=("$stability")
+ STOLEUS_API_OWNERS+=("$owner")
+ STOLEUS_API_INDEX_BY_FUNCTION["$function_name"]=204
+ return 0
+ stoleus_api_register rollback-plan stoleus_rollback_plan_get_field public experimental kernel/rollback/plan.sh
+ local subsystem=rollback-plan
+ local function_name=stoleus_rollback_plan_get_field
+ local visibility=public
+ local stability=experimental
+ local owner=kernel/rollback/plan.sh
+ local api_index=0
+ stoleus_api_validate_identifier rollback-plan subsystem
+ local value=rollback-plan
+ local label=subsystem
+ [[ -z rollback-plan ]]
+ [[ ! rollback-plan =~ ^[a-z][a-z0-9-]*$ ]]
+ return 0
+ [[ -z stoleus_rollback_plan_get_field ]]
+ [[ ! stoleus_rollback_plan_get_field =~ ^stoleus_[a-zA-Z0-9_]+$ ]]
+ case "$visibility" in
+ case "$stability" in
+ [[ -z kernel/rollback/plan.sh ]]
+ stoleus_api_exists stoleus_rollback_plan_get_field
+ local function_name=stoleus_rollback_plan_get_field
+ [[ -z stoleus_rollback_plan_get_field ]]
+ [[ -n '' ]]
+ api_index=205
+ STOLEUS_API_FUNCTIONS+=("$function_name")
+ STOLEUS_API_SUBSYSTEMS+=("$subsystem")
+ STOLEUS_API_VISIBILITIES+=("$visibility")
+ STOLEUS_API_STABILITIES+=("$stability")
+ STOLEUS_API_OWNERS+=("$owner")
+ STOLEUS_API_INDEX_BY_FUNCTION["$function_name"]=205
+ return 0
+ stoleus_api_register rollback-plan stoleus_rollback_plan_get_count public experimental kernel/rollback/plan.sh
+ local subsystem=rollback-plan
+ local function_name=stoleus_rollback_plan_get_count
+ local visibility=public
+ local stability=experimental
+ local owner=kernel/rollback/plan.sh
+ local api_index=0
+ stoleus_api_validate_identifier rollback-plan subsystem
+ local value=rollback-plan
+ local label=subsystem
+ [[ -z rollback-plan ]]
+ [[ ! rollback-plan =~ ^[a-z][a-z0-9-]*$ ]]
+ return 0
+ [[ -z stoleus_rollback_plan_get_count ]]
+ [[ ! stoleus_rollback_plan_get_count =~ ^stoleus_[a-zA-Z0-9_]+$ ]]
+ case "$visibility" in
+ case "$stability" in
+ [[ -z kernel/rollback/plan.sh ]]
+ stoleus_api_exists stoleus_rollback_plan_get_count
+ local function_name=stoleus_rollback_plan_get_count
+ [[ -z stoleus_rollback_plan_get_count ]]
+ [[ -n '' ]]
+ api_index=206
+ STOLEUS_API_FUNCTIONS+=("$function_name")
+ STOLEUS_API_SUBSYSTEMS+=("$subsystem")
+ STOLEUS_API_VISIBILITIES+=("$visibility")
+ STOLEUS_API_STABILITIES+=("$stability")
+ STOLEUS_API_OWNERS+=("$owner")
+ STOLEUS_API_INDEX_BY_FUNCTION["$function_name"]=206
+ return 0
+ stoleus_api_register rollback-plan stoleus_rollback_plan_list public experimental kernel/rollback/plan.sh
+ local subsystem=rollback-plan
+ local function_name=stoleus_rollback_plan_list
+ local visibility=public
+ local stability=experimental
+ local owner=kernel/rollback/plan.sh
+ local api_index=0
+ stoleus_api_validate_identifier rollback-plan subsystem
+ local value=rollback-plan
+ local label=subsystem
+ [[ -z rollback-plan ]]
+ [[ ! rollback-plan =~ ^[a-z][a-z0-9-]*$ ]]
+ return 0
+ [[ -z stoleus_rollback_plan_list ]]
+ [[ ! stoleus_rollback_plan_list =~ ^stoleus_[a-zA-Z0-9_]+$ ]]
+ case "$visibility" in
+ case "$stability" in
+ [[ -z kernel/rollback/plan.sh ]]
+ stoleus_api_exists stoleus_rollback_plan_list
+ local function_name=stoleus_rollback_plan_list
+ [[ -z stoleus_rollback_plan_list ]]
+ [[ -n '' ]]
+ api_index=207
+ STOLEUS_API_FUNCTIONS+=("$function_name")
+ STOLEUS_API_SUBSYSTEMS+=("$subsystem")
+ STOLEUS_API_VISIBILITIES+=("$visibility")
+ STOLEUS_API_STABILITIES+=("$stability")
+ STOLEUS_API_OWNERS+=("$owner")
+ STOLEUS_API_INDEX_BY_FUNCTION["$function_name"]=207
+ return 0
+ stoleus_api_register rollback-plan stoleus_rollback_plan_is_frozen public experimental kernel/rollback/plan.sh
+ local subsystem=rollback-plan
+ local function_name=stoleus_rollback_plan_is_frozen
+ local visibility=public
+ local stability=experimental
+ local owner=kernel/rollback/plan.sh
+ local api_index=0
+ stoleus_api_validate_identifier rollback-plan subsystem
+ local value=rollback-plan
+ local label=subsystem
+ [[ -z rollback-plan ]]
+ [[ ! rollback-plan =~ ^[a-z][a-z0-9-]*$ ]]
+ return 0
+ [[ -z stoleus_rollback_plan_is_frozen ]]
+ [[ ! stoleus_rollback_plan_is_frozen =~ ^stoleus_[a-zA-Z0-9_]+$ ]]
+ case "$visibility" in
+ case "$stability" in
+ [[ -z kernel/rollback/plan.sh ]]
+ stoleus_api_exists stoleus_rollback_plan_is_frozen
+ local function_name=stoleus_rollback_plan_is_frozen
+ [[ -z stoleus_rollback_plan_is_frozen ]]
+ [[ -n '' ]]
+ api_index=208
+ STOLEUS_API_FUNCTIONS+=("$function_name")
+ STOLEUS_API_SUBSYSTEMS+=("$subsystem")
+ STOLEUS_API_VISIBILITIES+=("$visibility")
+ STOLEUS_API_STABILITIES+=("$stability")
+ STOLEUS_API_OWNERS+=("$owner")
+ STOLEUS_API_INDEX_BY_FUNCTION["$function_name"]=208
+ return 0
+ stoleus_api_register rollback-plan stoleus_rollback_plan_reset public experimental kernel/rollback/plan.sh
+ local subsystem=rollback-plan
+ local function_name=stoleus_rollback_plan_reset
+ local visibility=public
+ local stability=experimental
+ local owner=kernel/rollback/plan.sh
+ local api_index=0
+ stoleus_api_validate_identifier rollback-plan subsystem
+ local value=rollback-plan
+ local label=subsystem
+ [[ -z rollback-plan ]]
+ [[ ! rollback-plan =~ ^[a-z][a-z0-9-]*$ ]]
+ return 0
+ [[ -z stoleus_rollback_plan_reset ]]
+ [[ ! stoleus_rollback_plan_reset =~ ^stoleus_[a-zA-Z0-9_]+$ ]]
+ case "$visibility" in
+ case "$stability" in
+ [[ -z kernel/rollback/plan.sh ]]
+ stoleus_api_exists stoleus_rollback_plan_reset
+ local function_name=stoleus_rollback_plan_reset
+ [[ -z stoleus_rollback_plan_reset ]]
+ [[ -n '' ]]
+ api_index=209
+ STOLEUS_API_FUNCTIONS+=("$function_name")
+ STOLEUS_API_SUBSYSTEMS+=("$subsystem")
+ STOLEUS_API_VISIBILITIES+=("$visibility")
+ STOLEUS_API_STABILITIES+=("$stability")
+ STOLEUS_API_OWNERS+=("$owner")
+ STOLEUS_API_INDEX_BY_FUNCTION["$function_name"]=209
+ return 0
+ stoleus_api_register rollback-registry stoleus_rollback_registry_initialize internal internal kernel/rollback/registry.sh
+ local subsystem=rollback-registry
+ local function_name=stoleus_rollback_registry_initialize
+ local visibility=internal
+ local stability=internal
+ local owner=kernel/rollback/registry.sh
+ local api_index=0
+ stoleus_api_validate_identifier rollback-registry subsystem
+ local value=rollback-registry
+ local label=subsystem
+ [[ -z rollback-registry ]]
+ [[ ! rollback-registry =~ ^[a-z][a-z0-9-]*$ ]]
+ return 0
+ [[ -z stoleus_rollback_registry_initialize ]]
+ [[ ! stoleus_rollback_registry_initialize =~ ^stoleus_[a-zA-Z0-9_]+$ ]]
+ case "$visibility" in
+ case "$stability" in
+ [[ -z kernel/rollback/registry.sh ]]
+ stoleus_api_exists stoleus_rollback_registry_initialize
+ local function_name=stoleus_rollback_registry_initialize
+ [[ -z stoleus_rollback_registry_initialize ]]
+ [[ -n '' ]]
+ api_index=210
+ STOLEUS_API_FUNCTIONS+=("$function_name")
+ STOLEUS_API_SUBSYSTEMS+=("$subsystem")
+ STOLEUS_API_VISIBILITIES+=("$visibility")
+ STOLEUS_API_STABILITIES+=("$stability")
+ STOLEUS_API_OWNERS+=("$owner")
+ STOLEUS_API_INDEX_BY_FUNCTION["$function_name"]=210
+ return 0
+ stoleus_api_register rollback-registry stoleus_rollback_registry_register internal internal kernel/rollback/registry.sh
+ local subsystem=rollback-registry
+ local function_name=stoleus_rollback_registry_register
+ local visibility=internal
+ local stability=internal
+ local owner=kernel/rollback/registry.sh
+ local api_index=0
+ stoleus_api_validate_identifier rollback-registry subsystem
+ local value=rollback-registry
+ local label=subsystem
+ [[ -z rollback-registry ]]
+ [[ ! rollback-registry =~ ^[a-z][a-z0-9-]*$ ]]
+ return 0
+ [[ -z stoleus_rollback_registry_register ]]
+ [[ ! stoleus_rollback_registry_register =~ ^stoleus_[a-zA-Z0-9_]+$ ]]
+ case "$visibility" in
+ case "$stability" in
+ [[ -z kernel/rollback/registry.sh ]]
+ stoleus_api_exists stoleus_rollback_registry_register
+ local function_name=stoleus_rollback_registry_register
+ [[ -z stoleus_rollback_registry_register ]]
+ [[ -n '' ]]
+ api_index=211
+ STOLEUS_API_FUNCTIONS+=("$function_name")
+ STOLEUS_API_SUBSYSTEMS+=("$subsystem")
+ STOLEUS_API_VISIBILITIES+=("$visibility")
+ STOLEUS_API_STABILITIES+=("$stability")
+ STOLEUS_API_OWNERS+=("$owner")
+ STOLEUS_API_INDEX_BY_FUNCTION["$function_name"]=211
+ return 0
+ stoleus_api_register rollback-registry stoleus_rollback_registry_freeze internal internal kernel/rollback/registry.sh
+ local subsystem=rollback-registry
+ local function_name=stoleus_rollback_registry_freeze
+ local visibility=internal
+ local stability=internal
+ local owner=kernel/rollback/registry.sh
+ local api_index=0
+ stoleus_api_validate_identifier rollback-registry subsystem
+ local value=rollback-registry
+ local label=subsystem
+ [[ -z rollback-registry ]]
+ [[ ! rollback-registry =~ ^[a-z][a-z0-9-]*$ ]]
+ return 0
+ [[ -z stoleus_rollback_registry_freeze ]]
+ [[ ! stoleus_rollback_registry_freeze =~ ^stoleus_[a-zA-Z0-9_]+$ ]]
+ case "$visibility" in
+ case "$stability" in
+ [[ -z kernel/rollback/registry.sh ]]
+ stoleus_api_exists stoleus_rollback_registry_freeze
+ local function_name=stoleus_rollback_registry_freeze
+ [[ -z stoleus_rollback_registry_freeze ]]
+ [[ -n '' ]]
+ api_index=212
+ STOLEUS_API_FUNCTIONS+=("$function_name")
+ STOLEUS_API_SUBSYSTEMS+=("$subsystem")
+ STOLEUS_API_VISIBILITIES+=("$visibility")
+ STOLEUS_API_STABILITIES+=("$stability")
+ STOLEUS_API_OWNERS+=("$owner")
+ STOLEUS_API_INDEX_BY_FUNCTION["$function_name"]=212
+ return 0
+ stoleus_api_register rollback-registry stoleus_rollback_registry_contains public experimental kernel/rollback/registry.sh
+ local subsystem=rollback-registry
+ local function_name=stoleus_rollback_registry_contains
+ local visibility=public
+ local stability=experimental
+ local owner=kernel/rollback/registry.sh
+ local api_index=0
+ stoleus_api_validate_identifier rollback-registry subsystem
+ local value=rollback-registry
+ local label=subsystem
+ [[ -z rollback-registry ]]
+ [[ ! rollback-registry =~ ^[a-z][a-z0-9-]*$ ]]
+ return 0
+ [[ -z stoleus_rollback_registry_contains ]]
+ [[ ! stoleus_rollback_registry_contains =~ ^stoleus_[a-zA-Z0-9_]+$ ]]
+ case "$visibility" in
+ case "$stability" in
+ [[ -z kernel/rollback/registry.sh ]]
+ stoleus_api_exists stoleus_rollback_registry_contains
+ local function_name=stoleus_rollback_registry_contains
+ [[ -z stoleus_rollback_registry_contains ]]
+ [[ -n '' ]]
+ api_index=213
+ STOLEUS_API_FUNCTIONS+=("$function_name")
+ STOLEUS_API_SUBSYSTEMS+=("$subsystem")
+ STOLEUS_API_VISIBILITIES+=("$visibility")
+ STOLEUS_API_STABILITIES+=("$stability")
+ STOLEUS_API_OWNERS+=("$owner")
+ STOLEUS_API_INDEX_BY_FUNCTION["$function_name"]=213
+ return 0
+ stoleus_api_register rollback-registry stoleus_rollback_registry_get_function public experimental kernel/rollback/registry.sh
+ local subsystem=rollback-registry
+ local function_name=stoleus_rollback_registry_get_function
+ local visibility=public
+ local stability=experimental
+ local owner=kernel/rollback/registry.sh
+ local api_index=0
+ stoleus_api_validate_identifier rollback-registry subsystem
+ local value=rollback-registry
+ local label=subsystem
+ [[ -z rollback-registry ]]
+ [[ ! rollback-registry =~ ^[a-z][a-z0-9-]*$ ]]
+ return 0
+ [[ -z stoleus_rollback_registry_get_function ]]
+ [[ ! stoleus_rollback_registry_get_function =~ ^stoleus_[a-zA-Z0-9_]+$ ]]
+ case "$visibility" in
+ case "$stability" in
+ [[ -z kernel/rollback/registry.sh ]]
+ stoleus_api_exists stoleus_rollback_registry_get_function
+ local function_name=stoleus_rollback_registry_get_function
+ [[ -z stoleus_rollback_registry_get_function ]]
+ [[ -n '' ]]
+ api_index=214
+ STOLEUS_API_FUNCTIONS+=("$function_name")
+ STOLEUS_API_SUBSYSTEMS+=("$subsystem")
+ STOLEUS_API_VISIBILITIES+=("$visibility")
+ STOLEUS_API_STABILITIES+=("$stability")
+ STOLEUS_API_OWNERS+=("$owner")
+ STOLEUS_API_INDEX_BY_FUNCTION["$function_name"]=214
+ return 0
+ stoleus_api_register rollback-registry stoleus_rollback_registry_get_field public experimental kernel/rollback/registry.sh
+ local subsystem=rollback-registry
+ local function_name=stoleus_rollback_registry_get_field
+ local visibility=public
+ local stability=experimental
+ local owner=kernel/rollback/registry.sh
+ local api_index=0
+ stoleus_api_validate_identifier rollback-registry subsystem
+ local value=rollback-registry
+ local label=subsystem
+ [[ -z rollback-registry ]]
+ [[ ! rollback-registry =~ ^[a-z][a-z0-9-]*$ ]]
+ return 0
+ [[ -z stoleus_rollback_registry_get_field ]]
+ [[ ! stoleus_rollback_registry_get_field =~ ^stoleus_[a-zA-Z0-9_]+$ ]]
+ case "$visibility" in
+ case "$stability" in
+ [[ -z kernel/rollback/registry.sh ]]
+ stoleus_api_exists stoleus_rollback_registry_get_field
+ local function_name=stoleus_rollback_registry_get_field
+ [[ -z stoleus_rollback_registry_get_field ]]
+ [[ -n '' ]]
+ api_index=215
+ STOLEUS_API_FUNCTIONS+=("$function_name")
+ STOLEUS_API_SUBSYSTEMS+=("$subsystem")
+ STOLEUS_API_VISIBILITIES+=("$visibility")
+ STOLEUS_API_STABILITIES+=("$stability")
+ STOLEUS_API_OWNERS+=("$owner")
+ STOLEUS_API_INDEX_BY_FUNCTION["$function_name"]=215
+ return 0
+ stoleus_api_register rollback-registry stoleus_rollback_registry_get_count public experimental kernel/rollback/registry.sh
+ local subsystem=rollback-registry
+ local function_name=stoleus_rollback_registry_get_count
+ local visibility=public
+ local stability=experimental
+ local owner=kernel/rollback/registry.sh
+ local api_index=0
+ stoleus_api_validate_identifier rollback-registry subsystem
+ local value=rollback-registry
+ local label=subsystem
+ [[ -z rollback-registry ]]
+ [[ ! rollback-registry =~ ^[a-z][a-z0-9-]*$ ]]
+ return 0
+ [[ -z stoleus_rollback_registry_get_count ]]
+ [[ ! stoleus_rollback_registry_get_count =~ ^stoleus_[a-zA-Z0-9_]+$ ]]
+ case "$visibility" in
+ case "$stability" in
+ [[ -z kernel/rollback/registry.sh ]]
+ stoleus_api_exists stoleus_rollback_registry_get_count
+ local function_name=stoleus_rollback_registry_get_count
+ [[ -z stoleus_rollback_registry_get_count ]]
+ [[ -n '' ]]
+ api_index=216
+ STOLEUS_API_FUNCTIONS+=("$function_name")
+ STOLEUS_API_SUBSYSTEMS+=("$subsystem")
+ STOLEUS_API_VISIBILITIES+=("$visibility")
+ STOLEUS_API_STABILITIES+=("$stability")
+ STOLEUS_API_OWNERS+=("$owner")
+ STOLEUS_API_INDEX_BY_FUNCTION["$function_name"]=216
+ return 0
+ stoleus_api_register rollback-registry stoleus_rollback_registry_list public experimental kernel/rollback/registry.sh
+ local subsystem=rollback-registry
+ local function_name=stoleus_rollback_registry_list
+ local visibility=public
+ local stability=experimental
+ local owner=kernel/rollback/registry.sh
+ local api_index=0
+ stoleus_api_validate_identifier rollback-registry subsystem
+ local value=rollback-registry
+ local label=subsystem
+ [[ -z rollback-registry ]]
+ [[ ! rollback-registry =~ ^[a-z][a-z0-9-]*$ ]]
+ return 0
+ [[ -z stoleus_rollback_registry_list ]]
+ [[ ! stoleus_rollback_registry_list =~ ^stoleus_[a-zA-Z0-9_]+$ ]]
+ case "$visibility" in
+ case "$stability" in
+ [[ -z kernel/rollback/registry.sh ]]
+ stoleus_api_exists stoleus_rollback_registry_list
+ local function_name=stoleus_rollback_registry_list
+ [[ -z stoleus_rollback_registry_list ]]
+ [[ -n '' ]]
+ api_index=217
+ STOLEUS_API_FUNCTIONS+=("$function_name")
+ STOLEUS_API_SUBSYSTEMS+=("$subsystem")
+ STOLEUS_API_VISIBILITIES+=("$visibility")
+ STOLEUS_API_STABILITIES+=("$stability")
+ STOLEUS_API_OWNERS+=("$owner")
+ STOLEUS_API_INDEX_BY_FUNCTION["$function_name"]=217
+ return 0
+ stoleus_api_register rollback-registry stoleus_rollback_registry_is_frozen public experimental kernel/rollback/registry.sh
+ local subsystem=rollback-registry
+ local function_name=stoleus_rollback_registry_is_frozen
+ local visibility=public
+ local stability=experimental
+ local owner=kernel/rollback/registry.sh
+ local api_index=0
+ stoleus_api_validate_identifier rollback-registry subsystem
+ local value=rollback-registry
+ local label=subsystem
+ [[ -z rollback-registry ]]
+ [[ ! rollback-registry =~ ^[a-z][a-z0-9-]*$ ]]
+ return 0
+ [[ -z stoleus_rollback_registry_is_frozen ]]
+ [[ ! stoleus_rollback_registry_is_frozen =~ ^stoleus_[a-zA-Z0-9_]+$ ]]
+ case "$visibility" in
+ case "$stability" in
+ [[ -z kernel/rollback/registry.sh ]]
+ stoleus_api_exists stoleus_rollback_registry_is_frozen
+ local function_name=stoleus_rollback_registry_is_frozen
+ [[ -z stoleus_rollback_registry_is_frozen ]]
+ [[ -n '' ]]
+ api_index=218
+ STOLEUS_API_FUNCTIONS+=("$function_name")
+ STOLEUS_API_SUBSYSTEMS+=("$subsystem")
+ STOLEUS_API_VISIBILITIES+=("$visibility")
+ STOLEUS_API_STABILITIES+=("$stability")
+ STOLEUS_API_OWNERS+=("$owner")
+ STOLEUS_API_INDEX_BY_FUNCTION["$function_name"]=218
+ return 0
+ stoleus_api_register rollback-registry stoleus_rollback_registry_reset public experimental kernel/rollback/registry.sh
+ local subsystem=rollback-registry
+ local function_name=stoleus_rollback_registry_reset
+ local visibility=public
+ local stability=experimental
+ local owner=kernel/rollback/registry.sh
+ local api_index=0
+ stoleus_api_validate_identifier rollback-registry subsystem
+ local value=rollback-registry
+ local label=subsystem
+ [[ -z rollback-registry ]]
+ [[ ! rollback-registry =~ ^[a-z][a-z0-9-]*$ ]]
+ return 0
+ [[ -z stoleus_rollback_registry_reset ]]
+ [[ ! stoleus_rollback_registry_reset =~ ^stoleus_[a-zA-Z0-9_]+$ ]]
+ case "$visibility" in
+ case "$stability" in
+ [[ -z kernel/rollback/registry.sh ]]
+ stoleus_api_exists stoleus_rollback_registry_reset
+ local function_name=stoleus_rollback_registry_reset
+ [[ -z stoleus_rollback_registry_reset ]]
+ [[ -n '' ]]
+ api_index=219
+ STOLEUS_API_FUNCTIONS+=("$function_name")
+ STOLEUS_API_SUBSYSTEMS+=("$subsystem")
+ STOLEUS_API_VISIBILITIES+=("$visibility")
+ STOLEUS_API_STABILITIES+=("$stability")
+ STOLEUS_API_OWNERS+=("$owner")
+ STOLEUS_API_INDEX_BY_FUNCTION["$function_name"]=219
+ return 0
+ stoleus_api_register lifecycle stoleus_lifecycle_initialize internal internal kernel/lifecycle/lifecycle.sh
+ local subsystem=lifecycle
+ local function_name=stoleus_lifecycle_initialize
+ local visibility=internal
+ local stability=internal
+ local owner=kernel/lifecycle/lifecycle.sh
+ local api_index=0
+ stoleus_api_validate_identifier lifecycle subsystem
+ local value=lifecycle
+ local label=subsystem
+ [[ -z lifecycle ]]
+ [[ ! lifecycle =~ ^[a-z][a-z0-9-]*$ ]]
+ return 0
+ [[ -z stoleus_lifecycle_initialize ]]
+ [[ ! stoleus_lifecycle_initialize =~ ^stoleus_[a-zA-Z0-9_]+$ ]]
+ case "$visibility" in
+ case "$stability" in
+ [[ -z kernel/lifecycle/lifecycle.sh ]]
+ stoleus_api_exists stoleus_lifecycle_initialize
+ local function_name=stoleus_lifecycle_initialize
+ [[ -z stoleus_lifecycle_initialize ]]
+ [[ -n '' ]]
+ api_index=220
+ STOLEUS_API_FUNCTIONS+=("$function_name")
+ STOLEUS_API_SUBSYSTEMS+=("$subsystem")
+ STOLEUS_API_VISIBILITIES+=("$visibility")
+ STOLEUS_API_STABILITIES+=("$stability")
+ STOLEUS_API_OWNERS+=("$owner")
+ STOLEUS_API_INDEX_BY_FUNCTION["$function_name"]=220
+ return 0
+ stoleus_api_register lifecycle stoleus_lifecycle_load_plugin public stable kernel/lifecycle/lifecycle.sh
+ local subsystem=lifecycle
+ local function_name=stoleus_lifecycle_load_plugin
+ local visibility=public
+ local stability=stable
+ local owner=kernel/lifecycle/lifecycle.sh
+ local api_index=0
+ stoleus_api_validate_identifier lifecycle subsystem
+ local value=lifecycle
+ local label=subsystem
+ [[ -z lifecycle ]]
+ [[ ! lifecycle =~ ^[a-z][a-z0-9-]*$ ]]
+ return 0
+ [[ -z stoleus_lifecycle_load_plugin ]]
+ [[ ! stoleus_lifecycle_load_plugin =~ ^stoleus_[a-zA-Z0-9_]+$ ]]
+ case "$visibility" in
+ case "$stability" in
+ [[ -z kernel/lifecycle/lifecycle.sh ]]
+ stoleus_api_exists stoleus_lifecycle_load_plugin
+ local function_name=stoleus_lifecycle_load_plugin
+ [[ -z stoleus_lifecycle_load_plugin ]]
+ [[ -n '' ]]
+ api_index=221
+ STOLEUS_API_FUNCTIONS+=("$function_name")
+ STOLEUS_API_SUBSYSTEMS+=("$subsystem")
+ STOLEUS_API_VISIBILITIES+=("$visibility")
+ STOLEUS_API_STABILITIES+=("$stability")
+ STOLEUS_API_OWNERS+=("$owner")
+ STOLEUS_API_INDEX_BY_FUNCTION["$function_name"]=221
+ return 0
+ stoleus_api_register lifecycle stoleus_lifecycle_is_plugin_loaded public stable kernel/lifecycle/lifecycle.sh
+ local subsystem=lifecycle
+ local function_name=stoleus_lifecycle_is_plugin_loaded
+ local visibility=public
+ local stability=stable
+ local owner=kernel/lifecycle/lifecycle.sh
+ local api_index=0
+ stoleus_api_validate_identifier lifecycle subsystem
+ local value=lifecycle
+ local label=subsystem
+ [[ -z lifecycle ]]
+ [[ ! lifecycle =~ ^[a-z][a-z0-9-]*$ ]]
+ return 0
+ [[ -z stoleus_lifecycle_is_plugin_loaded ]]
+ [[ ! stoleus_lifecycle_is_plugin_loaded =~ ^stoleus_[a-zA-Z0-9_]+$ ]]
+ case "$visibility" in
+ case "$stability" in
+ [[ -z kernel/lifecycle/lifecycle.sh ]]
+ stoleus_api_exists stoleus_lifecycle_is_plugin_loaded
+ local function_name=stoleus_lifecycle_is_plugin_loaded
+ [[ -z stoleus_lifecycle_is_plugin_loaded ]]
+ [[ -n '' ]]
+ api_index=222
+ STOLEUS_API_FUNCTIONS+=("$function_name")
+ STOLEUS_API_SUBSYSTEMS+=("$subsystem")
+ STOLEUS_API_VISIBILITIES+=("$visibility")
+ STOLEUS_API_STABILITIES+=("$stability")
+ STOLEUS_API_OWNERS+=("$owner")
+ STOLEUS_API_INDEX_BY_FUNCTION["$function_name"]=222
+ return 0
+ stoleus_api_register lifecycle stoleus_lifecycle_invoke internal internal kernel/lifecycle/lifecycle.sh
+ local subsystem=lifecycle
+ local function_name=stoleus_lifecycle_invoke
+ local visibility=internal
+ local stability=internal
+ local owner=kernel/lifecycle/lifecycle.sh
+ local api_index=0
+ stoleus_api_validate_identifier lifecycle subsystem
+ local value=lifecycle
+ local label=subsystem
+ [[ -z lifecycle ]]
+ [[ ! lifecycle =~ ^[a-z][a-z0-9-]*$ ]]
+ return 0
+ [[ -z stoleus_lifecycle_invoke ]]
+ [[ ! stoleus_lifecycle_invoke =~ ^stoleus_[a-zA-Z0-9_]+$ ]]
+ case "$visibility" in
+ case "$stability" in
+ [[ -z kernel/lifecycle/lifecycle.sh ]]
+ stoleus_api_exists stoleus_lifecycle_invoke
+ local function_name=stoleus_lifecycle_invoke
+ [[ -z stoleus_lifecycle_invoke ]]
+ [[ -n '' ]]
+ api_index=223
+ STOLEUS_API_FUNCTIONS+=("$function_name")
+ STOLEUS_API_SUBSYSTEMS+=("$subsystem")
+ STOLEUS_API_VISIBILITIES+=("$visibility")
+ STOLEUS_API_STABILITIES+=("$stability")
+ STOLEUS_API_OWNERS+=("$owner")
+ STOLEUS_API_INDEX_BY_FUNCTION["$function_name"]=223
+ return 0
+ stoleus_api_register lifecycle stoleus_lifecycle_invoke_function internal internal kernel/lifecycle/lifecycle.sh
+ local subsystem=lifecycle
+ local function_name=stoleus_lifecycle_invoke_function
+ local visibility=internal
+ local stability=internal
+ local owner=kernel/lifecycle/lifecycle.sh
+ local api_index=0
+ stoleus_api_validate_identifier lifecycle subsystem
+ local value=lifecycle
+ local label=subsystem
+ [[ -z lifecycle ]]
+ [[ ! lifecycle =~ ^[a-z][a-z0-9-]*$ ]]
+ return 0
+ [[ -z stoleus_lifecycle_invoke_function ]]
+ [[ ! stoleus_lifecycle_invoke_function =~ ^stoleus_[a-zA-Z0-9_]+$ ]]
+ case "$visibility" in
+ case "$stability" in
+ [[ -z kernel/lifecycle/lifecycle.sh ]]
+ stoleus_api_exists stoleus_lifecycle_invoke_function
+ local function_name=stoleus_lifecycle_invoke_function
+ [[ -z stoleus_lifecycle_invoke_function ]]
+ [[ -n '' ]]
+ api_index=224
+ STOLEUS_API_FUNCTIONS+=("$function_name")
+ STOLEUS_API_SUBSYSTEMS+=("$subsystem")
+ STOLEUS_API_VISIBILITIES+=("$visibility")
+ STOLEUS_API_STABILITIES+=("$stability")
+ STOLEUS_API_OWNERS+=("$owner")
+ STOLEUS_API_INDEX_BY_FUNCTION["$function_name"]=224
+ return 0
+ stoleus_api_register lifecycle stoleus_lifecycle_get_loaded public stable kernel/lifecycle/lifecycle.sh
+ local subsystem=lifecycle
+ local function_name=stoleus_lifecycle_get_loaded
+ local visibility=public
+ local stability=stable
+ local owner=kernel/lifecycle/lifecycle.sh
+ local api_index=0
+ stoleus_api_validate_identifier lifecycle subsystem
+ local value=lifecycle
+ local label=subsystem
+ [[ -z lifecycle ]]
+ [[ ! lifecycle =~ ^[a-z][a-z0-9-]*$ ]]
+ return 0
+ [[ -z stoleus_lifecycle_get_loaded ]]
+ [[ ! stoleus_lifecycle_get_loaded =~ ^stoleus_[a-zA-Z0-9_]+$ ]]
+ case "$visibility" in
+ case "$stability" in
+ [[ -z kernel/lifecycle/lifecycle.sh ]]
+ stoleus_api_exists stoleus_lifecycle_get_loaded
+ local function_name=stoleus_lifecycle_get_loaded
+ [[ -z stoleus_lifecycle_get_loaded ]]
+ [[ -n '' ]]
+ api_index=225
+ STOLEUS_API_FUNCTIONS+=("$function_name")
+ STOLEUS_API_SUBSYSTEMS+=("$subsystem")
+ STOLEUS_API_VISIBILITIES+=("$visibility")
+ STOLEUS_API_STABILITIES+=("$stability")
+ STOLEUS_API_OWNERS+=("$owner")
+ STOLEUS_API_INDEX_BY_FUNCTION["$function_name"]=225
+ return 0
+ stoleus_api_register lifecycle stoleus_lifecycle_reset public stable kernel/lifecycle/lifecycle.sh
+ local subsystem=lifecycle
+ local function_name=stoleus_lifecycle_reset
+ local visibility=public
+ local stability=stable
+ local owner=kernel/lifecycle/lifecycle.sh
+ local api_index=0
+ stoleus_api_validate_identifier lifecycle subsystem
+ local value=lifecycle
+ local label=subsystem
+ [[ -z lifecycle ]]
+ [[ ! lifecycle =~ ^[a-z][a-z0-9-]*$ ]]
+ return 0
+ [[ -z stoleus_lifecycle_reset ]]
+ [[ ! stoleus_lifecycle_reset =~ ^stoleus_[a-zA-Z0-9_]+$ ]]
+ case "$visibility" in
+ case "$stability" in
+ [[ -z kernel/lifecycle/lifecycle.sh ]]
+ stoleus_api_exists stoleus_lifecycle_reset
+ local function_name=stoleus_lifecycle_reset
+ [[ -z stoleus_lifecycle_reset ]]
+ [[ -n '' ]]
+ api_index=226
+ STOLEUS_API_FUNCTIONS+=("$function_name")
+ STOLEUS_API_SUBSYSTEMS+=("$subsystem")
+ STOLEUS_API_VISIBILITIES+=("$visibility")
+ STOLEUS_API_STABILITIES+=("$stability")
+ STOLEUS_API_OWNERS+=("$owner")
+ STOLEUS_API_INDEX_BY_FUNCTION["$function_name"]=226
+ return 0
+ stoleus_api_register execution-result-registry stoleus_execution_result_registry_get_field internal internal kernel/execution/result_registry.sh
+ local subsystem=execution-result-registry
+ local function_name=stoleus_execution_result_registry_get_field
+ local visibility=internal
+ local stability=internal
+ local owner=kernel/execution/result_registry.sh
+ local api_index=0
+ stoleus_api_validate_identifier execution-result-registry subsystem
+ local value=execution-result-registry
+ local label=subsystem
+ [[ -z execution-result-registry ]]
+ [[ ! execution-result-registry =~ ^[a-z][a-z0-9-]*$ ]]
+ return 0
+ [[ -z stoleus_execution_result_registry_get_field ]]
+ [[ ! stoleus_execution_result_registry_get_field =~ ^stoleus_[a-zA-Z0-9_]+$ ]]
+ case "$visibility" in
+ case "$stability" in
+ [[ -z kernel/execution/result_registry.sh ]]
+ stoleus_api_exists stoleus_execution_result_registry_get_field
+ local function_name=stoleus_execution_result_registry_get_field
+ [[ -z stoleus_execution_result_registry_get_field ]]
+ [[ -n '' ]]
+ api_index=227
+ STOLEUS_API_FUNCTIONS+=("$function_name")
+ STOLEUS_API_SUBSYSTEMS+=("$subsystem")
+ STOLEUS_API_VISIBILITIES+=("$visibility")
+ STOLEUS_API_STABILITIES+=("$stability")
+ STOLEUS_API_OWNERS+=("$owner")
+ STOLEUS_API_INDEX_BY_FUNCTION["$function_name"]=227
+ return 0
+ stoleus_api_register execution-result-registry stoleus_execution_result_registry_is_successful internal internal kernel/execution/result_registry.sh
+ local subsystem=execution-result-registry
+ local function_name=stoleus_execution_result_registry_is_successful
+ local visibility=internal
+ local stability=internal
+ local owner=kernel/execution/result_registry.sh
+ local api_index=0
+ stoleus_api_validate_identifier execution-result-registry subsystem
+ local value=execution-result-registry
+ local label=subsystem
+ [[ -z execution-result-registry ]]
+ [[ ! execution-result-registry =~ ^[a-z][a-z0-9-]*$ ]]
+ return 0
+ [[ -z stoleus_execution_result_registry_is_successful ]]
+ [[ ! stoleus_execution_result_registry_is_successful =~ ^stoleus_[a-zA-Z0-9_]+$ ]]
+ case "$visibility" in
+ case "$stability" in
+ [[ -z kernel/execution/result_registry.sh ]]
+ stoleus_api_exists stoleus_execution_result_registry_is_successful
+ local function_name=stoleus_execution_result_registry_is_successful
+ [[ -z stoleus_execution_result_registry_is_successful ]]
+ [[ -n '' ]]
+ api_index=228
+ STOLEUS_API_FUNCTIONS+=("$function_name")
+ STOLEUS_API_SUBSYSTEMS+=("$subsystem")
+ STOLEUS_API_VISIBILITIES+=("$visibility")
+ STOLEUS_API_STABILITIES+=("$stability")
+ STOLEUS_API_OWNERS+=("$owner")
+ STOLEUS_API_INDEX_BY_FUNCTION["$function_name"]=228
+ return 0
+ stoleus_api_register execution-coordinator stoleus_execution_coordinator_initialize internal internal kernel/execution/coordinator.sh
+ local subsystem=execution-coordinator
+ local function_name=stoleus_execution_coordinator_initialize
+ local visibility=internal
+ local stability=internal
+ local owner=kernel/execution/coordinator.sh
+ local api_index=0
+ stoleus_api_validate_identifier execution-coordinator subsystem
+ local value=execution-coordinator
+ local label=subsystem
+ [[ -z execution-coordinator ]]
+ [[ ! execution-coordinator =~ ^[a-z][a-z0-9-]*$ ]]
+ return 0
+ [[ -z stoleus_execution_coordinator_initialize ]]
+ [[ ! stoleus_execution_coordinator_initialize =~ ^stoleus_[a-zA-Z0-9_]+$ ]]
+ case "$visibility" in
+ case "$stability" in
+ [[ -z kernel/execution/coordinator.sh ]]
+ stoleus_api_exists stoleus_execution_coordinator_initialize
+ local function_name=stoleus_execution_coordinator_initialize
+ [[ -z stoleus_execution_coordinator_initialize ]]
+ [[ -n '' ]]
+ api_index=229
+ STOLEUS_API_FUNCTIONS+=("$function_name")
+ STOLEUS_API_SUBSYSTEMS+=("$subsystem")
+ STOLEUS_API_VISIBILITIES+=("$visibility")
+ STOLEUS_API_STABILITIES+=("$stability")
+ STOLEUS_API_OWNERS+=("$owner")
+ STOLEUS_API_INDEX_BY_FUNCTION["$function_name"]=229
+ return 0
+ stoleus_api_register execution-coordinator stoleus_execution_coordinator_finalize_success internal internal kernel/execution/coordinator.sh
+ local subsystem=execution-coordinator
+ local function_name=stoleus_execution_coordinator_finalize_success
+ local visibility=internal
+ local stability=internal
+ local owner=kernel/execution/coordinator.sh
+ local api_index=0
+ stoleus_api_validate_identifier execution-coordinator subsystem
+ local value=execution-coordinator
+ local label=subsystem
+ [[ -z execution-coordinator ]]
+ [[ ! execution-coordinator =~ ^[a-z][a-z0-9-]*$ ]]
+ return 0
+ [[ -z stoleus_execution_coordinator_finalize_success ]]
+ [[ ! stoleus_execution_coordinator_finalize_success =~ ^stoleus_[a-zA-Z0-9_]+$ ]]
+ case "$visibility" in
+ case "$stability" in
+ [[ -z kernel/execution/coordinator.sh ]]
+ stoleus_api_exists stoleus_execution_coordinator_finalize_success
+ local function_name=stoleus_execution_coordinator_finalize_success
+ [[ -z stoleus_execution_coordinator_finalize_success ]]
+ [[ -n '' ]]
+ api_index=230
+ STOLEUS_API_FUNCTIONS+=("$function_name")
+ STOLEUS_API_SUBSYSTEMS+=("$subsystem")
+ STOLEUS_API_VISIBILITIES+=("$visibility")
+ STOLEUS_API_STABILITIES+=("$stability")
+ STOLEUS_API_OWNERS+=("$owner")
+ STOLEUS_API_INDEX_BY_FUNCTION["$function_name"]=230
+ return 0
+ stoleus_api_register execution-coordinator stoleus_execution_coordinator_finalize_failure internal internal kernel/execution/coordinator.sh
+ local subsystem=execution-coordinator
+ local function_name=stoleus_execution_coordinator_finalize_failure
+ local visibility=internal
+ local stability=internal
+ local owner=kernel/execution/coordinator.sh
+ local api_index=0
+ stoleus_api_validate_identifier execution-coordinator subsystem
+ local value=execution-coordinator
+ local label=subsystem
+ [[ -z execution-coordinator ]]
+ [[ ! execution-coordinator =~ ^[a-z][a-z0-9-]*$ ]]
+ return 0
+ [[ -z stoleus_execution_coordinator_finalize_failure ]]
+ [[ ! stoleus_execution_coordinator_finalize_failure =~ ^stoleus_[a-zA-Z0-9_]+$ ]]
+ case "$visibility" in
+ case "$stability" in
+ [[ -z kernel/execution/coordinator.sh ]]
+ stoleus_api_exists stoleus_execution_coordinator_finalize_failure
+ local function_name=stoleus_execution_coordinator_finalize_failure
+ [[ -z stoleus_execution_coordinator_finalize_failure ]]
+ [[ -n '' ]]
+ api_index=231
+ STOLEUS_API_FUNCTIONS+=("$function_name")
+ STOLEUS_API_SUBSYSTEMS+=("$subsystem")
+ STOLEUS_API_VISIBILITIES+=("$visibility")
+ STOLEUS_API_STABILITIES+=("$stability")
+ STOLEUS_API_OWNERS+=("$owner")
+ STOLEUS_API_INDEX_BY_FUNCTION["$function_name"]=231
+ return 0
+ stoleus_api_register execution-coordinator stoleus_execution_coordinator_run_automatic_rollback internal internal kernel/execution/coordinator.sh
+ local subsystem=execution-coordinator
+ local function_name=stoleus_execution_coordinator_run_automatic_rollback
+ local visibility=internal
+ local stability=internal
+ local owner=kernel/execution/coordinator.sh
+ local api_index=0
+ stoleus_api_validate_identifier execution-coordinator subsystem
+ local value=execution-coordinator
+ local label=subsystem
+ [[ -z execution-coordinator ]]
+ [[ ! execution-coordinator =~ ^[a-z][a-z0-9-]*$ ]]
+ return 0
+ [[ -z stoleus_execution_coordinator_run_automatic_rollback ]]
+ [[ ! stoleus_execution_coordinator_run_automatic_rollback =~ ^stoleus_[a-zA-Z0-9_]+$ ]]
+ case "$visibility" in
+ case "$stability" in
+ [[ -z kernel/execution/coordinator.sh ]]
+ stoleus_api_exists stoleus_execution_coordinator_run_automatic_rollback
+ local function_name=stoleus_execution_coordinator_run_automatic_rollback
+ [[ -z stoleus_execution_coordinator_run_automatic_rollback ]]
+ [[ -n '' ]]
+ api_index=232
+ STOLEUS_API_FUNCTIONS+=("$function_name")
+ STOLEUS_API_SUBSYSTEMS+=("$subsystem")
+ STOLEUS_API_VISIBILITIES+=("$visibility")
+ STOLEUS_API_STABILITIES+=("$stability")
+ STOLEUS_API_OWNERS+=("$owner")
+ STOLEUS_API_INDEX_BY_FUNCTION["$function_name"]=232
+ return 0
+ stoleus_api_register execution stoleus_execution_initialize internal internal kernel/execution/execution.sh
+ local subsystem=execution
+ local function_name=stoleus_execution_initialize
+ local visibility=internal
+ local stability=internal
+ local owner=kernel/execution/execution.sh
+ local api_index=0
+ stoleus_api_validate_identifier execution subsystem
+ local value=execution
+ local label=subsystem
+ [[ -z execution ]]
+ [[ ! execution =~ ^[a-z][a-z0-9-]*$ ]]
+ return 0
+ [[ -z stoleus_execution_initialize ]]
+ [[ ! stoleus_execution_initialize =~ ^stoleus_[a-zA-Z0-9_]+$ ]]
+ case "$visibility" in
+ case "$stability" in
+ [[ -z kernel/execution/execution.sh ]]
+ stoleus_api_exists stoleus_execution_initialize
+ local function_name=stoleus_execution_initialize
+ [[ -z stoleus_execution_initialize ]]
+ [[ -n '' ]]
+ api_index=233
+ STOLEUS_API_FUNCTIONS+=("$function_name")
+ STOLEUS_API_SUBSYSTEMS+=("$subsystem")
+ STOLEUS_API_VISIBILITIES+=("$visibility")
+ STOLEUS_API_STABILITIES+=("$stability")
+ STOLEUS_API_OWNERS+=("$owner")
+ STOLEUS_API_INDEX_BY_FUNCTION["$function_name"]=233
+ return 0
+ stoleus_api_register execution stoleus_execution_execute_plan public stable kernel/execution/execution.sh
+ local subsystem=execution
+ local function_name=stoleus_execution_execute_plan
+ local visibility=public
+ local stability=stable
+ local owner=kernel/execution/execution.sh
+ local api_index=0
+ stoleus_api_validate_identifier execution subsystem
+ local value=execution
+ local label=subsystem
+ [[ -z execution ]]
+ [[ ! execution =~ ^[a-z][a-z0-9-]*$ ]]
+ return 0
+ [[ -z stoleus_execution_execute_plan ]]
+ [[ ! stoleus_execution_execute_plan =~ ^stoleus_[a-zA-Z0-9_]+$ ]]
+ case "$visibility" in
+ case "$stability" in
+ [[ -z kernel/execution/execution.sh ]]
+ stoleus_api_exists stoleus_execution_execute_plan
+ local function_name=stoleus_execution_execute_plan
+ [[ -z stoleus_execution_execute_plan ]]
+ [[ -n '' ]]
+ api_index=234
+ STOLEUS_API_FUNCTIONS+=("$function_name")
+ STOLEUS_API_SUBSYSTEMS+=("$subsystem")
+ STOLEUS_API_VISIBILITIES+=("$visibility")
+ STOLEUS_API_STABILITIES+=("$stability")
+ STOLEUS_API_OWNERS+=("$owner")
+ STOLEUS_API_INDEX_BY_FUNCTION["$function_name"]=234
+ return 0
+ stoleus_api_register execution stoleus_execution_get_results public stable kernel/execution/execution.sh
+ local subsystem=execution
+ local function_name=stoleus_execution_get_results
+ local visibility=public
+ local stability=stable
+ local owner=kernel/execution/execution.sh
+ local api_index=0
+ stoleus_api_validate_identifier execution subsystem
+ local value=execution
+ local label=subsystem
+ [[ -z execution ]]
+ [[ ! execution =~ ^[a-z][a-z0-9-]*$ ]]
+ return 0
+ [[ -z stoleus_execution_get_results ]]
+ [[ ! stoleus_execution_get_results =~ ^stoleus_[a-zA-Z0-9_]+$ ]]
+ case "$visibility" in
+ case "$stability" in
+ [[ -z kernel/execution/execution.sh ]]
+ stoleus_api_exists stoleus_execution_get_results
+ local function_name=stoleus_execution_get_results
+ [[ -z stoleus_execution_get_results ]]
+ [[ -n '' ]]
+ api_index=235
+ STOLEUS_API_FUNCTIONS+=("$function_name")
+ STOLEUS_API_SUBSYSTEMS+=("$subsystem")
+ STOLEUS_API_VISIBILITIES+=("$visibility")
+ STOLEUS_API_STABILITIES+=("$stability")
+ STOLEUS_API_OWNERS+=("$owner")
+ STOLEUS_API_INDEX_BY_FUNCTION["$function_name"]=235
+ return 0
+ stoleus_api_register execution stoleus_execution_get_detailed_results public experimental kernel/execution/execution.sh
+ local subsystem=execution
+ local function_name=stoleus_execution_get_detailed_results
+ local visibility=public
+ local stability=experimental
+ local owner=kernel/execution/execution.sh
+ local api_index=0
+ stoleus_api_validate_identifier execution subsystem
+ local value=execution
+ local label=subsystem
+ [[ -z execution ]]
+ [[ ! execution =~ ^[a-z][a-z0-9-]*$ ]]
+ return 0
+ [[ -z stoleus_execution_get_detailed_results ]]
+ [[ ! stoleus_execution_get_detailed_results =~ ^stoleus_[a-zA-Z0-9_]+$ ]]
+ case "$visibility" in
+ case "$stability" in
+ [[ -z kernel/execution/execution.sh ]]
+ stoleus_api_exists stoleus_execution_get_detailed_results
+ local function_name=stoleus_execution_get_detailed_results
+ [[ -z stoleus_execution_get_detailed_results ]]
+ [[ -n '' ]]
+ api_index=236
+ STOLEUS_API_FUNCTIONS+=("$function_name")
+ STOLEUS_API_SUBSYSTEMS+=("$subsystem")
+ STOLEUS_API_VISIBILITIES+=("$visibility")
+ STOLEUS_API_STABILITIES+=("$stability")
+ STOLEUS_API_OWNERS+=("$owner")
+ STOLEUS_API_INDEX_BY_FUNCTION["$function_name"]=236
+ return 0
+ stoleus_api_register execution stoleus_execution_get_session public experimental kernel/execution/execution.sh
+ local subsystem=execution
+ local function_name=stoleus_execution_get_session
+ local visibility=public
+ local stability=experimental
+ local owner=kernel/execution/execution.sh
+ local api_index=0
+ stoleus_api_validate_identifier execution subsystem
+ local value=execution
+ local label=subsystem
+ [[ -z execution ]]
+ [[ ! execution =~ ^[a-z][a-z0-9-]*$ ]]
+ return 0
+ [[ -z stoleus_execution_get_session ]]
+ [[ ! stoleus_execution_get_session =~ ^stoleus_[a-zA-Z0-9_]+$ ]]
+ case "$visibility" in
+ case "$stability" in
+ [[ -z kernel/execution/execution.sh ]]
+ stoleus_api_exists stoleus_execution_get_session
+ local function_name=stoleus_execution_get_session
+ [[ -z stoleus_execution_get_session ]]
+ [[ -n '' ]]
+ api_index=237
+ STOLEUS_API_FUNCTIONS+=("$function_name")
+ STOLEUS_API_SUBSYSTEMS+=("$subsystem")
+ STOLEUS_API_VISIBILITIES+=("$visibility")
+ STOLEUS_API_STABILITIES+=("$stability")
+ STOLEUS_API_OWNERS+=("$owner")
+ STOLEUS_API_INDEX_BY_FUNCTION["$function_name"]=237
+ return 0
+ stoleus_api_register execution stoleus_execution_reset public stable kernel/execution/execution.sh
+ local subsystem=execution
+ local function_name=stoleus_execution_reset
+ local visibility=public
+ local stability=stable
+ local owner=kernel/execution/execution.sh
+ local api_index=0
+ stoleus_api_validate_identifier execution subsystem
+ local value=execution
+ local label=subsystem
+ [[ -z execution ]]
+ [[ ! execution =~ ^[a-z][a-z0-9-]*$ ]]
+ return 0
+ [[ -z stoleus_execution_reset ]]
+ [[ ! stoleus_execution_reset =~ ^stoleus_[a-zA-Z0-9_]+$ ]]
+ case "$visibility" in
+ case "$stability" in
+ [[ -z kernel/execution/execution.sh ]]
+ stoleus_api_exists stoleus_execution_reset
+ local function_name=stoleus_execution_reset
+ [[ -z stoleus_execution_reset ]]
+ [[ -n '' ]]
+ api_index=238
+ STOLEUS_API_FUNCTIONS+=("$function_name")
+ STOLEUS_API_SUBSYSTEMS+=("$subsystem")
+ STOLEUS_API_VISIBILITIES+=("$visibility")
+ STOLEUS_API_STABILITIES+=("$stability")
+ STOLEUS_API_OWNERS+=("$owner")
+ STOLEUS_API_INDEX_BY_FUNCTION["$function_name"]=238
+ return 0
+ stoleus_api_register api stoleus_api_initialize public stable kernel/api/api.sh
+ local subsystem=api
+ local function_name=stoleus_api_initialize
+ local visibility=public
+ local stability=stable
+ local owner=kernel/api/api.sh
+ local api_index=0
+ stoleus_api_validate_identifier api subsystem
+ local value=api
+ local label=subsystem
+ [[ -z api ]]
+ [[ ! api =~ ^[a-z][a-z0-9-]*$ ]]
+ return 0
+ [[ -z stoleus_api_initialize ]]
+ [[ ! stoleus_api_initialize =~ ^stoleus_[a-zA-Z0-9_]+$ ]]
+ case "$visibility" in
+ case "$stability" in
+ [[ -z kernel/api/api.sh ]]
+ stoleus_api_exists stoleus_api_initialize
+ local function_name=stoleus_api_initialize
+ [[ -z stoleus_api_initialize ]]
+ [[ -n '' ]]
+ api_index=239
+ STOLEUS_API_FUNCTIONS+=("$function_name")
+ STOLEUS_API_SUBSYSTEMS+=("$subsystem")
+ STOLEUS_API_VISIBILITIES+=("$visibility")
+ STOLEUS_API_STABILITIES+=("$stability")
+ STOLEUS_API_OWNERS+=("$owner")
+ STOLEUS_API_INDEX_BY_FUNCTION["$function_name"]=239
+ return 0
+ stoleus_api_register api stoleus_api_register public stable kernel/api/api.sh
+ local subsystem=api
+ local function_name=stoleus_api_register
+ local visibility=public
+ local stability=stable
+ local owner=kernel/api/api.sh
+ local api_index=0
+ stoleus_api_validate_identifier api subsystem
+ local value=api
+ local label=subsystem
+ [[ -z api ]]
+ [[ ! api =~ ^[a-z][a-z0-9-]*$ ]]
+ return 0
+ [[ -z stoleus_api_register ]]
+ [[ ! stoleus_api_register =~ ^stoleus_[a-zA-Z0-9_]+$ ]]
+ case "$visibility" in
+ case "$stability" in
+ [[ -z kernel/api/api.sh ]]
+ stoleus_api_exists stoleus_api_register
+ local function_name=stoleus_api_register
+ [[ -z stoleus_api_register ]]
+ [[ -n '' ]]
+ api_index=240
+ STOLEUS_API_FUNCTIONS+=("$function_name")
+ STOLEUS_API_SUBSYSTEMS+=("$subsystem")
+ STOLEUS_API_VISIBILITIES+=("$visibility")
+ STOLEUS_API_STABILITIES+=("$stability")
+ STOLEUS_API_OWNERS+=("$owner")
+ STOLEUS_API_INDEX_BY_FUNCTION["$function_name"]=240
+ return 0
+ stoleus_api_register api stoleus_api_exists public stable kernel/api/api.sh
+ local subsystem=api
+ local function_name=stoleus_api_exists
+ local visibility=public
+ local stability=stable
+ local owner=kernel/api/api.sh
+ local api_index=0
+ stoleus_api_validate_identifier api subsystem
+ local value=api
+ local label=subsystem
+ [[ -z api ]]
+ [[ ! api =~ ^[a-z][a-z0-9-]*$ ]]
+ return 0
+ [[ -z stoleus_api_exists ]]
+ [[ ! stoleus_api_exists =~ ^stoleus_[a-zA-Z0-9_]+$ ]]
+ case "$visibility" in
+ case "$stability" in
+ [[ -z kernel/api/api.sh ]]
+ stoleus_api_exists stoleus_api_exists
+ local function_name=stoleus_api_exists
+ [[ -z stoleus_api_exists ]]
+ [[ -n '' ]]
+ api_index=241
+ STOLEUS_API_FUNCTIONS+=("$function_name")
+ STOLEUS_API_SUBSYSTEMS+=("$subsystem")
+ STOLEUS_API_VISIBILITIES+=("$visibility")
+ STOLEUS_API_STABILITIES+=("$stability")
+ STOLEUS_API_OWNERS+=("$owner")
+ STOLEUS_API_INDEX_BY_FUNCTION["$function_name"]=241
+ return 0
+ stoleus_api_register api stoleus_api_get_field public stable kernel/api/api.sh
+ local subsystem=api
+ local function_name=stoleus_api_get_field
+ local visibility=public
+ local stability=stable
+ local owner=kernel/api/api.sh
+ local api_index=0
+ stoleus_api_validate_identifier api subsystem
+ local value=api
+ local label=subsystem
+ [[ -z api ]]
+ [[ ! api =~ ^[a-z][a-z0-9-]*$ ]]
+ return 0
+ [[ -z stoleus_api_get_field ]]
+ [[ ! stoleus_api_get_field =~ ^stoleus_[a-zA-Z0-9_]+$ ]]
+ case "$visibility" in
+ case "$stability" in
+ [[ -z kernel/api/api.sh ]]
+ stoleus_api_exists stoleus_api_get_field
+ local function_name=stoleus_api_get_field
+ [[ -z stoleus_api_get_field ]]
+ [[ -n '' ]]
+ api_index=242
+ STOLEUS_API_FUNCTIONS+=("$function_name")
+ STOLEUS_API_SUBSYSTEMS+=("$subsystem")
+ STOLEUS_API_VISIBILITIES+=("$visibility")
+ STOLEUS_API_STABILITIES+=("$stability")
+ STOLEUS_API_OWNERS+=("$owner")
+ STOLEUS_API_INDEX_BY_FUNCTION["$function_name"]=242
+ return 0
+ stoleus_api_register api stoleus_api_list public stable kernel/api/api.sh
+ local subsystem=api
+ local function_name=stoleus_api_list
+ local visibility=public
+ local stability=stable
+ local owner=kernel/api/api.sh
+ local api_index=0
+ stoleus_api_validate_identifier api subsystem
+ local value=api
+ local label=subsystem
+ [[ -z api ]]
+ [[ ! api =~ ^[a-z][a-z0-9-]*$ ]]
+ return 0
+ [[ -z stoleus_api_list ]]
+ [[ ! stoleus_api_list =~ ^stoleus_[a-zA-Z0-9_]+$ ]]
+ case "$visibility" in
+ case "$stability" in
+ [[ -z kernel/api/api.sh ]]
+ stoleus_api_exists stoleus_api_list
+ local function_name=stoleus_api_list
+ [[ -z stoleus_api_list ]]
+ [[ -n '' ]]
+ api_index=243
+ STOLEUS_API_FUNCTIONS+=("$function_name")
+ STOLEUS_API_SUBSYSTEMS+=("$subsystem")
+ STOLEUS_API_VISIBILITIES+=("$visibility")
+ STOLEUS_API_STABILITIES+=("$stability")
+ STOLEUS_API_OWNERS+=("$owner")
+ STOLEUS_API_INDEX_BY_FUNCTION["$function_name"]=243
+ return 0
+ stoleus_api_register api stoleus_api_list_subsystems public stable kernel/api/api.sh
+ local subsystem=api
+ local function_name=stoleus_api_list_subsystems
+ local visibility=public
+ local stability=stable
+ local owner=kernel/api/api.sh
+ local api_index=0
+ stoleus_api_validate_identifier api subsystem
+ local value=api
+ local label=subsystem
+ [[ -z api ]]
+ [[ ! api =~ ^[a-z][a-z0-9-]*$ ]]
+ return 0
+ [[ -z stoleus_api_list_subsystems ]]
+ [[ ! stoleus_api_list_subsystems =~ ^stoleus_[a-zA-Z0-9_]+$ ]]
+ case "$visibility" in
+ case "$stability" in
+ [[ -z kernel/api/api.sh ]]
+ stoleus_api_exists stoleus_api_list_subsystems
+ local function_name=stoleus_api_list_subsystems
+ [[ -z stoleus_api_list_subsystems ]]
+ [[ -n '' ]]
+ api_index=244
+ STOLEUS_API_FUNCTIONS+=("$function_name")
+ STOLEUS_API_SUBSYSTEMS+=("$subsystem")
+ STOLEUS_API_VISIBILITIES+=("$visibility")
+ STOLEUS_API_STABILITIES+=("$stability")
+ STOLEUS_API_OWNERS+=("$owner")
+ STOLEUS_API_INDEX_BY_FUNCTION["$function_name"]=244
+ return 0
+ stoleus_api_register api stoleus_api_validate public stable kernel/api/api.sh
+ local subsystem=api
+ local function_name=stoleus_api_validate
+ local visibility=public
+ local stability=stable
+ local owner=kernel/api/api.sh
+ local api_index=0
+ stoleus_api_validate_identifier api subsystem
+ local value=api
+ local label=subsystem
+ [[ -z api ]]
+ [[ ! api =~ ^[a-z][a-z0-9-]*$ ]]
+ return 0
+ [[ -z stoleus_api_validate ]]
+ [[ ! stoleus_api_validate =~ ^stoleus_[a-zA-Z0-9_]+$ ]]
+ case "$visibility" in
+ case "$stability" in
+ [[ -z kernel/api/api.sh ]]
+ stoleus_api_exists stoleus_api_validate
+ local function_name=stoleus_api_validate
+ [[ -z stoleus_api_validate ]]
+ [[ -n '' ]]
+ api_index=245
+ STOLEUS_API_FUNCTIONS+=("$function_name")
+ STOLEUS_API_SUBSYSTEMS+=("$subsystem")
+ STOLEUS_API_VISIBILITIES+=("$visibility")
+ STOLEUS_API_STABILITIES+=("$stability")
+ STOLEUS_API_OWNERS+=("$owner")
+ STOLEUS_API_INDEX_BY_FUNCTION["$function_name"]=245
+ return 0
+ stoleus_api_register api stoleus_api_write_snapshot public stable kernel/api/api.sh
+ local subsystem=api
+ local function_name=stoleus_api_write_snapshot
+ local visibility=public
+ local stability=stable
+ local owner=kernel/api/api.sh
+ local api_index=0
+ stoleus_api_validate_identifier api subsystem
+ local value=api
+ local label=subsystem
+ [[ -z api ]]
+ [[ ! api =~ ^[a-z][a-z0-9-]*$ ]]
+ return 0
+ [[ -z stoleus_api_write_snapshot ]]
+ [[ ! stoleus_api_write_snapshot =~ ^stoleus_[a-zA-Z0-9_]+$ ]]
+ case "$visibility" in
+ case "$stability" in
+ [[ -z kernel/api/api.sh ]]
+ stoleus_api_exists stoleus_api_write_snapshot
+ local function_name=stoleus_api_write_snapshot
+ [[ -z stoleus_api_write_snapshot ]]
+ [[ -n '' ]]
+ api_index=246
+ STOLEUS_API_FUNCTIONS+=("$function_name")
+ STOLEUS_API_SUBSYSTEMS+=("$subsystem")
+ STOLEUS_API_VISIBILITIES+=("$visibility")
+ STOLEUS_API_STABILITIES+=("$stability")
+ STOLEUS_API_OWNERS+=("$owner")
+ STOLEUS_API_INDEX_BY_FUNCTION["$function_name"]=246
+ return 0
+ stoleus_api_register api stoleus_api_compare_snapshot public stable kernel/api/api.sh
+ local subsystem=api
+ local function_name=stoleus_api_compare_snapshot
+ local visibility=public
+ local stability=stable
+ local owner=kernel/api/api.sh
+ local api_index=0
+ stoleus_api_validate_identifier api subsystem
+ local value=api
+ local label=subsystem
+ [[ -z api ]]
+ [[ ! api =~ ^[a-z][a-z0-9-]*$ ]]
+ return 0
+ [[ -z stoleus_api_compare_snapshot ]]
+ [[ ! stoleus_api_compare_snapshot =~ ^stoleus_[a-zA-Z0-9_]+$ ]]
+ case "$visibility" in
+ case "$stability" in
+ [[ -z kernel/api/api.sh ]]
+ stoleus_api_exists stoleus_api_compare_snapshot
+ local function_name=stoleus_api_compare_snapshot
+ [[ -z stoleus_api_compare_snapshot ]]
+ [[ -n '' ]]
+ api_index=247
+ STOLEUS_API_FUNCTIONS+=("$function_name")
+ STOLEUS_API_SUBSYSTEMS+=("$subsystem")
+ STOLEUS_API_VISIBILITIES+=("$visibility")
+ STOLEUS_API_STABILITIES+=("$stability")
+ STOLEUS_API_OWNERS+=("$owner")
+ STOLEUS_API_INDEX_BY_FUNCTION["$function_name"]=247
+ return 0
+ stoleus_api_register api stoleus_api_get_count public stable kernel/api/api.sh
+ local subsystem=api
+ local function_name=stoleus_api_get_count
+ local visibility=public
+ local stability=stable
+ local owner=kernel/api/api.sh
+ local api_index=0
+ stoleus_api_validate_identifier api subsystem
+ local value=api
+ local label=subsystem
+ [[ -z api ]]
+ [[ ! api =~ ^[a-z][a-z0-9-]*$ ]]
+ return 0
+ [[ -z stoleus_api_get_count ]]
+ [[ ! stoleus_api_get_count =~ ^stoleus_[a-zA-Z0-9_]+$ ]]
+ case "$visibility" in
+ case "$stability" in
+ [[ -z kernel/api/api.sh ]]
+ stoleus_api_exists stoleus_api_get_count
+ local function_name=stoleus_api_get_count
+ [[ -z stoleus_api_get_count ]]
+ [[ -n '' ]]
+ api_index=248
+ STOLEUS_API_FUNCTIONS+=("$function_name")
+ STOLEUS_API_SUBSYSTEMS+=("$subsystem")
+ STOLEUS_API_VISIBILITIES+=("$visibility")
+ STOLEUS_API_STABILITIES+=("$stability")
+ STOLEUS_API_OWNERS+=("$owner")
+ STOLEUS_API_INDEX_BY_FUNCTION["$function_name"]=248
+ return 0
+ stoleus_api_register api stoleus_api_reset public stable kernel/api/api.sh
+ local subsystem=api
+ local function_name=stoleus_api_reset
+ local visibility=public
+ local stability=stable
+ local owner=kernel/api/api.sh
+ local api_index=0
+ stoleus_api_validate_identifier api subsystem
+ local value=api
+ local label=subsystem
+ [[ -z api ]]
+ [[ ! api =~ ^[a-z][a-z0-9-]*$ ]]
+ return 0
+ [[ -z stoleus_api_reset ]]
+ [[ ! stoleus_api_reset =~ ^stoleus_[a-zA-Z0-9_]+$ ]]
+ case "$visibility" in
+ case "$stability" in
+ [[ -z kernel/api/api.sh ]]
+ stoleus_api_exists stoleus_api_reset
+ local function_name=stoleus_api_reset
+ [[ -z stoleus_api_reset ]]
+ [[ -n '' ]]
+ api_index=249
+ STOLEUS_API_FUNCTIONS+=("$function_name")
+ STOLEUS_API_SUBSYSTEMS+=("$subsystem")
+ STOLEUS_API_VISIBILITIES+=("$visibility")
+ STOLEUS_API_STABILITIES+=("$stability")
+ STOLEUS_API_OWNERS+=("$owner")
+ STOLEUS_API_INDEX_BY_FUNCTION["$function_name"]=249
+ return 0
+ STOLEUS_API_REGISTERED=true
+ return 0
+ stoleus_api_validate
+ local api_index=0
+ local function_name=
+ local visibility=
+ local stability=
+ local owner=
+ local owner_path=
+ for api_index in "${!STOLEUS_API_FUNCTIONS[@]}"
+ function_name=stoleus_kernel_initialize
+ visibility=public
+ stability=stable
+ owner=kernel/kernel.sh
+ owner_path=/c/Users/ivans/Desktop/Projects/TOOLS/tools/kernel/kernel.sh
+ declare -F stoleus_kernel_initialize
+ [[ ! -f /c/Users/ivans/Desktop/Projects/TOOLS/tools/kernel/kernel.sh ]]
+ grep -qE '^stoleus_kernel_initialize\(\)[[:space:]]*\{' /c/Users/ivans/Desktop/Projects/TOOLS/tools/kernel/kernel.sh
+ [[ public == \i\n\t\e\r\n\a\l ]]
+ [[ public != \i\n\t\e\r\n\a\l ]]
+ [[ stable == \i\n\t\e\r\n\a\l ]]
+ for api_index in "${!STOLEUS_API_FUNCTIONS[@]}"
+ function_name=stoleus_kernel_bootstrap
+ visibility=public
+ stability=stable
+ owner=kernel/kernel.sh
+ owner_path=/c/Users/ivans/Desktop/Projects/TOOLS/tools/kernel/kernel.sh
+ declare -F stoleus_kernel_bootstrap
+ [[ ! -f /c/Users/ivans/Desktop/Projects/TOOLS/tools/kernel/kernel.sh ]]
+ grep -qE '^stoleus_kernel_bootstrap\(\)[[:space:]]*\{' /c/Users/ivans/Desktop/Projects/TOOLS/tools/kernel/kernel.sh
+ [[ public == \i\n\t\e\r\n\a\l ]]
+ [[ public != \i\n\t\e\r\n\a\l ]]
+ [[ stable == \i\n\t\e\r\n\a\l ]]
+ for api_index in "${!STOLEUS_API_FUNCTIONS[@]}"
+ function_name=stoleus_kernel_is_ready
+ visibility=public
+ stability=stable
+ owner=kernel/kernel.sh
+ owner_path=/c/Users/ivans/Desktop/Projects/TOOLS/tools/kernel/kernel.sh
+ declare -F stoleus_kernel_is_ready
+ [[ ! -f /c/Users/ivans/Desktop/Projects/TOOLS/tools/kernel/kernel.sh ]]
+ grep -qE '^stoleus_kernel_is_ready\(\)[[:space:]]*\{' /c/Users/ivans/Desktop/Projects/TOOLS/tools/kernel/kernel.sh
+ [[ public == \i\n\t\e\r\n\a\l ]]
+ [[ public != \i\n\t\e\r\n\a\l ]]
+ [[ stable == \i\n\t\e\r\n\a\l ]]
+ for api_index in "${!STOLEUS_API_FUNCTIONS[@]}"
+ function_name=stoleus_kernel_get_status
+ visibility=public
+ stability=stable
+ owner=kernel/kernel.sh
+ owner_path=/c/Users/ivans/Desktop/Projects/TOOLS/tools/kernel/kernel.sh
+ declare -F stoleus_kernel_get_status
+ [[ ! -f /c/Users/ivans/Desktop/Projects/TOOLS/tools/kernel/kernel.sh ]]
+ grep -qE '^stoleus_kernel_get_status\(\)[[:space:]]*\{' /c/Users/ivans/Desktop/Projects/TOOLS/tools/kernel/kernel.sh
+ [[ public == \i\n\t\e\r\n\a\l ]]
+ [[ public != \i\n\t\e\r\n\a\l ]]
+ [[ stable == \i\n\t\e\r\n\a\l ]]
+ for api_index in "${!STOLEUS_API_FUNCTIONS[@]}"
+ function_name=stoleus_context_initialize
+ visibility=internal
+ stability=internal
+ owner=kernel/context/context.sh
+ owner_path=/c/Users/ivans/Desktop/Projects/TOOLS/tools/kernel/context/context.sh
+ declare -F stoleus_context_initialize
+ [[ ! -f /c/Users/ivans/Desktop/Projects/TOOLS/tools/kernel/context/context.sh ]]
+ grep -qE '^stoleus_context_initialize\(\)[[:space:]]*\{' /c/Users/ivans/Desktop/Projects/TOOLS/tools/kernel/context/context.sh
+ [[ internal == \i\n\t\e\r\n\a\l ]]
+ [[ internal != \i\n\t\e\r\n\a\l ]]
+ [[ internal != \i\n\t\e\r\n\a\l ]]
+ for api_index in "${!STOLEUS_API_FUNCTIONS[@]}"
+ function_name=stoleus_context_set
+ visibility=public
+ stability=experimental
+ owner=kernel/context/context.sh
+ owner_path=/c/Users/ivans/Desktop/Projects/TOOLS/tools/kernel/context/context.sh
+ declare -F stoleus_context_set
+ [[ ! -f /c/Users/ivans/Desktop/Projects/TOOLS/tools/kernel/context/context.sh ]]
+ grep -qE '^stoleus_context_set\(\)[[:space:]]*\{' /c/Users/ivans/Desktop/Projects/TOOLS/tools/kernel/context/context.sh
+ [[ public == \i\n\t\e\r\n\a\l ]]
+ [[ public != \i\n\t\e\r\n\a\l ]]
+ [[ experimental == \i\n\t\e\r\n\a\l ]]
+ for api_index in "${!STOLEUS_API_FUNCTIONS[@]}"
+ function_name=stoleus_context_get
+ visibility=public
+ stability=experimental
+ owner=kernel/context/context.sh
+ owner_path=/c/Users/ivans/Desktop/Projects/TOOLS/tools/kernel/context/context.sh
+ declare -F stoleus_context_get
+ [[ ! -f /c/Users/ivans/Desktop/Projects/TOOLS/tools/kernel/context/context.sh ]]
+ grep -qE '^stoleus_context_get\(\)[[:space:]]*\{' /c/Users/ivans/Desktop/Projects/TOOLS/tools/kernel/context/context.sh
+ [[ public == \i\n\t\e\r\n\a\l ]]
+ [[ public != \i\n\t\e\r\n\a\l ]]
+ [[ experimental == \i\n\t\e\r\n\a\l ]]
+ for api_index in "${!STOLEUS_API_FUNCTIONS[@]}"
+ function_name=stoleus_context_contains
+ visibility=public
+ stability=experimental
+ owner=kernel/context/context.sh
+ owner_path=/c/Users/ivans/Desktop/Projects/TOOLS/tools/kernel/context/context.sh
+ declare -F stoleus_context_contains
+ [[ ! -f /c/Users/ivans/Desktop/Projects/TOOLS/tools/kernel/context/context.sh ]]
+ grep -qE '^stoleus_context_contains\(\)[[:space:]]*\{' /c/Users/ivans/Desktop/Projects/TOOLS/tools/kernel/context/context.sh
+ [[ public == \i\n\t\e\r\n\a\l ]]
+ [[ public != \i\n\t\e\r\n\a\l ]]
+ [[ experimental == \i\n\t\e\r\n\a\l ]]
+ for api_index in "${!STOLEUS_API_FUNCTIONS[@]}"
+ function_name=stoleus_context_list
+ visibility=public
+ stability=experimental
+ owner=kernel/context/context.sh
+ owner_path=/c/Users/ivans/Desktop/Projects/TOOLS/tools/kernel/context/context.sh
+ declare -F stoleus_context_list
+ [[ ! -f /c/Users/ivans/Desktop/Projects/TOOLS/tools/kernel/context/context.sh ]]
+ grep -qE '^stoleus_context_list\(\)[[:space:]]*\{' /c/Users/ivans/Desktop/Projects/TOOLS/tools/kernel/context/context.sh
+ [[ public == \i\n\t\e\r\n\a\l ]]
+ [[ public != \i\n\t\e\r\n\a\l ]]
+ [[ experimental == \i\n\t\e\r\n\a\l ]]
+ for api_index in "${!STOLEUS_API_FUNCTIONS[@]}"
+ function_name=stoleus_context_matches_conditions
+ visibility=internal
+ stability=internal
+ owner=kernel/context/context.sh
+ owner_path=/c/Users/ivans/Desktop/Projects/TOOLS/tools/kernel/context/context.sh
+ declare -F stoleus_context_matches_conditions
+ [[ ! -f /c/Users/ivans/Desktop/Projects/TOOLS/tools/kernel/context/context.sh ]]
+ grep -qE '^stoleus_context_matches_conditions\(\)[[:space:]]*\{' /c/Users/ivans/Desktop/Projects/TOOLS/tools/kernel/context/context.sh
+ [[ internal == \i\n\t\e\r\n\a\l ]]
+ [[ internal != \i\n\t\e\r\n\a\l ]]
+ [[ internal != \i\n\t\e\r\n\a\l ]]
+ for api_index in "${!STOLEUS_API_FUNCTIONS[@]}"
+ function_name=stoleus_context_set_provider_override
+ visibility=public
+ stability=experimental
+ owner=kernel/context/context.sh
+ owner_path=/c/Users/ivans/Desktop/Projects/TOOLS/tools/kernel/context/context.sh
+ declare -F stoleus_context_set_provider_override
+ [[ ! -f /c/Users/ivans/Desktop/Projects/TOOLS/tools/kernel/context/context.sh ]]
+ grep -qE '^stoleus_context_set_provider_override\(\)[[:space:]]*\{' /c/Users/ivans/Desktop/Projects/TOOLS/tools/kernel/context/context.sh
+ [[ public == \i\n\t\e\r\n\a\l ]]
+ [[ public != \i\n\t\e\r\n\a\l ]]
+ [[ experimental == \i\n\t\e\r\n\a\l ]]
+ for api_index in "${!STOLEUS_API_FUNCTIONS[@]}"
+ function_name=stoleus_context_get_provider_override
+ visibility=public
+ stability=experimental
+ owner=kernel/context/context.sh
+ owner_path=/c/Users/ivans/Desktop/Projects/TOOLS/tools/kernel/context/context.sh
+ declare -F stoleus_context_get_provider_override
+ [[ ! -f /c/Users/ivans/Desktop/Projects/TOOLS/tools/kernel/context/context.sh ]]
+ grep -qE '^stoleus_context_get_provider_override\(\)[[:space:]]*\{' /c/Users/ivans/Desktop/Projects/TOOLS/tools/kernel/context/context.sh
+ [[ public == \i\n\t\e\r\n\a\l ]]
+ [[ public != \i\n\t\e\r\n\a\l ]]
+ [[ experimental == \i\n\t\e\r\n\a\l ]]
+ for api_index in "${!STOLEUS_API_FUNCTIONS[@]}"
+ function_name=stoleus_context_clear_provider_override
+ visibility=public
+ stability=experimental
+ owner=kernel/context/context.sh
+ owner_path=/c/Users/ivans/Desktop/Projects/TOOLS/tools/kernel/context/context.sh
+ declare -F stoleus_context_clear_provider_override
+ [[ ! -f /c/Users/ivans/Desktop/Projects/TOOLS/tools/kernel/context/context.sh ]]
+ grep -qE '^stoleus_context_clear_provider_override\(\)[[:space:]]*\{' /c/Users/ivans/Desktop/Projects/TOOLS/tools/kernel/context/context.sh
+ [[ public == \i\n\t\e\r\n\a\l ]]
+ [[ public != \i\n\t\e\r\n\a\l ]]
+ [[ experimental == \i\n\t\e\r\n\a\l ]]
+ for api_index in "${!STOLEUS_API_FUNCTIONS[@]}"
+ function_name=stoleus_context_list_provider_overrides
+ visibility=public
+ stability=experimental
+ owner=kernel/context/context.sh
+ owner_path=/c/Users/ivans/Desktop/Projects/TOOLS/tools/kernel/context/context.sh
+ declare -F stoleus_context_list_provider_overrides
+ [[ ! -f /c/Users/ivans/Desktop/Projects/TOOLS/tools/kernel/context/context.sh ]]
+ grep -qE '^stoleus_context_list_provider_overrides\(\)[[:space:]]*\{' /c/Users/ivans/Desktop/Projects/TOOLS/tools/kernel/context/context.sh
+ [[ public == \i\n\t\e\r\n\a\l ]]
+ [[ public != \i\n\t\e\r\n\a\l ]]
+ [[ experimental == \i\n\t\e\r\n\a\l ]]
+ for api_index in "${!STOLEUS_API_FUNCTIONS[@]}"
+ function_name=stoleus_context_get_generation
+ visibility=public
+ stability=experimental
+ owner=kernel/context/context.sh
+ owner_path=/c/Users/ivans/Desktop/Projects/TOOLS/tools/kernel/context/context.sh
+ declare -F stoleus_context_get_generation
+ [[ ! -f /c/Users/ivans/Desktop/Projects/TOOLS/tools/kernel/context/context.sh ]]
+ grep -qE '^stoleus_context_get_generation\(\)[[:space:]]*\{' /c/Users/ivans/Desktop/Projects/TOOLS/tools/kernel/context/context.sh
+ [[ public == \i\n\t\e\r\n\a\l ]]
+ [[ public != \i\n\t\e\r\n\a\l ]]
+ [[ experimental == \i\n\t\e\r\n\a\l ]]
+ for api_index in "${!STOLEUS_API_FUNCTIONS[@]}"
+ function_name=stoleus_context_reset
+ visibility=public
+ stability=experimental
+ owner=kernel/context/context.sh
+ owner_path=/c/Users/ivans/Desktop/Projects/TOOLS/tools/kernel/context/context.sh
+ declare -F stoleus_context_reset
+ [[ ! -f /c/Users/ivans/Desktop/Projects/TOOLS/tools/kernel/context/context.sh ]]
+ grep -qE '^stoleus_context_reset\(\)[[:space:]]*\{' /c/Users/ivans/Desktop/Projects/TOOLS/tools/kernel/context/context.sh
+ [[ public == \i\n\t\e\r\n\a\l ]]
+ [[ public != \i\n\t\e\r\n\a\l ]]
+ [[ experimental == \i\n\t\e\r\n\a\l ]]
+ for api_index in "${!STOLEUS_API_FUNCTIONS[@]}"
+ function_name=stoleus_context_set_capability_provider_override
+ visibility=public
+ stability=experimental
+ owner=kernel/context/context.sh
+ owner_path=/c/Users/ivans/Desktop/Projects/TOOLS/tools/kernel/context/context.sh
+ declare -F stoleus_context_set_capability_provider_override
+ [[ ! -f /c/Users/ivans/Desktop/Projects/TOOLS/tools/kernel/context/context.sh ]]
+ grep -qE '^stoleus_context_set_capability_provider_override\(\)[[:space:]]*\{' /c/Users/ivans/Desktop/Projects/TOOLS/tools/kernel/context/context.sh
+ [[ public == \i\n\t\e\r\n\a\l ]]
+ [[ public != \i\n\t\e\r\n\a\l ]]
+ [[ experimental == \i\n\t\e\r\n\a\l ]]
+ for api_index in "${!STOLEUS_API_FUNCTIONS[@]}"
+ function_name=stoleus_context_get_capability_provider_override
+ visibility=public
+ stability=experimental
+ owner=kernel/context/context.sh
+ owner_path=/c/Users/ivans/Desktop/Projects/TOOLS/tools/kernel/context/context.sh
+ declare -F stoleus_context_get_capability_provider_override
+ [[ ! -f /c/Users/ivans/Desktop/Projects/TOOLS/tools/kernel/context/context.sh ]]
+ grep -qE '^stoleus_context_get_capability_provider_override\(\)[[:space:]]*\{' /c/Users/ivans/Desktop/Projects/TOOLS/tools/kernel/context/context.sh
+ [[ public == \i\n\t\e\r\n\a\l ]]
+ [[ public != \i\n\t\e\r\n\a\l ]]
+ [[ experimental == \i\n\t\e\r\n\a\l ]]
+ for api_index in "${!STOLEUS_API_FUNCTIONS[@]}"
+ function_name=stoleus_context_clear_capability_provider_override
+ visibility=public
+ stability=experimental
+ owner=kernel/context/context.sh
+ owner_path=/c/Users/ivans/Desktop/Projects/TOOLS/tools/kernel/context/context.sh
+ declare -F stoleus_context_clear_capability_provider_override
+ [[ ! -f /c/Users/ivans/Desktop/Projects/TOOLS/tools/kernel/context/context.sh ]]
+ grep -qE '^stoleus_context_clear_capability_provider_override\(\)[[:space:]]*\{' /c/Users/ivans/Desktop/Projects/TOOLS/tools/kernel/context/context.sh
+ [[ public == \i\n\t\e\r\n\a\l ]]
+ [[ public != \i\n\t\e\r\n\a\l ]]
+ [[ experimental == \i\n\t\e\r\n\a\l ]]
+ for api_index in "${!STOLEUS_API_FUNCTIONS[@]}"
+ function_name=stoleus_context_list_capability_provider_overrides
+ visibility=public
+ stability=experimental
+ owner=kernel/context/context.sh
+ owner_path=/c/Users/ivans/Desktop/Projects/TOOLS/tools/kernel/context/context.sh
+ declare -F stoleus_context_list_capability_provider_overrides
+ [[ ! -f /c/Users/ivans/Desktop/Projects/TOOLS/tools/kernel/context/context.sh ]]
+ grep -qE '^stoleus_context_list_capability_provider_overrides\(\)[[:space:]]*\{' /c/Users/ivans/Desktop/Projects/TOOLS/tools/kernel/context/context.sh
+ [[ public == \i\n\t\e\r\n\a\l ]]
+ [[ public != \i\n\t\e\r\n\a\l ]]
+ [[ experimental == \i\n\t\e\r\n\a\l ]]
+ for api_index in "${!STOLEUS_API_FUNCTIONS[@]}"
+ function_name=stoleus_platform_initialize
+ visibility=internal
+ stability=internal
+ owner=kernel/platform/platform.sh
+ owner_path=/c/Users/ivans/Desktop/Projects/TOOLS/tools/kernel/platform/platform.sh
+ declare -F stoleus_platform_initialize
+ [[ ! -f /c/Users/ivans/Desktop/Projects/TOOLS/tools/kernel/platform/platform.sh ]]
+ grep -qE '^stoleus_platform_initialize\(\)[[:space:]]*\{' /c/Users/ivans/Desktop/Projects/TOOLS/tools/kernel/platform/platform.sh
+ [[ internal == \i\n\t\e\r\n\a\l ]]
+ [[ internal != \i\n\t\e\r\n\a\l ]]
+ [[ internal != \i\n\t\e\r\n\a\l ]]
+ for api_index in "${!STOLEUS_API_FUNCTIONS[@]}"
+ function_name=stoleus_platform_detect
+ visibility=public
+ stability=experimental
+ owner=kernel/platform/platform.sh
+ owner_path=/c/Users/ivans/Desktop/Projects/TOOLS/tools/kernel/platform/platform.sh
+ declare -F stoleus_platform_detect
+ [[ ! -f /c/Users/ivans/Desktop/Projects/TOOLS/tools/kernel/platform/platform.sh ]]
+ grep -qE '^stoleus_platform_detect\(\)[[:space:]]*\{' /c/Users/ivans/Desktop/Projects/TOOLS/tools/kernel/platform/platform.sh
+ [[ public == \i\n\t\e\r\n\a\l ]]
+ [[ public != \i\n\t\e\r\n\a\l ]]
+ [[ experimental == \i\n\t\e\r\n\a\l ]]
+ for api_index in "${!STOLEUS_API_FUNCTIONS[@]}"
+ function_name=stoleus_platform_apply_context
+ visibility=public
+ stability=experimental
+ owner=kernel/platform/platform.sh
+ owner_path=/c/Users/ivans/Desktop/Projects/TOOLS/tools/kernel/platform/platform.sh
+ declare -F stoleus_platform_apply_context
+ [[ ! -f /c/Users/ivans/Desktop/Projects/TOOLS/tools/kernel/platform/platform.sh ]]
+ grep -qE '^stoleus_platform_apply_context\(\)[[:space:]]*\{' /c/Users/ivans/Desktop/Projects/TOOLS/tools/kernel/platform/platform.sh
+ [[ public == \i\n\t\e\r\n\a\l ]]
+ [[ public != \i\n\t\e\r\n\a\l ]]
+ [[ experimental == \i\n\t\e\r\n\a\l ]]
+ for api_index in "${!STOLEUS_API_FUNCTIONS[@]}"
+ function_name=stoleus_platform_refresh
+ visibility=public
+ stability=experimental
+ owner=kernel/platform/platform.sh
+ owner_path=/c/Users/ivans/Desktop/Projects/TOOLS/tools/kernel/platform/platform.sh
+ declare -F stoleus_platform_refresh
+ [[ ! -f /c/Users/ivans/Desktop/Projects/TOOLS/tools/kernel/platform/platform.sh ]]
+ grep -qE '^stoleus_platform_refresh\(\)[[:space:]]*\{' /c/Users/ivans/Desktop/Projects/TOOLS/tools/kernel/platform/platform.sh
+ [[ public == \i\n\t\e\r\n\a\l ]]
+ [[ public != \i\n\t\e\r\n\a\l ]]
+ [[ experimental == \i\n\t\e\r\n\a\l ]]
+ for api_index in "${!STOLEUS_API_FUNCTIONS[@]}"
+ function_name=stoleus_platform_get
+ visibility=public
+ stability=experimental
+ owner=kernel/platform/platform.sh
+ owner_path=/c/Users/ivans/Desktop/Projects/TOOLS/tools/kernel/platform/platform.sh
+ declare -F stoleus_platform_get
+ [[ ! -f /c/Users/ivans/Desktop/Projects/TOOLS/tools/kernel/platform/platform.sh ]]
+ grep -qE '^stoleus_platform_get\(\)[[:space:]]*\{' /c/Users/ivans/Desktop/Projects/TOOLS/tools/kernel/platform/platform.sh
+ [[ public == \i\n\t\e\r\n\a\l ]]
+ [[ public != \i\n\t\e\r\n\a\l ]]
+ [[ experimental == \i\n\t\e\r\n\a\l ]]
+ for api_index in "${!STOLEUS_API_FUNCTIONS[@]}"
+ function_name=stoleus_platform_get_status
+ visibility=public
+ stability=experimental
+ owner=kernel/platform/platform.sh
+ owner_path=/c/Users/ivans/Desktop/Projects/TOOLS/tools/kernel/platform/platform.sh
+ declare -F stoleus_platform_get_status
+ [[ ! -f /c/Users/ivans/Desktop/Projects/TOOLS/tools/kernel/platform/platform.sh ]]
+ grep -qE '^stoleus_platform_get_status\(\)[[:space:]]*\{' /c/Users/ivans/Desktop/Projects/TOOLS/tools/kernel/platform/platform.sh
+ [[ public == \i\n\t\e\r\n\a\l ]]
+ [[ public != \i\n\t\e\r\n\a\l ]]
+ [[ experimental == \i\n\t\e\r\n\a\l ]]
+ for api_index in "${!STOLEUS_API_FUNCTIONS[@]}"
+ function_name=stoleus_platform_reset
+ visibility=public
+ stability=experimental
+ owner=kernel/platform/platform.sh
+ owner_path=/c/Users/ivans/Desktop/Projects/TOOLS/tools/kernel/platform/platform.sh
+ declare -F stoleus_platform_reset
+ [[ ! -f /c/Users/ivans/Desktop/Projects/TOOLS/tools/kernel/platform/platform.sh ]]
+ grep -qE '^stoleus_platform_reset\(\)[[:space:]]*\{' /c/Users/ivans/Desktop/Projects/TOOLS/tools/kernel/platform/platform.sh
+ [[ public == \i\n\t\e\r\n\a\l ]]
+ [[ public != \i\n\t\e\r\n\a\l ]]
+ [[ experimental == \i\n\t\e\r\n\a\l ]]
+ for api_index in "${!STOLEUS_API_FUNCTIONS[@]}"
+ function_name=stoleus_runtime_initialize
+ visibility=internal
+ stability=internal
+ owner=kernel/runtime/runtime.sh
+ owner_path=/c/Users/ivans/Desktop/Projects/TOOLS/tools/kernel/runtime/runtime.sh
+ declare -F stoleus_runtime_initialize
+ [[ ! -f /c/Users/ivans/Desktop/Projects/TOOLS/tools/kernel/runtime/runtime.sh ]]
+ grep -qE '^stoleus_runtime_initialize\(\)[[:space:]]*\{' /c/Users/ivans/Desktop/Projects/TOOLS/tools/kernel/runtime/runtime.sh
+ [[ internal == \i\n\t\e\r\n\a\l ]]
+ [[ internal != \i\n\t\e\r\n\a\l ]]
+ [[ internal != \i\n\t\e\r\n\a\l ]]
+ for api_index in "${!STOLEUS_API_FUNCTIONS[@]}"
+ function_name=stoleus_runtime_create_id
+ visibility=internal
+ stability=internal
+ owner=kernel/runtime/runtime.sh
+ owner_path=/c/Users/ivans/Desktop/Projects/TOOLS/tools/kernel/runtime/runtime.sh
+ declare -F stoleus_runtime_create_id
+ [[ ! -f /c/Users/ivans/Desktop/Projects/TOOLS/tools/kernel/runtime/runtime.sh ]]
+ grep -qE '^stoleus_runtime_create_id\(\)[[:space:]]*\{' /c/Users/ivans/Desktop/Projects/TOOLS/tools/kernel/runtime/runtime.sh
+ [[ internal == \i\n\t\e\r\n\a\l ]]
+ [[ internal != \i\n\t\e\r\n\a\l ]]
+ [[ internal != \i\n\t\e\r\n\a\l ]]
+ for api_index in "${!STOLEUS_API_FUNCTIONS[@]}"
+ function_name=stoleus_runtime_now
+ visibility=internal
+ stability=internal
+ owner=kernel/runtime/runtime.sh
+ owner_path=/c/Users/ivans/Desktop/Projects/TOOLS/tools/kernel/runtime/runtime.sh
+ declare -F stoleus_runtime_now
+ [[ ! -f /c/Users/ivans/Desktop/Projects/TOOLS/tools/kernel/runtime/runtime.sh ]]
+ grep -qE '^stoleus_runtime_now\(\)[[:space:]]*\{' /c/Users/ivans/Desktop/Projects/TOOLS/tools/kernel/runtime/runtime.sh
+ [[ internal == \i\n\t\e\r\n\a\l ]]
+ [[ internal != \i\n\t\e\r\n\a\l ]]
+ [[ internal != \i\n\t\e\r\n\a\l ]]
+ for api_index in "${!STOLEUS_API_FUNCTIONS[@]}"
+ function_name=stoleus_runtime_now_ms
+ visibility=internal
+ stability=internal
+ owner=kernel/runtime/runtime.sh
+ owner_path=/c/Users/ivans/Desktop/Projects/TOOLS/tools/kernel/runtime/runtime.sh
+ declare -F stoleus_runtime_now_ms
+ [[ ! -f /c/Users/ivans/Desktop/Projects/TOOLS/tools/kernel/runtime/runtime.sh ]]
+ grep -qE '^stoleus_runtime_now_ms\(\)[[:space:]]*\{' /c/Users/ivans/Desktop/Projects/TOOLS/tools/kernel/runtime/runtime.sh
+ [[ internal == \i\n\t\e\r\n\a\l ]]
+ [[ internal != \i\n\t\e\r\n\a\l ]]
+ [[ internal != \i\n\t\e\r\n\a\l ]]
+ for api_index in "${!STOLEUS_API_FUNCTIONS[@]}"
+ function_name=stoleus_runtime_duration_ms
+ visibility=internal
+ stability=internal
+ owner=kernel/runtime/runtime.sh
+ owner_path=/c/Users/ivans/Desktop/Projects/TOOLS/tools/kernel/runtime/runtime.sh
+ declare -F stoleus_runtime_duration_ms
+ [[ ! -f /c/Users/ivans/Desktop/Projects/TOOLS/tools/kernel/runtime/runtime.sh ]]
+ grep -qE '^stoleus_runtime_duration_ms\(\)[[:space:]]*\{' /c/Users/ivans/Desktop/Projects/TOOLS/tools/kernel/runtime/runtime.sh
+ [[ internal == \i\n\t\e\r\n\a\l ]]
+ [[ internal != \i\n\t\e\r\n\a\l ]]
+ [[ internal != \i\n\t\e\r\n\a\l ]]
+ for api_index in "${!STOLEUS_API_FUNCTIONS[@]}"
+ function_name=stoleus_metadata_initialize
+ visibility=public
+ stability=stable
+ owner=kernel/metadata/collection.sh
+ owner_path=/c/Users/ivans/Desktop/Projects/TOOLS/tools/kernel/metadata/collection.sh
+ declare -F stoleus_metadata_initialize
+ [[ ! -f /c/Users/ivans/Desktop/Projects/TOOLS/tools/kernel/metadata/collection.sh ]]
+ grep -qE '^stoleus_metadata_initialize\(\)[[:space:]]*\{' /c/Users/ivans/Desktop/Projects/TOOLS/tools/kernel/metadata/collection.sh
+ [[ public == \i\n\t\e\r\n\a\l ]]
+ [[ public != \i\n\t\e\r\n\a\l ]]
+ [[ stable == \i\n\t\e\r\n\a\l ]]
+ for api_index in "${!STOLEUS_API_FUNCTIONS[@]}"
+ function_name=stoleus_metadata_collection_create
+ visibility=public
+ stability=stable
+ owner=kernel/metadata/collection.sh
+ owner_path=/c/Users/ivans/Desktop/Projects/TOOLS/tools/kernel/metadata/collection.sh
+ declare -F stoleus_metadata_collection_create
+ [[ ! -f /c/Users/ivans/Desktop/Projects/TOOLS/tools/kernel/metadata/collection.sh ]]
+ grep -qE '^stoleus_metadata_collection_create\(\)[[:space:]]*\{' /c/Users/ivans/Desktop/Projects/TOOLS/tools/kernel/metadata/collection.sh
+ [[ public == \i\n\t\e\r\n\a\l ]]
+ [[ public != \i\n\t\e\r\n\a\l ]]
+ [[ stable == \i\n\t\e\r\n\a\l ]]
+ for api_index in "${!STOLEUS_API_FUNCTIONS[@]}"
+ function_name=stoleus_metadata_collection_exists
+ visibility=public
+ stability=stable
+ owner=kernel/metadata/collection.sh
+ owner_path=/c/Users/ivans/Desktop/Projects/TOOLS/tools/kernel/metadata/collection.sh
+ declare -F stoleus_metadata_collection_exists
+ [[ ! -f /c/Users/ivans/Desktop/Projects/TOOLS/tools/kernel/metadata/collection.sh ]]
+ grep -qE '^stoleus_metadata_collection_exists\(\)[[:space:]]*\{' /c/Users/ivans/Desktop/Projects/TOOLS/tools/kernel/metadata/collection.sh
+ [[ public == \i\n\t\e\r\n\a\l ]]
+ [[ public != \i\n\t\e\r\n\a\l ]]
+ [[ stable == \i\n\t\e\r\n\a\l ]]
+ for api_index in "${!STOLEUS_API_FUNCTIONS[@]}"
+ function_name=stoleus_metadata_collection_is_frozen
+ visibility=public
+ stability=stable
+ owner=kernel/metadata/collection.sh
+ owner_path=/c/Users/ivans/Desktop/Projects/TOOLS/tools/kernel/metadata/collection.sh
+ declare -F stoleus_metadata_collection_is_frozen
+ [[ ! -f /c/Users/ivans/Desktop/Projects/TOOLS/tools/kernel/metadata/collection.sh ]]
+ grep -qE '^stoleus_metadata_collection_is_frozen\(\)[[:space:]]*\{' /c/Users/ivans/Desktop/Projects/TOOLS/tools/kernel/metadata/collection.sh
+ [[ public == \i\n\t\e\r\n\a\l ]]
+ [[ public != \i\n\t\e\r\n\a\l ]]
+ [[ stable == \i\n\t\e\r\n\a\l ]]
+ for api_index in "${!STOLEUS_API_FUNCTIONS[@]}"
+ function_name=stoleus_metadata_collection_append
+ visibility=public
+ stability=stable
+ owner=kernel/metadata/collection.sh
+ owner_path=/c/Users/ivans/Desktop/Projects/TOOLS/tools/kernel/metadata/collection.sh
+ declare -F stoleus_metadata_collection_append
+ [[ ! -f /c/Users/ivans/Desktop/Projects/TOOLS/tools/kernel/metadata/collection.sh ]]
+ grep -qE '^stoleus_metadata_collection_append\(\)[[:space:]]*\{' /c/Users/ivans/Desktop/Projects/TOOLS/tools/kernel/metadata/collection.sh
+ [[ public == \i\n\t\e\r\n\a\l ]]
+ [[ public != \i\n\t\e\r\n\a\l ]]
+ [[ stable == \i\n\t\e\r\n\a\l ]]
+ for api_index in "${!STOLEUS_API_FUNCTIONS[@]}"
+ function_name=stoleus_metadata_collection_freeze
+ visibility=public
+ stability=stable
+ owner=kernel/metadata/collection.sh
+ owner_path=/c/Users/ivans/Desktop/Projects/TOOLS/tools/kernel/metadata/collection.sh
+ declare -F stoleus_metadata_collection_freeze
+ [[ ! -f /c/Users/ivans/Desktop/Projects/TOOLS/tools/kernel/metadata/collection.sh ]]
+ grep -qE '^stoleus_metadata_collection_freeze\(\)[[:space:]]*\{' /c/Users/ivans/Desktop/Projects/TOOLS/tools/kernel/metadata/collection.sh
+ [[ public == \i\n\t\e\r\n\a\l ]]
+ [[ public != \i\n\t\e\r\n\a\l ]]
+ [[ stable == \i\n\t\e\r\n\a\l ]]
+ for api_index in "${!STOLEUS_API_FUNCTIONS[@]}"
+ function_name=stoleus_metadata_collection_contains
+ visibility=public
+ stability=stable
+ owner=kernel/metadata/collection.sh
+ owner_path=/c/Users/ivans/Desktop/Projects/TOOLS/tools/kernel/metadata/collection.sh
+ declare -F stoleus_metadata_collection_contains
+ [[ ! -f /c/Users/ivans/Desktop/Projects/TOOLS/tools/kernel/metadata/collection.sh ]]
+ grep -qE '^stoleus_metadata_collection_contains\(\)[[:space:]]*\{' /c/Users/ivans/Desktop/Projects/TOOLS/tools/kernel/metadata/collection.sh
+ [[ public == \i\n\t\e\r\n\a\l ]]
+ [[ public != \i\n\t\e\r\n\a\l ]]
+ [[ stable == \i\n\t\e\r\n\a\l ]]
+ for api_index in "${!STOLEUS_API_FUNCTIONS[@]}"
+ function_name=stoleus_metadata_collection_get_index
+ visibility=public
+ stability=stable
+ owner=kernel/metadata/collection.sh
+ owner_path=/c/Users/ivans/Desktop/Projects/TOOLS/tools/kernel/metadata/collection.sh
+ declare -F stoleus_metadata_collection_get_index
+ [[ ! -f /c/Users/ivans/Desktop/Projects/TOOLS/tools/kernel/metadata/collection.sh ]]
+ grep -qE '^stoleus_metadata_collection_get_index\(\)[[:space:]]*\{' /c/Users/ivans/Desktop/Projects/TOOLS/tools/kernel/metadata/collection.sh
+ [[ public == \i\n\t\e\r\n\a\l ]]
+ [[ public != \i\n\t\e\r\n\a\l ]]
+ [[ stable == \i\n\t\e\r\n\a\l ]]
+ for api_index in "${!STOLEUS_API_FUNCTIONS[@]}"
+ function_name=stoleus_metadata_collection_get_key_by_index
+ visibility=public
+ stability=stable
+ owner=kernel/metadata/collection.sh
+ owner_path=/c/Users/ivans/Desktop/Projects/TOOLS/tools/kernel/metadata/collection.sh
+ declare -F stoleus_metadata_collection_get_key_by_index
+ [[ ! -f /c/Users/ivans/Desktop/Projects/TOOLS/tools/kernel/metadata/collection.sh ]]
+ grep -qE '^stoleus_metadata_collection_get_key_by_index\(\)[[:space:]]*\{' /c/Users/ivans/Desktop/Projects/TOOLS/tools/kernel/metadata/collection.sh
+ [[ public == \i\n\t\e\r\n\a\l ]]
+ [[ public != \i\n\t\e\r\n\a\l ]]
+ [[ stable == \i\n\t\e\r\n\a\l ]]
+ for api_index in "${!STOLEUS_API_FUNCTIONS[@]}"
+ function_name=stoleus_metadata_collection_get_field
+ visibility=public
+ stability=stable
+ owner=kernel/metadata/collection.sh
+ owner_path=/c/Users/ivans/Desktop/Projects/TOOLS/tools/kernel/metadata/collection.sh
+ declare -F stoleus_metadata_collection_get_field
+ [[ ! -f /c/Users/ivans/Desktop/Projects/TOOLS/tools/kernel/metadata/collection.sh ]]
+ grep -qE '^stoleus_metadata_collection_get_field\(\)[[:space:]]*\{' /c/Users/ivans/Desktop/Projects/TOOLS/tools/kernel/metadata/collection.sh
+ [[ public == \i\n\t\e\r\n\a\l ]]
+ [[ public != \i\n\t\e\r\n\a\l ]]
+ [[ stable == \i\n\t\e\r\n\a\l ]]
+ for api_index in "${!STOLEUS_API_FUNCTIONS[@]}"
+ function_name=stoleus_metadata_collection_get_schema
+ visibility=public
+ stability=stable
+ owner=kernel/metadata/collection.sh
+ owner_path=/c/Users/ivans/Desktop/Projects/TOOLS/tools/kernel/metadata/collection.sh
+ declare -F stoleus_metadata_collection_get_schema
+ [[ ! -f /c/Users/ivans/Desktop/Projects/TOOLS/tools/kernel/metadata/collection.sh ]]
+ grep -qE '^stoleus_metadata_collection_get_schema\(\)[[:space:]]*\{' /c/Users/ivans/Desktop/Projects/TOOLS/tools/kernel/metadata/collection.sh
+ [[ public == \i\n\t\e\r\n\a\l ]]
+ [[ public != \i\n\t\e\r\n\a\l ]]
+ [[ stable == \i\n\t\e\r\n\a\l ]]
+ for api_index in "${!STOLEUS_API_FUNCTIONS[@]}"
+ function_name=stoleus_metadata_collection_get_count
+ visibility=public
+ stability=stable
+ owner=kernel/metadata/collection.sh
+ owner_path=/c/Users/ivans/Desktop/Projects/TOOLS/tools/kernel/metadata/collection.sh
+ declare -F stoleus_metadata_collection_get_count
+ [[ ! -f /c/Users/ivans/Desktop/Projects/TOOLS/tools/kernel/metadata/collection.sh ]]
+ grep -qE '^stoleus_metadata_collection_get_count\(\)[[:space:]]*\{' /c/Users/ivans/Desktop/Projects/TOOLS/tools/kernel/metadata/collection.sh
+ [[ public == \i\n\t\e\r\n\a\l ]]
+ [[ public != \i\n\t\e\r\n\a\l ]]
+ [[ stable == \i\n\t\e\r\n\a\l ]]
+ for api_index in "${!STOLEUS_API_FUNCTIONS[@]}"
+ function_name=stoleus_metadata_collection_list
+ visibility=public
+ stability=stable
+ owner=kernel/metadata/collection.sh
+ owner_path=/c/Users/ivans/Desktop/Projects/TOOLS/tools/kernel/metadata/collection.sh
+ declare -F stoleus_metadata_collection_list
+ [[ ! -f /c/Users/ivans/Desktop/Projects/TOOLS/tools/kernel/metadata/collection.sh ]]
+ grep -qE '^stoleus_metadata_collection_list\(\)[[:space:]]*\{' /c/Users/ivans/Desktop/Projects/TOOLS/tools/kernel/metadata/collection.sh
+ [[ public == \i\n\t\e\r\n\a\l ]]
+ [[ public != \i\n\t\e\r\n\a\l ]]
+ [[ stable == \i\n\t\e\r\n\a\l ]]
+ for api_index in "${!STOLEUS_API_FUNCTIONS[@]}"
+ function_name=stoleus_metadata_collection_reset
+ visibility=public
+ stability=stable
+ owner=kernel/metadata/collection.sh
+ owner_path=/c/Users/ivans/Desktop/Projects/TOOLS/tools/kernel/metadata/collection.sh
+ declare -F stoleus_metadata_collection_reset
+ [[ ! -f /c/Users/ivans/Desktop/Projects/TOOLS/tools/kernel/metadata/collection.sh ]]
+ grep -qE '^stoleus_metadata_collection_reset\(\)[[:space:]]*\{' /c/Users/ivans/Desktop/Projects/TOOLS/tools/kernel/metadata/collection.sh
+ [[ public == \i\n\t\e\r\n\a\l ]]
+ [[ public != \i\n\t\e\r\n\a\l ]]
+ [[ stable == \i\n\t\e\r\n\a\l ]]
+ for api_index in "${!STOLEUS_API_FUNCTIONS[@]}"
+ function_name=stoleus_metadata_reset
+ visibility=public
+ stability=stable
+ owner=kernel/metadata/collection.sh
+ owner_path=/c/Users/ivans/Desktop/Projects/TOOLS/tools/kernel/metadata/collection.sh
+ declare -F stoleus_metadata_reset
+ [[ ! -f /c/Users/ivans/Desktop/Projects/TOOLS/tools/kernel/metadata/collection.sh ]]
+ grep -qE '^stoleus_metadata_reset\(\)[[:space:]]*\{' /c/Users/ivans/Desktop/Projects/TOOLS/tools/kernel/metadata/collection.sh
+ [[ public == \i\n\t\e\r\n\a\l ]]
+ [[ public != \i\n\t\e\r\n\a\l ]]
+ [[ stable == \i\n\t\e\r\n\a\l ]]
+ for api_index in "${!STOLEUS_API_FUNCTIONS[@]}"
+ function_name=stoleus_discovery_initialize
+ visibility=internal
+ stability=internal
+ owner=kernel/discovery/discovery.sh
+ owner_path=/c/Users/ivans/Desktop/Projects/TOOLS/tools/kernel/discovery/discovery.sh
+ declare -F stoleus_discovery_initialize
+ [[ ! -f /c/Users/ivans/Desktop/Projects/TOOLS/tools/kernel/discovery/discovery.sh ]]
+ grep -qE '^stoleus_discovery_initialize\(\)[[:space:]]*\{' /c/Users/ivans/Desktop/Projects/TOOLS/tools/kernel/discovery/discovery.sh
+ [[ internal == \i\n\t\e\r\n\a\l ]]
+ [[ internal != \i\n\t\e\r\n\a\l ]]
+ [[ internal != \i\n\t\e\r\n\a\l ]]
+ for api_index in "${!STOLEUS_API_FUNCTIONS[@]}"
+ function_name=stoleus_discovery_add_root
+ visibility=public
+ stability=stable
+ owner=kernel/discovery/discovery.sh
+ owner_path=/c/Users/ivans/Desktop/Projects/TOOLS/tools/kernel/discovery/discovery.sh
+ declare -F stoleus_discovery_add_root
+ [[ ! -f /c/Users/ivans/Desktop/Projects/TOOLS/tools/kernel/discovery/discovery.sh ]]
+ grep -qE '^stoleus_discovery_add_root\(\)[[:space:]]*\{' /c/Users/ivans/Desktop/Projects/TOOLS/tools/kernel/discovery/discovery.sh
+ [[ public == \i\n\t\e\r\n\a\l ]]
+ [[ public != \i\n\t\e\r\n\a\l ]]
+ [[ stable == \i\n\t\e\r\n\a\l ]]
+ for api_index in "${!STOLEUS_API_FUNCTIONS[@]}"
+ function_name=stoleus_discovery_scan
+ visibility=public
+ stability=stable
+ owner=kernel/discovery/discovery.sh
+ owner_path=/c/Users/ivans/Desktop/Projects/TOOLS/tools/kernel/discovery/discovery.sh
+ declare -F stoleus_discovery_scan
+ [[ ! -f /c/Users/ivans/Desktop/Projects/TOOLS/tools/kernel/discovery/discovery.sh ]]
+ grep -qE '^stoleus_discovery_scan\(\)[[:space:]]*\{' /c/Users/ivans/Desktop/Projects/TOOLS/tools/kernel/discovery/discovery.sh
+ [[ public == \i\n\t\e\r\n\a\l ]]
+ [[ public != \i\n\t\e\r\n\a\l ]]
+ [[ stable == \i\n\t\e\r\n\a\l ]]
+ for api_index in "${!STOLEUS_API_FUNCTIONS[@]}"
+ function_name=stoleus_discovery_get_records
+ visibility=public
+ stability=stable
+ owner=kernel/discovery/discovery.sh
+ owner_path=/c/Users/ivans/Desktop/Projects/TOOLS/tools/kernel/discovery/discovery.sh
+ declare -F stoleus_discovery_get_records
+ [[ ! -f /c/Users/ivans/Desktop/Projects/TOOLS/tools/kernel/discovery/discovery.sh ]]
+ grep -qE '^stoleus_discovery_get_records\(\)[[:space:]]*\{' /c/Users/ivans/Desktop/Projects/TOOLS/tools/kernel/discovery/discovery.sh
+ [[ public == \i\n\t\e\r\n\a\l ]]
+ [[ public != \i\n\t\e\r\n\a\l ]]
+ [[ stable == \i\n\t\e\r\n\a\l ]]
+ for api_index in "${!STOLEUS_API_FUNCTIONS[@]}"
+ function_name=stoleus_discovery_reset
+ visibility=public
+ stability=stable
+ owner=kernel/discovery/discovery.sh
+ owner_path=/c/Users/ivans/Desktop/Projects/TOOLS/tools/kernel/discovery/discovery.sh
+ declare -F stoleus_discovery_reset
+ [[ ! -f /c/Users/ivans/Desktop/Projects/TOOLS/tools/kernel/discovery/discovery.sh ]]
+ grep -qE '^stoleus_discovery_reset\(\)[[:space:]]*\{' /c/Users/ivans/Desktop/Projects/TOOLS/tools/kernel/discovery/discovery.sh
+ [[ public == \i\n\t\e\r\n\a\l ]]
+ [[ public != \i\n\t\e\r\n\a\l ]]
+ [[ stable == \i\n\t\e\r\n\a\l ]]
+ for api_index in "${!STOLEUS_API_FUNCTIONS[@]}"
+ function_name=stoleus_discovery_is_scanned
+ visibility=internal
+ stability=internal
+ owner=kernel/discovery/discovery.sh
+ owner_path=/c/Users/ivans/Desktop/Projects/TOOLS/tools/kernel/discovery/discovery.sh
+ declare -F stoleus_discovery_is_scanned
+ [[ ! -f /c/Users/ivans/Desktop/Projects/TOOLS/tools/kernel/discovery/discovery.sh ]]
+ grep -qE '^stoleus_discovery_is_scanned\(\)[[:space:]]*\{' /c/Users/ivans/Desktop/Projects/TOOLS/tools/kernel/discovery/discovery.sh
+ [[ internal == \i\n\t\e\r\n\a\l ]]
+ [[ internal != \i\n\t\e\r\n\a\l ]]
+ [[ internal != \i\n\t\e\r\n\a\l ]]
+ for api_index in "${!STOLEUS_API_FUNCTIONS[@]}"
+ function_name=stoleus_definition_initialize
+ visibility=internal
+ stability=internal
+ owner=kernel/definition/definition.sh
+ owner_path=/c/Users/ivans/Desktop/Projects/TOOLS/tools/kernel/definition/definition.sh
+ declare -F stoleus_definition_initialize
+ [[ ! -f /c/Users/ivans/Desktop/Projects/TOOLS/tools/kernel/definition/definition.sh ]]
+ grep -qE '^stoleus_definition_initialize\(\)[[:space:]]*\{' /c/Users/ivans/Desktop/Projects/TOOLS/tools/kernel/definition/definition.sh
+ [[ internal == \i\n\t\e\r\n\a\l ]]
+ [[ internal != \i\n\t\e\r\n\a\l ]]
+ [[ internal != \i\n\t\e\r\n\a\l ]]
+ for api_index in "${!STOLEUS_API_FUNCTIONS[@]}"
+ function_name=stoleus_definition_build_all
+ visibility=public
+ stability=stable
+ owner=kernel/definition/definition.sh
+ owner_path=/c/Users/ivans/Desktop/Projects/TOOLS/tools/kernel/definition/definition.sh
+ declare -F stoleus_definition_build_all
+ [[ ! -f /c/Users/ivans/Desktop/Projects/TOOLS/tools/kernel/definition/definition.sh ]]
+ grep -qE '^stoleus_definition_build_all\(\)[[:space:]]*\{' /c/Users/ivans/Desktop/Projects/TOOLS/tools/kernel/definition/definition.sh
+ [[ public == \i\n\t\e\r\n\a\l ]]
+ [[ public != \i\n\t\e\r\n\a\l ]]
+ [[ stable == \i\n\t\e\r\n\a\l ]]
+ for api_index in "${!STOLEUS_API_FUNCTIONS[@]}"
+ function_name=stoleus_definition_get_records
+ visibility=public
+ stability=stable
+ owner=kernel/definition/definition.sh
+ owner_path=/c/Users/ivans/Desktop/Projects/TOOLS/tools/kernel/definition/definition.sh
+ declare -F stoleus_definition_get_records
+ [[ ! -f /c/Users/ivans/Desktop/Projects/TOOLS/tools/kernel/definition/definition.sh ]]
+ grep -qE '^stoleus_definition_get_records\(\)[[:space:]]*\{' /c/Users/ivans/Desktop/Projects/TOOLS/tools/kernel/definition/definition.sh
+ [[ public == \i\n\t\e\r\n\a\l ]]
+ [[ public != \i\n\t\e\r\n\a\l ]]
+ [[ stable == \i\n\t\e\r\n\a\l ]]
+ for api_index in "${!STOLEUS_API_FUNCTIONS[@]}"
+ function_name=stoleus_definition_reset
+ visibility=public
+ stability=stable
+ owner=kernel/definition/definition.sh
+ owner_path=/c/Users/ivans/Desktop/Projects/TOOLS/tools/kernel/definition/definition.sh
+ declare -F stoleus_definition_reset
+ [[ ! -f /c/Users/ivans/Desktop/Projects/TOOLS/tools/kernel/definition/definition.sh ]]
+ grep -qE '^stoleus_definition_reset\(\)[[:space:]]*\{' /c/Users/ivans/Desktop/Projects/TOOLS/tools/kernel/definition/definition.sh
+ [[ public == \i\n\t\e\r\n\a\l ]]
+ [[ public != \i\n\t\e\r\n\a\l ]]
+ [[ stable == \i\n\t\e\r\n\a\l ]]
+ for api_index in "${!STOLEUS_API_FUNCTIONS[@]}"
+ function_name=stoleus_definition_is_frozen
+ visibility=internal
+ stability=internal
+ owner=kernel/definition/definition.sh
+ owner_path=/c/Users/ivans/Desktop/Projects/TOOLS/tools/kernel/definition/definition.sh
+ declare -F stoleus_definition_is_frozen
+ [[ ! -f /c/Users/ivans/Desktop/Projects/TOOLS/tools/kernel/definition/definition.sh ]]
+ grep -qE '^stoleus_definition_is_frozen\(\)[[:space:]]*\{' /c/Users/ivans/Desktop/Projects/TOOLS/tools/kernel/definition/definition.sh
+ [[ internal == \i\n\t\e\r\n\a\l ]]
+ [[ internal != \i\n\t\e\r\n\a\l ]]
+ [[ internal != \i\n\t\e\r\n\a\l ]]
+ for api_index in "${!STOLEUS_API_FUNCTIONS[@]}"
+ function_name=stoleus_definition_register
+ visibility=internal
+ stability=internal
+ owner=kernel/definition/definition.sh
+ owner_path=/c/Users/ivans/Desktop/Projects/TOOLS/tools/kernel/definition/definition.sh
+ declare -F stoleus_definition_register
+ [[ ! -f /c/Users/ivans/Desktop/Projects/TOOLS/tools/kernel/definition/definition.sh ]]
+ grep -qE '^stoleus_definition_register\(\)[[:space:]]*\{' /c/Users/ivans/Desktop/Projects/TOOLS/tools/kernel/definition/definition.sh
+ [[ internal == \i\n\t\e\r\n\a\l ]]
+ [[ internal != \i\n\t\e\r\n\a\l ]]
+ [[ internal != \i\n\t\e\r\n\a\l ]]
+ for api_index in "${!STOLEUS_API_FUNCTIONS[@]}"
+ function_name=stoleus_manifest_bash_load
+ visibility=internal
+ stability=internal
+ owner=kernel/definition/providers/bash.sh
+ owner_path=/c/Users/ivans/Desktop/Projects/TOOLS/tools/kernel/definition/providers/bash.sh
+ declare -F stoleus_manifest_bash_load
+ [[ ! -f /c/Users/ivans/Desktop/Projects/TOOLS/tools/kernel/definition/providers/bash.sh ]]
+ grep -qE '^stoleus_manifest_bash_load\(\)[[:space:]]*\{' /c/Users/ivans/Desktop/Projects/TOOLS/tools/kernel/definition/providers/bash.sh
+ [[ internal == \i\n\t\e\r\n\a\l ]]
+ [[ internal != \i\n\t\e\r\n\a\l ]]
+ [[ internal != \i\n\t\e\r\n\a\l ]]
+ for api_index in "${!STOLEUS_API_FUNCTIONS[@]}"
+ function_name=stoleus_plugin_begin
+ visibility=dsl
+ stability=stable
+ owner=kernel/definition/providers/bash.sh
+ owner_path=/c/Users/ivans/Desktop/Projects/TOOLS/tools/kernel/definition/providers/bash.sh
+ declare -F stoleus_plugin_begin
+ [[ ! -f /c/Users/ivans/Desktop/Projects/TOOLS/tools/kernel/definition/providers/bash.sh ]]
+ grep -qE '^stoleus_plugin_begin\(\)[[:space:]]*\{' /c/Users/ivans/Desktop/Projects/TOOLS/tools/kernel/definition/providers/bash.sh
+ [[ dsl == \i\n\t\e\r\n\a\l ]]
+ [[ dsl != \i\n\t\e\r\n\a\l ]]
+ [[ stable == \i\n\t\e\r\n\a\l ]]
+ for api_index in "${!STOLEUS_API_FUNCTIONS[@]}"
+ function_name=stoleus_plugin_description
+ visibility=dsl
+ stability=stable
+ owner=kernel/definition/providers/bash.sh
+ owner_path=/c/Users/ivans/Desktop/Projects/TOOLS/tools/kernel/definition/providers/bash.sh
+ declare -F stoleus_plugin_description
+ [[ ! -f /c/Users/ivans/Desktop/Projects/TOOLS/tools/kernel/definition/providers/bash.sh ]]
+ grep -qE '^stoleus_plugin_description\(\)[[:space:]]*\{' /c/Users/ivans/Desktop/Projects/TOOLS/tools/kernel/definition/providers/bash.sh
+ [[ dsl == \i\n\t\e\r\n\a\l ]]
+ [[ dsl != \i\n\t\e\r\n\a\l ]]
+ [[ stable == \i\n\t\e\r\n\a\l ]]
+ for api_index in "${!STOLEUS_API_FUNCTIONS[@]}"
+ function_name=stoleus_plugin_implementation
+ visibility=dsl
+ stability=stable
+ owner=kernel/definition/providers/bash.sh
+ owner_path=/c/Users/ivans/Desktop/Projects/TOOLS/tools/kernel/definition/providers/bash.sh
+ declare -F stoleus_plugin_implementation
+ [[ ! -f /c/Users/ivans/Desktop/Projects/TOOLS/tools/kernel/definition/providers/bash.sh ]]
+ grep -qE '^stoleus_plugin_implementation\(\)[[:space:]]*\{' /c/Users/ivans/Desktop/Projects/TOOLS/tools/kernel/definition/providers/bash.sh
+ [[ dsl == \i\n\t\e\r\n\a\l ]]
+ [[ dsl != \i\n\t\e\r\n\a\l ]]
+ [[ stable == \i\n\t\e\r\n\a\l ]]
+ for api_index in "${!STOLEUS_API_FUNCTIONS[@]}"
+ function_name=stoleus_plugin_dependencies
+ visibility=dsl
+ stability=stable
+ owner=kernel/definition/providers/bash.sh
+ owner_path=/c/Users/ivans/Desktop/Projects/TOOLS/tools/kernel/definition/providers/bash.sh
+ declare -F stoleus_plugin_dependencies
+ [[ ! -f /c/Users/ivans/Desktop/Projects/TOOLS/tools/kernel/definition/providers/bash.sh ]]
+ grep -qE '^stoleus_plugin_dependencies\(\)[[:space:]]*\{' /c/Users/ivans/Desktop/Projects/TOOLS/tools/kernel/definition/providers/bash.sh
+ [[ dsl == \i\n\t\e\r\n\a\l ]]
+ [[ dsl != \i\n\t\e\r\n\a\l ]]
+ [[ stable == \i\n\t\e\r\n\a\l ]]
+ for api_index in "${!STOLEUS_API_FUNCTIONS[@]}"
+ function_name=stoleus_plugin_capabilities
+ visibility=dsl
+ stability=stable
+ owner=kernel/definition/providers/bash.sh
+ owner_path=/c/Users/ivans/Desktop/Projects/TOOLS/tools/kernel/definition/providers/bash.sh
+ declare -F stoleus_plugin_capabilities
+ [[ ! -f /c/Users/ivans/Desktop/Projects/TOOLS/tools/kernel/definition/providers/bash.sh ]]
+ grep -qE '^stoleus_plugin_capabilities\(\)[[:space:]]*\{' /c/Users/ivans/Desktop/Projects/TOOLS/tools/kernel/definition/providers/bash.sh
+ [[ dsl == \i\n\t\e\r\n\a\l ]]
+ [[ dsl != \i\n\t\e\r\n\a\l ]]
+ [[ stable == \i\n\t\e\r\n\a\l ]]
+ for api_index in "${!STOLEUS_API_FUNCTIONS[@]}"
+ function_name=stoleus_plugin_requires_capabilities
+ visibility=dsl
+ stability=experimental
+ owner=kernel/definition/providers/bash.sh
+ owner_path=/c/Users/ivans/Desktop/Projects/TOOLS/tools/kernel/definition/providers/bash.sh
+ declare -F stoleus_plugin_requires_capabilities
+ [[ ! -f /c/Users/ivans/Desktop/Projects/TOOLS/tools/kernel/definition/providers/bash.sh ]]
+ grep -qE '^stoleus_plugin_requires_capabilities\(\)[[:space:]]*\{' /c/Users/ivans/Desktop/Projects/TOOLS/tools/kernel/definition/providers/bash.sh
+ [[ dsl == \i\n\t\e\r\n\a\l ]]
+ [[ dsl != \i\n\t\e\r\n\a\l ]]
+ [[ experimental == \i\n\t\e\r\n\a\l ]]
+ for api_index in "${!STOLEUS_API_FUNCTIONS[@]}"
+ function_name=stoleus_plugin_provides_capabilities
+ visibility=dsl
+ stability=experimental
+ owner=kernel/definition/providers/bash.sh
+ owner_path=/c/Users/ivans/Desktop/Projects/TOOLS/tools/kernel/definition/providers/bash.sh
+ declare -F stoleus_plugin_provides_capabilities
+ [[ ! -f /c/Users/ivans/Desktop/Projects/TOOLS/tools/kernel/definition/providers/bash.sh ]]
+ grep -qE '^stoleus_plugin_provides_capabilities\(\)[[:space:]]*\{' /c/Users/ivans/Desktop/Projects/TOOLS/tools/kernel/definition/providers/bash.sh
+ [[ dsl == \i\n\t\e\r\n\a\l ]]
+ [[ dsl != \i\n\t\e\r\n\a\l ]]
+ [[ experimental == \i\n\t\e\r\n\a\l ]]
+ for api_index in "${!STOLEUS_API_FUNCTIONS[@]}"
+ function_name=stoleus_plugin_requires_services
+ visibility=dsl
+ stability=experimental
+ owner=kernel/definition/providers/bash.sh
+ owner_path=/c/Users/ivans/Desktop/Projects/TOOLS/tools/kernel/definition/providers/bash.sh
+ declare -F stoleus_plugin_requires_services
+ [[ ! -f /c/Users/ivans/Desktop/Projects/TOOLS/tools/kernel/definition/providers/bash.sh ]]
+ grep -qE '^stoleus_plugin_requires_services\(\)[[:space:]]*\{' /c/Users/ivans/Desktop/Projects/TOOLS/tools/kernel/definition/providers/bash.sh
+ [[ dsl == \i\n\t\e\r\n\a\l ]]
+ [[ dsl != \i\n\t\e\r\n\a\l ]]
+ [[ experimental == \i\n\t\e\r\n\a\l ]]
+ for api_index in "${!STOLEUS_API_FUNCTIONS[@]}"
+ function_name=stoleus_plugin_provides_service
+ visibility=dsl
+ stability=experimental
+ owner=kernel/definition/providers/bash.sh
+ owner_path=/c/Users/ivans/Desktop/Projects/TOOLS/tools/kernel/definition/providers/bash.sh
+ declare -F stoleus_plugin_provides_service
+ [[ ! -f /c/Users/ivans/Desktop/Projects/TOOLS/tools/kernel/definition/providers/bash.sh ]]
+ grep -qE '^stoleus_plugin_provides_service\(\)[[:space:]]*\{' /c/Users/ivans/Desktop/Projects/TOOLS/tools/kernel/definition/providers/bash.sh
+ [[ dsl == \i\n\t\e\r\n\a\l ]]
+ [[ dsl != \i\n\t\e\r\n\a\l ]]
+ [[ experimental == \i\n\t\e\r\n\a\l ]]
+ for api_index in "${!STOLEUS_API_FUNCTIONS[@]}"
+ function_name=stoleus_plugin_service_operation
+ visibility=dsl
+ stability=experimental
+ owner=kernel/definition/providers/bash.sh
+ owner_path=/c/Users/ivans/Desktop/Projects/TOOLS/tools/kernel/definition/providers/bash.sh
+ declare -F stoleus_plugin_service_operation
+ [[ ! -f /c/Users/ivans/Desktop/Projects/TOOLS/tools/kernel/definition/providers/bash.sh ]]
+ grep -qE '^stoleus_plugin_service_operation\(\)[[:space:]]*\{' /c/Users/ivans/Desktop/Projects/TOOLS/tools/kernel/definition/providers/bash.sh
+ [[ dsl == \i\n\t\e\r\n\a\l ]]
+ [[ dsl != \i\n\t\e\r\n\a\l ]]
+ [[ experimental == \i\n\t\e\r\n\a\l ]]
+ for api_index in "${!STOLEUS_API_FUNCTIONS[@]}"
+ function_name=stoleus_plugin_service_condition
+ visibility=dsl
+ stability=experimental
+ owner=kernel/definition/providers/bash.sh
+ owner_path=/c/Users/ivans/Desktop/Projects/TOOLS/tools/kernel/definition/providers/bash.sh
+ declare -F stoleus_plugin_service_condition
+ [[ ! -f /c/Users/ivans/Desktop/Projects/TOOLS/tools/kernel/definition/providers/bash.sh ]]
+ grep -qE '^stoleus_plugin_service_condition\(\)[[:space:]]*\{' /c/Users/ivans/Desktop/Projects/TOOLS/tools/kernel/definition/providers/bash.sh
+ [[ dsl == \i\n\t\e\r\n\a\l ]]
+ [[ dsl != \i\n\t\e\r\n\a\l ]]
+ [[ experimental == \i\n\t\e\r\n\a\l ]]
+ for api_index in "${!STOLEUS_API_FUNCTIONS[@]}"
+ function_name=stoleus_plugin_lifecycle
+ visibility=dsl
+ stability=stable
+ owner=kernel/definition/providers/bash.sh
+ owner_path=/c/Users/ivans/Desktop/Projects/TOOLS/tools/kernel/definition/providers/bash.sh
+ declare -F stoleus_plugin_lifecycle
+ [[ ! -f /c/Users/ivans/Desktop/Projects/TOOLS/tools/kernel/definition/providers/bash.sh ]]
+ grep -qE '^stoleus_plugin_lifecycle\(\)[[:space:]]*\{' /c/Users/ivans/Desktop/Projects/TOOLS/tools/kernel/definition/providers/bash.sh
+ [[ dsl == \i\n\t\e\r\n\a\l ]]
+ [[ dsl != \i\n\t\e\r\n\a\l ]]
+ [[ stable == \i\n\t\e\r\n\a\l ]]
+ for api_index in "${!STOLEUS_API_FUNCTIONS[@]}"
+ function_name=stoleus_plugin_end
+ visibility=dsl
+ stability=stable
+ owner=kernel/definition/providers/bash.sh
+ owner_path=/c/Users/ivans/Desktop/Projects/TOOLS/tools/kernel/definition/providers/bash.sh
+ declare -F stoleus_plugin_end
+ [[ ! -f /c/Users/ivans/Desktop/Projects/TOOLS/tools/kernel/definition/providers/bash.sh ]]
+ grep -qE '^stoleus_plugin_end\(\)[[:space:]]*\{' /c/Users/ivans/Desktop/Projects/TOOLS/tools/kernel/definition/providers/bash.sh
+ [[ dsl == \i\n\t\e\r\n\a\l ]]
+ [[ dsl != \i\n\t\e\r\n\a\l ]]
+ [[ stable == \i\n\t\e\r\n\a\l ]]
+ for api_index in "${!STOLEUS_API_FUNCTIONS[@]}"
+ function_name=stoleus_registry_initialize
+ visibility=internal
+ stability=internal
+ owner=kernel/registry/registry.sh
+ owner_path=/c/Users/ivans/Desktop/Projects/TOOLS/tools/kernel/registry/registry.sh
+ declare -F stoleus_registry_initialize
+ [[ ! -f /c/Users/ivans/Desktop/Projects/TOOLS/tools/kernel/registry/registry.sh ]]
+ grep -qE '^stoleus_registry_initialize\(\)[[:space:]]*\{' /c/Users/ivans/Desktop/Projects/TOOLS/tools/kernel/registry/registry.sh
+ [[ internal == \i\n\t\e\r\n\a\l ]]
+ [[ internal != \i\n\t\e\r\n\a\l ]]
+ [[ internal != \i\n\t\e\r\n\a\l ]]
+ for api_index in "${!STOLEUS_API_FUNCTIONS[@]}"
+ function_name=stoleus_registry_import_definitions
+ visibility=internal
+ stability=internal
+ owner=kernel/registry/registry.sh
+ owner_path=/c/Users/ivans/Desktop/Projects/TOOLS/tools/kernel/registry/registry.sh
+ declare -F stoleus_registry_import_definitions
+ [[ ! -f /c/Users/ivans/Desktop/Projects/TOOLS/tools/kernel/registry/registry.sh ]]
+ grep -qE '^stoleus_registry_import_definitions\(\)[[:space:]]*\{' /c/Users/ivans/Desktop/Projects/TOOLS/tools/kernel/registry/registry.sh
+ [[ internal == \i\n\t\e\r\n\a\l ]]
+ [[ internal != \i\n\t\e\r\n\a\l ]]
+ [[ internal != \i\n\t\e\r\n\a\l ]]
+ for api_index in "${!STOLEUS_API_FUNCTIONS[@]}"
+ function_name=stoleus_registry_contains
+ visibility=public
+ stability=stable
+ owner=kernel/registry/registry.sh
+ owner_path=/c/Users/ivans/Desktop/Projects/TOOLS/tools/kernel/registry/registry.sh
+ declare -F stoleus_registry_contains
+ [[ ! -f /c/Users/ivans/Desktop/Projects/TOOLS/tools/kernel/registry/registry.sh ]]
+ grep -qE '^stoleus_registry_contains\(\)[[:space:]]*\{' /c/Users/ivans/Desktop/Projects/TOOLS/tools/kernel/registry/registry.sh
+ [[ public == \i\n\t\e\r\n\a\l ]]
+ [[ public != \i\n\t\e\r\n\a\l ]]
+ [[ stable == \i\n\t\e\r\n\a\l ]]
+ for api_index in "${!STOLEUS_API_FUNCTIONS[@]}"
+ function_name=stoleus_registry_get_index
+ visibility=public
+ stability=stable
+ owner=kernel/registry/registry.sh
+ owner_path=/c/Users/ivans/Desktop/Projects/TOOLS/tools/kernel/registry/registry.sh
+ declare -F stoleus_registry_get_index
+ [[ ! -f /c/Users/ivans/Desktop/Projects/TOOLS/tools/kernel/registry/registry.sh ]]
+ grep -qE '^stoleus_registry_get_index\(\)[[:space:]]*\{' /c/Users/ivans/Desktop/Projects/TOOLS/tools/kernel/registry/registry.sh
+ [[ public == \i\n\t\e\r\n\a\l ]]
+ [[ public != \i\n\t\e\r\n\a\l ]]
+ [[ stable == \i\n\t\e\r\n\a\l ]]
+ for api_index in "${!STOLEUS_API_FUNCTIONS[@]}"
+ function_name=stoleus_registry_get_count
+ visibility=public
+ stability=stable
+ owner=kernel/registry/registry.sh
+ owner_path=/c/Users/ivans/Desktop/Projects/TOOLS/tools/kernel/registry/registry.sh
+ declare -F stoleus_registry_get_count
+ [[ ! -f /c/Users/ivans/Desktop/Projects/TOOLS/tools/kernel/registry/registry.sh ]]
+ grep -qE '^stoleus_registry_get_count\(\)[[:space:]]*\{' /c/Users/ivans/Desktop/Projects/TOOLS/tools/kernel/registry/registry.sh
+ [[ public == \i\n\t\e\r\n\a\l ]]
+ [[ public != \i\n\t\e\r\n\a\l ]]
+ [[ stable == \i\n\t\e\r\n\a\l ]]
+ for api_index in "${!STOLEUS_API_FUNCTIONS[@]}"
+ function_name=stoleus_registry_get_id_by_index
+ visibility=public
+ stability=stable
+ owner=kernel/registry/registry.sh
+ owner_path=/c/Users/ivans/Desktop/Projects/TOOLS/tools/kernel/registry/registry.sh
+ declare -F stoleus_registry_get_id_by_index
+ [[ ! -f /c/Users/ivans/Desktop/Projects/TOOLS/tools/kernel/registry/registry.sh ]]
+ grep -qE '^stoleus_registry_get_id_by_index\(\)[[:space:]]*\{' /c/Users/ivans/Desktop/Projects/TOOLS/tools/kernel/registry/registry.sh
+ [[ public == \i\n\t\e\r\n\a\l ]]
+ [[ public != \i\n\t\e\r\n\a\l ]]
+ [[ stable == \i\n\t\e\r\n\a\l ]]
+ for api_index in "${!STOLEUS_API_FUNCTIONS[@]}"
+ function_name=stoleus_registry_get_field
+ visibility=public
+ stability=stable
+ owner=kernel/registry/registry.sh
+ owner_path=/c/Users/ivans/Desktop/Projects/TOOLS/tools/kernel/registry/registry.sh
+ declare -F stoleus_registry_get_field
+ [[ ! -f /c/Users/ivans/Desktop/Projects/TOOLS/tools/kernel/registry/registry.sh ]]
+ grep -qE '^stoleus_registry_get_field\(\)[[:space:]]*\{' /c/Users/ivans/Desktop/Projects/TOOLS/tools/kernel/registry/registry.sh
+ [[ public == \i\n\t\e\r\n\a\l ]]
+ [[ public != \i\n\t\e\r\n\a\l ]]
+ [[ stable == \i\n\t\e\r\n\a\l ]]
+ for api_index in "${!STOLEUS_API_FUNCTIONS[@]}"
+ function_name=stoleus_registry_get_field_by_index
+ visibility=public
+ stability=stable
+ owner=kernel/registry/registry.sh
+ owner_path=/c/Users/ivans/Desktop/Projects/TOOLS/tools/kernel/registry/registry.sh
+ declare -F stoleus_registry_get_field_by_index
+ [[ ! -f /c/Users/ivans/Desktop/Projects/TOOLS/tools/kernel/registry/registry.sh ]]
+ grep -qE '^stoleus_registry_get_field_by_index\(\)[[:space:]]*\{' /c/Users/ivans/Desktop/Projects/TOOLS/tools/kernel/registry/registry.sh
+ [[ public == \i\n\t\e\r\n\a\l ]]
+ [[ public != \i\n\t\e\r\n\a\l ]]
+ [[ stable == \i\n\t\e\r\n\a\l ]]
+ for api_index in "${!STOLEUS_API_FUNCTIONS[@]}"
+ function_name=stoleus_registry_list
+ visibility=public
+ stability=stable
+ owner=kernel/registry/registry.sh
+ owner_path=/c/Users/ivans/Desktop/Projects/TOOLS/tools/kernel/registry/registry.sh
+ declare -F stoleus_registry_list
+ [[ ! -f /c/Users/ivans/Desktop/Projects/TOOLS/tools/kernel/registry/registry.sh ]]
+ grep -qE '^stoleus_registry_list\(\)[[:space:]]*\{' /c/Users/ivans/Desktop/Projects/TOOLS/tools/kernel/registry/registry.sh
+ [[ public == \i\n\t\e\r\n\a\l ]]
+ [[ public != \i\n\t\e\r\n\a\l ]]
+ [[ stable == \i\n\t\e\r\n\a\l ]]
+ for api_index in "${!STOLEUS_API_FUNCTIONS[@]}"
+ function_name=stoleus_registry_list_ids
+ visibility=public
+ stability=stable
+ owner=kernel/registry/registry.sh
+ owner_path=/c/Users/ivans/Desktop/Projects/TOOLS/tools/kernel/registry/registry.sh
+ declare -F stoleus_registry_list_ids
+ [[ ! -f /c/Users/ivans/Desktop/Projects/TOOLS/tools/kernel/registry/registry.sh ]]
+ grep -qE '^stoleus_registry_list_ids\(\)[[:space:]]*\{' /c/Users/ivans/Desktop/Projects/TOOLS/tools/kernel/registry/registry.sh
+ [[ public == \i\n\t\e\r\n\a\l ]]
+ [[ public != \i\n\t\e\r\n\a\l ]]
+ [[ stable == \i\n\t\e\r\n\a\l ]]
+ for api_index in "${!STOLEUS_API_FUNCTIONS[@]}"
+ function_name=stoleus_registry_is_frozen
+ visibility=public
+ stability=stable
+ owner=kernel/registry/registry.sh
+ owner_path=/c/Users/ivans/Desktop/Projects/TOOLS/tools/kernel/registry/registry.sh
+ declare -F stoleus_registry_is_frozen
+ [[ ! -f /c/Users/ivans/Desktop/Projects/TOOLS/tools/kernel/registry/registry.sh ]]
+ grep -qE '^stoleus_registry_is_frozen\(\)[[:space:]]*\{' /c/Users/ivans/Desktop/Projects/TOOLS/tools/kernel/registry/registry.sh
+ [[ public == \i\n\t\e\r\n\a\l ]]
+ [[ public != \i\n\t\e\r\n\a\l ]]
+ [[ stable == \i\n\t\e\r\n\a\l ]]
+ for api_index in "${!STOLEUS_API_FUNCTIONS[@]}"
+ function_name=stoleus_registry_freeze
+ visibility=internal
+ stability=internal
+ owner=kernel/registry/registry.sh
+ owner_path=/c/Users/ivans/Desktop/Projects/TOOLS/tools/kernel/registry/registry.sh
+ declare -F stoleus_registry_freeze
+ [[ ! -f /c/Users/ivans/Desktop/Projects/TOOLS/tools/kernel/registry/registry.sh ]]
+ grep -qE '^stoleus_registry_freeze\(\)[[:space:]]*\{' /c/Users/ivans/Desktop/Projects/TOOLS/tools/kernel/registry/registry.sh
+ [[ internal == \i\n\t\e\r\n\a\l ]]
+ [[ internal != \i\n\t\e\r\n\a\l ]]
+ [[ internal != \i\n\t\e\r\n\a\l ]]
+ for api_index in "${!STOLEUS_API_FUNCTIONS[@]}"
+ function_name=stoleus_registry_reset
+ visibility=public
+ stability=stable
+ owner=kernel/registry/registry.sh
+ owner_path=/c/Users/ivans/Desktop/Projects/TOOLS/tools/kernel/registry/registry.sh
+ declare -F stoleus_registry_reset
+ [[ ! -f /c/Users/ivans/Desktop/Projects/TOOLS/tools/kernel/registry/registry.sh ]]
+ grep -qE '^stoleus_registry_reset\(\)[[:space:]]*\{' /c/Users/ivans/Desktop/Projects/TOOLS/tools/kernel/registry/registry.sh
+ [[ public == \i\n\t\e\r\n\a\l ]]
+ [[ public != \i\n\t\e\r\n\a\l ]]
+ [[ stable == \i\n\t\e\r\n\a\l ]]
+ for api_index in "${!STOLEUS_API_FUNCTIONS[@]}"
+ function_name=stoleus_contract_definition_initialize
+ visibility=internal
+ stability=internal
+ owner=kernel/contract/definition.sh
+ owner_path=/c/Users/ivans/Desktop/Projects/TOOLS/tools/kernel/contract/definition.sh
+ declare -F stoleus_contract_definition_initialize
+ [[ ! -f /c/Users/ivans/Desktop/Projects/TOOLS/tools/kernel/contract/definition.sh ]]
+ grep -qE '^stoleus_contract_definition_initialize\(\)[[:space:]]*\{' /c/Users/ivans/Desktop/Projects/TOOLS/tools/kernel/contract/definition.sh
+ [[ internal == \i\n\t\e\r\n\a\l ]]
+ [[ internal != \i\n\t\e\r\n\a\l ]]
+ [[ internal != \i\n\t\e\r\n\a\l ]]
+ for api_index in "${!STOLEUS_API_FUNCTIONS[@]}"
+ function_name=stoleus_contract_definition_add_root
+ visibility=public
+ stability=stable
+ owner=kernel/contract/definition.sh
+ owner_path=/c/Users/ivans/Desktop/Projects/TOOLS/tools/kernel/contract/definition.sh
+ declare -F stoleus_contract_definition_add_root
+ [[ ! -f /c/Users/ivans/Desktop/Projects/TOOLS/tools/kernel/contract/definition.sh ]]
+ grep -qE '^stoleus_contract_definition_add_root\(\)[[:space:]]*\{' /c/Users/ivans/Desktop/Projects/TOOLS/tools/kernel/contract/definition.sh
+ [[ public == \i\n\t\e\r\n\a\l ]]
+ [[ public != \i\n\t\e\r\n\a\l ]]
+ [[ stable == \i\n\t\e\r\n\a\l ]]
+ for api_index in "${!STOLEUS_API_FUNCTIONS[@]}"
+ function_name=stoleus_contract_definition_build_all
+ visibility=public
+ stability=stable
+ owner=kernel/contract/definition.sh
+ owner_path=/c/Users/ivans/Desktop/Projects/TOOLS/tools/kernel/contract/definition.sh
+ declare -F stoleus_contract_definition_build_all
+ [[ ! -f /c/Users/ivans/Desktop/Projects/TOOLS/tools/kernel/contract/definition.sh ]]
+ grep -qE '^stoleus_contract_definition_build_all\(\)[[:space:]]*\{' /c/Users/ivans/Desktop/Projects/TOOLS/tools/kernel/contract/definition.sh
+ [[ public == \i\n\t\e\r\n\a\l ]]
+ [[ public != \i\n\t\e\r\n\a\l ]]
+ [[ stable == \i\n\t\e\r\n\a\l ]]
+ for api_index in "${!STOLEUS_API_FUNCTIONS[@]}"
+ function_name=stoleus_contract_definition_exists
+ visibility=public
+ stability=stable
+ owner=kernel/contract/definition.sh
+ owner_path=/c/Users/ivans/Desktop/Projects/TOOLS/tools/kernel/contract/definition.sh
+ declare -F stoleus_contract_definition_exists
+ [[ ! -f /c/Users/ivans/Desktop/Projects/TOOLS/tools/kernel/contract/definition.sh ]]
+ grep -qE '^stoleus_contract_definition_exists\(\)[[:space:]]*\{' /c/Users/ivans/Desktop/Projects/TOOLS/tools/kernel/contract/definition.sh
+ [[ public == \i\n\t\e\r\n\a\l ]]
+ [[ public != \i\n\t\e\r\n\a\l ]]
+ [[ stable == \i\n\t\e\r\n\a\l ]]
+ for api_index in "${!STOLEUS_API_FUNCTIONS[@]}"
+ function_name=stoleus_contract_definition_get_index
+ visibility=public
+ stability=stable
+ owner=kernel/contract/definition.sh
+ owner_path=/c/Users/ivans/Desktop/Projects/TOOLS/tools/kernel/contract/definition.sh
+ declare -F stoleus_contract_definition_get_index
+ [[ ! -f /c/Users/ivans/Desktop/Projects/TOOLS/tools/kernel/contract/definition.sh ]]
+ grep -qE '^stoleus_contract_definition_get_index\(\)[[:space:]]*\{' /c/Users/ivans/Desktop/Projects/TOOLS/tools/kernel/contract/definition.sh
+ [[ public == \i\n\t\e\r\n\a\l ]]
+ [[ public != \i\n\t\e\r\n\a\l ]]
+ [[ stable == \i\n\t\e\r\n\a\l ]]
+ for api_index in "${!STOLEUS_API_FUNCTIONS[@]}"
+ function_name=stoleus_contract_definition_get_field
+ visibility=public
+ stability=stable
+ owner=kernel/contract/definition.sh
+ owner_path=/c/Users/ivans/Desktop/Projects/TOOLS/tools/kernel/contract/definition.sh
+ declare -F stoleus_contract_definition_get_field
+ [[ ! -f /c/Users/ivans/Desktop/Projects/TOOLS/tools/kernel/contract/definition.sh ]]
+ grep -qE '^stoleus_contract_definition_get_field\(\)[[:space:]]*\{' /c/Users/ivans/Desktop/Projects/TOOLS/tools/kernel/contract/definition.sh
+ [[ public == \i\n\t\e\r\n\a\l ]]
+ [[ public != \i\n\t\e\r\n\a\l ]]
+ [[ stable == \i\n\t\e\r\n\a\l ]]
+ for api_index in "${!STOLEUS_API_FUNCTIONS[@]}"
+ function_name=stoleus_contract_definition_list
+ visibility=public
+ stability=stable
+ owner=kernel/contract/definition.sh
+ owner_path=/c/Users/ivans/Desktop/Projects/TOOLS/tools/kernel/contract/definition.sh
+ declare -F stoleus_contract_definition_list
+ [[ ! -f /c/Users/ivans/Desktop/Projects/TOOLS/tools/kernel/contract/definition.sh ]]
+ grep -qE '^stoleus_contract_definition_list\(\)[[:space:]]*\{' /c/Users/ivans/Desktop/Projects/TOOLS/tools/kernel/contract/definition.sh
+ [[ public == \i\n\t\e\r\n\a\l ]]
+ [[ public != \i\n\t\e\r\n\a\l ]]
+ [[ stable == \i\n\t\e\r\n\a\l ]]
+ for api_index in "${!STOLEUS_API_FUNCTIONS[@]}"
+ function_name=stoleus_contract_definition_list_operations
+ visibility=public
+ stability=stable
+ owner=kernel/contract/definition.sh
+ owner_path=/c/Users/ivans/Desktop/Projects/TOOLS/tools/kernel/contract/definition.sh
+ declare -F stoleus_contract_definition_list_operations
+ [[ ! -f /c/Users/ivans/Desktop/Projects/TOOLS/tools/kernel/contract/definition.sh ]]
+ grep -qE '^stoleus_contract_definition_list_operations\(\)[[:space:]]*\{' /c/Users/ivans/Desktop/Projects/TOOLS/tools/kernel/contract/definition.sh
+ [[ public == \i\n\t\e\r\n\a\l ]]
+ [[ public != \i\n\t\e\r\n\a\l ]]
+ [[ stable == \i\n\t\e\r\n\a\l ]]
+ for api_index in "${!STOLEUS_API_FUNCTIONS[@]}"
+ function_name=stoleus_contract_definition_is_frozen
+ visibility=internal
+ stability=internal
+ owner=kernel/contract/definition.sh
+ owner_path=/c/Users/ivans/Desktop/Projects/TOOLS/tools/kernel/contract/definition.sh
+ declare -F stoleus_contract_definition_is_frozen
+ [[ ! -f /c/Users/ivans/Desktop/Projects/TOOLS/tools/kernel/contract/definition.sh ]]
+ grep -qE '^stoleus_contract_definition_is_frozen\(\)[[:space:]]*\{' /c/Users/ivans/Desktop/Projects/TOOLS/tools/kernel/contract/definition.sh
+ [[ internal == \i\n\t\e\r\n\a\l ]]
+ [[ internal != \i\n\t\e\r\n\a\l ]]
+ [[ internal != \i\n\t\e\r\n\a\l ]]
+ for api_index in "${!STOLEUS_API_FUNCTIONS[@]}"
+ function_name=stoleus_contract_definition_reset
+ visibility=public
+ stability=stable
+ owner=kernel/contract/definition.sh
+ owner_path=/c/Users/ivans/Desktop/Projects/TOOLS/tools/kernel/contract/definition.sh
+ declare -F stoleus_contract_definition_reset
+ [[ ! -f /c/Users/ivans/Desktop/Projects/TOOLS/tools/kernel/contract/definition.sh ]]
+ grep -qE '^stoleus_contract_definition_reset\(\)[[:space:]]*\{' /c/Users/ivans/Desktop/Projects/TOOLS/tools/kernel/contract/definition.sh
+ [[ public == \i\n\t\e\r\n\a\l ]]
+ [[ public != \i\n\t\e\r\n\a\l ]]
+ [[ stable == \i\n\t\e\r\n\a\l ]]
+ for api_index in "${!STOLEUS_API_FUNCTIONS[@]}"
+ function_name=stoleus_contract_begin
+ visibility=dsl
+ stability=stable
+ owner=kernel/contract/definition.sh
+ owner_path=/c/Users/ivans/Desktop/Projects/TOOLS/tools/kernel/contract/definition.sh
+ declare -F stoleus_contract_begin
+ [[ ! -f /c/Users/ivans/Desktop/Projects/TOOLS/tools/kernel/contract/definition.sh ]]
+ grep -qE '^stoleus_contract_begin\(\)[[:space:]]*\{' /c/Users/ivans/Desktop/Projects/TOOLS/tools/kernel/contract/definition.sh
+ [[ dsl == \i\n\t\e\r\n\a\l ]]
+ [[ dsl != \i\n\t\e\r\n\a\l ]]
+ [[ stable == \i\n\t\e\r\n\a\l ]]
+ for api_index in "${!STOLEUS_API_FUNCTIONS[@]}"
+ function_name=stoleus_contract_description
+ visibility=dsl
+ stability=stable
+ owner=kernel/contract/definition.sh
+ owner_path=/c/Users/ivans/Desktop/Projects/TOOLS/tools/kernel/contract/definition.sh
+ declare -F stoleus_contract_description
+ [[ ! -f /c/Users/ivans/Desktop/Projects/TOOLS/tools/kernel/contract/definition.sh ]]
+ grep -qE '^stoleus_contract_description\(\)[[:space:]]*\{' /c/Users/ivans/Desktop/Projects/TOOLS/tools/kernel/contract/definition.sh
+ [[ dsl == \i\n\t\e\r\n\a\l ]]
+ [[ dsl != \i\n\t\e\r\n\a\l ]]
+ [[ stable == \i\n\t\e\r\n\a\l ]]
+ for api_index in "${!STOLEUS_API_FUNCTIONS[@]}"
+ function_name=stoleus_contract_version
+ visibility=dsl
+ stability=stable
+ owner=kernel/contract/definition.sh
+ owner_path=/c/Users/ivans/Desktop/Projects/TOOLS/tools/kernel/contract/definition.sh
+ declare -F stoleus_contract_version
+ [[ ! -f /c/Users/ivans/Desktop/Projects/TOOLS/tools/kernel/contract/definition.sh ]]
+ grep -qE '^stoleus_contract_version\(\)[[:space:]]*\{' /c/Users/ivans/Desktop/Projects/TOOLS/tools/kernel/contract/definition.sh
+ [[ dsl == \i\n\t\e\r\n\a\l ]]
+ [[ dsl != \i\n\t\e\r\n\a\l ]]
+ [[ stable == \i\n\t\e\r\n\a\l ]]
+ for api_index in "${!STOLEUS_API_FUNCTIONS[@]}"
+ function_name=stoleus_contract_operation
+ visibility=dsl
+ stability=stable
+ owner=kernel/contract/definition.sh
+ owner_path=/c/Users/ivans/Desktop/Projects/TOOLS/tools/kernel/contract/definition.sh
+ declare -F stoleus_contract_operation
+ [[ ! -f /c/Users/ivans/Desktop/Projects/TOOLS/tools/kernel/contract/definition.sh ]]
+ grep -qE '^stoleus_contract_operation\(\)[[:space:]]*\{' /c/Users/ivans/Desktop/Projects/TOOLS/tools/kernel/contract/definition.sh
+ [[ dsl == \i\n\t\e\r\n\a\l ]]
+ [[ dsl != \i\n\t\e\r\n\a\l ]]
+ [[ stable == \i\n\t\e\r\n\a\l ]]
+ for api_index in "${!STOLEUS_API_FUNCTIONS[@]}"
+ function_name=stoleus_contract_end
+ visibility=dsl
+ stability=stable
+ owner=kernel/contract/definition.sh
+ owner_path=/c/Users/ivans/Desktop/Projects/TOOLS/tools/kernel/contract/definition.sh
+ declare -F stoleus_contract_end
+ [[ ! -f /c/Users/ivans/Desktop/Projects/TOOLS/tools/kernel/contract/definition.sh ]]
+ grep -qE '^stoleus_contract_end\(\)[[:space:]]*\{' /c/Users/ivans/Desktop/Projects/TOOLS/tools/kernel/contract/definition.sh
+ [[ dsl == \i\n\t\e\r\n\a\l ]]
+ [[ dsl != \i\n\t\e\r\n\a\l ]]
+ [[ stable == \i\n\t\e\r\n\a\l ]]
+ for api_index in "${!STOLEUS_API_FUNCTIONS[@]}"
+ function_name=stoleus_contract_registry_initialize
+ visibility=internal
+ stability=internal
+ owner=kernel/contract/registry.sh
+ owner_path=/c/Users/ivans/Desktop/Projects/TOOLS/tools/kernel/contract/registry.sh
+ declare -F stoleus_contract_registry_initialize
+ [[ ! -f /c/Users/ivans/Desktop/Projects/TOOLS/tools/kernel/contract/registry.sh ]]
+ grep -qE '^stoleus_contract_registry_initialize\(\)[[:space:]]*\{' /c/Users/ivans/Desktop/Projects/TOOLS/tools/kernel/contract/registry.sh
+ [[ internal == \i\n\t\e\r\n\a\l ]]
+ [[ internal != \i\n\t\e\r\n\a\l ]]
+ [[ internal != \i\n\t\e\r\n\a\l ]]
+ for api_index in "${!STOLEUS_API_FUNCTIONS[@]}"
+ function_name=stoleus_contract_registry_import_definitions
+ visibility=internal
+ stability=internal
+ owner=kernel/contract/registry.sh
+ owner_path=/c/Users/ivans/Desktop/Projects/TOOLS/tools/kernel/contract/registry.sh
+ declare -F stoleus_contract_registry_import_definitions
+ [[ ! -f /c/Users/ivans/Desktop/Projects/TOOLS/tools/kernel/contract/registry.sh ]]
+ grep -qE '^stoleus_contract_registry_import_definitions\(\)[[:space:]]*\{' /c/Users/ivans/Desktop/Projects/TOOLS/tools/kernel/contract/registry.sh
+ [[ internal == \i\n\t\e\r\n\a\l ]]
+ [[ internal != \i\n\t\e\r\n\a\l ]]
+ [[ internal != \i\n\t\e\r\n\a\l ]]
+ for api_index in "${!STOLEUS_API_FUNCTIONS[@]}"
+ function_name=stoleus_contract_registry_contains
+ visibility=public
+ stability=stable
+ owner=kernel/contract/registry.sh
+ owner_path=/c/Users/ivans/Desktop/Projects/TOOLS/tools/kernel/contract/registry.sh
+ declare -F stoleus_contract_registry_contains
+ [[ ! -f /c/Users/ivans/Desktop/Projects/TOOLS/tools/kernel/contract/registry.sh ]]
+ grep -qE '^stoleus_contract_registry_contains\(\)[[:space:]]*\{' /c/Users/ivans/Desktop/Projects/TOOLS/tools/kernel/contract/registry.sh
+ [[ public == \i\n\t\e\r\n\a\l ]]
+ [[ public != \i\n\t\e\r\n\a\l ]]
+ [[ stable == \i\n\t\e\r\n\a\l ]]
+ for api_index in "${!STOLEUS_API_FUNCTIONS[@]}"
+ function_name=stoleus_contract_registry_get_index
+ visibility=public
+ stability=stable
+ owner=kernel/contract/registry.sh
+ owner_path=/c/Users/ivans/Desktop/Projects/TOOLS/tools/kernel/contract/registry.sh
+ declare -F stoleus_contract_registry_get_index
+ [[ ! -f /c/Users/ivans/Desktop/Projects/TOOLS/tools/kernel/contract/registry.sh ]]
+ grep -qE '^stoleus_contract_registry_get_index\(\)[[:space:]]*\{' /c/Users/ivans/Desktop/Projects/TOOLS/tools/kernel/contract/registry.sh
+ [[ public == \i\n\t\e\r\n\a\l ]]
+ [[ public != \i\n\t\e\r\n\a\l ]]
+ [[ stable == \i\n\t\e\r\n\a\l ]]
+ for api_index in "${!STOLEUS_API_FUNCTIONS[@]}"
+ function_name=stoleus_contract_registry_get_field
+ visibility=public
+ stability=stable
+ owner=kernel/contract/registry.sh
+ owner_path=/c/Users/ivans/Desktop/Projects/TOOLS/tools/kernel/contract/registry.sh
+ declare -F stoleus_contract_registry_get_field
+ [[ ! -f /c/Users/ivans/Desktop/Projects/TOOLS/tools/kernel/contract/registry.sh ]]
+ grep -qE '^stoleus_contract_registry_get_field\(\)[[:space:]]*\{' /c/Users/ivans/Desktop/Projects/TOOLS/tools/kernel/contract/registry.sh
+ [[ public == \i\n\t\e\r\n\a\l ]]
+ [[ public != \i\n\t\e\r\n\a\l ]]
+ [[ stable == \i\n\t\e\r\n\a\l ]]
+ for api_index in "${!STOLEUS_API_FUNCTIONS[@]}"
+ function_name=stoleus_contract_registry_get_count
+ visibility=public
+ stability=stable
+ owner=kernel/contract/registry.sh
+ owner_path=/c/Users/ivans/Desktop/Projects/TOOLS/tools/kernel/contract/registry.sh
+ declare -F stoleus_contract_registry_get_count
+ [[ ! -f /c/Users/ivans/Desktop/Projects/TOOLS/tools/kernel/contract/registry.sh ]]
+ grep -qE '^stoleus_contract_registry_get_count\(\)[[:space:]]*\{' /c/Users/ivans/Desktop/Projects/TOOLS/tools/kernel/contract/registry.sh
+ [[ public == \i\n\t\e\r\n\a\l ]]
+ [[ public != \i\n\t\e\r\n\a\l ]]
+ [[ stable == \i\n\t\e\r\n\a\l ]]
+ for api_index in "${!STOLEUS_API_FUNCTIONS[@]}"
+ function_name=stoleus_contract_registry_list
+ visibility=public
+ stability=stable
+ owner=kernel/contract/registry.sh
+ owner_path=/c/Users/ivans/Desktop/Projects/TOOLS/tools/kernel/contract/registry.sh
+ declare -F stoleus_contract_registry_list
+ [[ ! -f /c/Users/ivans/Desktop/Projects/TOOLS/tools/kernel/contract/registry.sh ]]
+ grep -qE '^stoleus_contract_registry_list\(\)[[:space:]]*\{' /c/Users/ivans/Desktop/Projects/TOOLS/tools/kernel/contract/registry.sh
+ [[ public == \i\n\t\e\r\n\a\l ]]
+ [[ public != \i\n\t\e\r\n\a\l ]]
+ [[ stable == \i\n\t\e\r\n\a\l ]]
+ for api_index in "${!STOLEUS_API_FUNCTIONS[@]}"
+ function_name=stoleus_contract_registry_list_operations
+ visibility=public
+ stability=stable
+ owner=kernel/contract/registry.sh
+ owner_path=/c/Users/ivans/Desktop/Projects/TOOLS/tools/kernel/contract/registry.sh
+ declare -F stoleus_contract_registry_list_operations
+ [[ ! -f /c/Users/ivans/Desktop/Projects/TOOLS/tools/kernel/contract/registry.sh ]]
+ grep -qE '^stoleus_contract_registry_list_operations\(\)[[:space:]]*\{' /c/Users/ivans/Desktop/Projects/TOOLS/tools/kernel/contract/registry.sh
+ [[ public == \i\n\t\e\r\n\a\l ]]
+ [[ public != \i\n\t\e\r\n\a\l ]]
+ [[ stable == \i\n\t\e\r\n\a\l ]]
+ for api_index in "${!STOLEUS_API_FUNCTIONS[@]}"
+ function_name=stoleus_contract_registry_is_frozen
+ visibility=public
+ stability=stable
+ owner=kernel/contract/registry.sh
+ owner_path=/c/Users/ivans/Desktop/Projects/TOOLS/tools/kernel/contract/registry.sh
+ declare -F stoleus_contract_registry_is_frozen
+ [[ ! -f /c/Users/ivans/Desktop/Projects/TOOLS/tools/kernel/contract/registry.sh ]]
+ grep -qE '^stoleus_contract_registry_is_frozen\(\)[[:space:]]*\{' /c/Users/ivans/Desktop/Projects/TOOLS/tools/kernel/contract/registry.sh
+ [[ public == \i\n\t\e\r\n\a\l ]]
+ [[ public != \i\n\t\e\r\n\a\l ]]
+ [[ stable == \i\n\t\e\r\n\a\l ]]
+ for api_index in "${!STOLEUS_API_FUNCTIONS[@]}"
+ function_name=stoleus_contract_registry_freeze
+ visibility=internal
+ stability=internal
+ owner=kernel/contract/registry.sh
+ owner_path=/c/Users/ivans/Desktop/Projects/TOOLS/tools/kernel/contract/registry.sh
+ declare -F stoleus_contract_registry_freeze
+ [[ ! -f /c/Users/ivans/Desktop/Projects/TOOLS/tools/kernel/contract/registry.sh ]]
+ grep -qE '^stoleus_contract_registry_freeze\(\)[[:space:]]*\{' /c/Users/ivans/Desktop/Projects/TOOLS/tools/kernel/contract/registry.sh
+ [[ internal == \i\n\t\e\r\n\a\l ]]
+ [[ internal != \i\n\t\e\r\n\a\l ]]
+ [[ internal != \i\n\t\e\r\n\a\l ]]
+ for api_index in "${!STOLEUS_API_FUNCTIONS[@]}"
+ function_name=stoleus_contract_registry_reset
+ visibility=public
+ stability=stable
+ owner=kernel/contract/registry.sh
+ owner_path=/c/Users/ivans/Desktop/Projects/TOOLS/tools/kernel/contract/registry.sh
+ declare -F stoleus_contract_registry_reset
+ [[ ! -f /c/Users/ivans/Desktop/Projects/TOOLS/tools/kernel/contract/registry.sh ]]
+ grep -qE '^stoleus_contract_registry_reset\(\)[[:space:]]*\{' /c/Users/ivans/Desktop/Projects/TOOLS/tools/kernel/contract/registry.sh
+ [[ public == \i\n\t\e\r\n\a\l ]]
+ [[ public != \i\n\t\e\r\n\a\l ]]
+ [[ stable == \i\n\t\e\r\n\a\l ]]
+ for api_index in "${!STOLEUS_API_FUNCTIONS[@]}"
+ function_name=stoleus_service_registry_initialize
+ visibility=internal
+ stability=internal
+ owner=kernel/service/registry.sh
+ owner_path=/c/Users/ivans/Desktop/Projects/TOOLS/tools/kernel/service/registry.sh
+ declare -F stoleus_service_registry_initialize
+ [[ ! -f /c/Users/ivans/Desktop/Projects/TOOLS/tools/kernel/service/registry.sh ]]
+ grep -qE '^stoleus_service_registry_initialize\(\)[[:space:]]*\{' /c/Users/ivans/Desktop/Projects/TOOLS/tools/kernel/service/registry.sh
+ [[ internal == \i\n\t\e\r\n\a\l ]]
+ [[ internal != \i\n\t\e\r\n\a\l ]]
+ [[ internal != \i\n\t\e\r\n\a\l ]]
+ for api_index in "${!STOLEUS_API_FUNCTIONS[@]}"
+ function_name=stoleus_service_registry_import_plugins
+ visibility=internal
+ stability=internal
+ owner=kernel/service/registry.sh
+ owner_path=/c/Users/ivans/Desktop/Projects/TOOLS/tools/kernel/service/registry.sh
+ declare -F stoleus_service_registry_import_plugins
+ [[ ! -f /c/Users/ivans/Desktop/Projects/TOOLS/tools/kernel/service/registry.sh ]]
+ grep -qE '^stoleus_service_registry_import_plugins\(\)[[:space:]]*\{' /c/Users/ivans/Desktop/Projects/TOOLS/tools/kernel/service/registry.sh
+ [[ internal == \i\n\t\e\r\n\a\l ]]
+ [[ internal != \i\n\t\e\r\n\a\l ]]
+ [[ internal != \i\n\t\e\r\n\a\l ]]
+ for api_index in "${!STOLEUS_API_FUNCTIONS[@]}"
+ function_name=stoleus_service_registry_contains
+ visibility=public
+ stability=experimental
+ owner=kernel/service/registry.sh
+ owner_path=/c/Users/ivans/Desktop/Projects/TOOLS/tools/kernel/service/registry.sh
+ declare -F stoleus_service_registry_contains
+ [[ ! -f /c/Users/ivans/Desktop/Projects/TOOLS/tools/kernel/service/registry.sh ]]
+ grep -qE '^stoleus_service_registry_contains\(\)[[:space:]]*\{' /c/Users/ivans/Desktop/Projects/TOOLS/tools/kernel/service/registry.sh
+ [[ public == \i\n\t\e\r\n\a\l ]]
+ [[ public != \i\n\t\e\r\n\a\l ]]
+ [[ experimental == \i\n\t\e\r\n\a\l ]]
+ for api_index in "${!STOLEUS_API_FUNCTIONS[@]}"
+ function_name=stoleus_service_registry_get_count
+ visibility=public
+ stability=experimental
+ owner=kernel/service/registry.sh
+ owner_path=/c/Users/ivans/Desktop/Projects/TOOLS/tools/kernel/service/registry.sh
+ declare -F stoleus_service_registry_get_count
+ [[ ! -f /c/Users/ivans/Desktop/Projects/TOOLS/tools/kernel/service/registry.sh ]]
+ grep -qE '^stoleus_service_registry_get_count\(\)[[:space:]]*\{' /c/Users/ivans/Desktop/Projects/TOOLS/tools/kernel/service/registry.sh
+ [[ public == \i\n\t\e\r\n\a\l ]]
+ [[ public != \i\n\t\e\r\n\a\l ]]
+ [[ experimental == \i\n\t\e\r\n\a\l ]]
+ for api_index in "${!STOLEUS_API_FUNCTIONS[@]}"
+ function_name=stoleus_service_registry_get_field
+ visibility=public
+ stability=experimental
+ owner=kernel/service/registry.sh
+ owner_path=/c/Users/ivans/Desktop/Projects/TOOLS/tools/kernel/service/registry.sh
+ declare -F stoleus_service_registry_get_field
+ [[ ! -f /c/Users/ivans/Desktop/Projects/TOOLS/tools/kernel/service/registry.sh ]]
+ grep -qE '^stoleus_service_registry_get_field\(\)[[:space:]]*\{' /c/Users/ivans/Desktop/Projects/TOOLS/tools/kernel/service/registry.sh
+ [[ public == \i\n\t\e\r\n\a\l ]]
+ [[ public != \i\n\t\e\r\n\a\l ]]
+ [[ experimental == \i\n\t\e\r\n\a\l ]]
+ for api_index in "${!STOLEUS_API_FUNCTIONS[@]}"
+ function_name=stoleus_service_registry_get_provider
+ visibility=public
+ stability=experimental
+ owner=kernel/service/registry.sh
+ owner_path=/c/Users/ivans/Desktop/Projects/TOOLS/tools/kernel/service/registry.sh
+ declare -F stoleus_service_registry_get_provider
+ [[ ! -f /c/Users/ivans/Desktop/Projects/TOOLS/tools/kernel/service/registry.sh ]]
+ grep -qE '^stoleus_service_registry_get_provider\(\)[[:space:]]*\{' /c/Users/ivans/Desktop/Projects/TOOLS/tools/kernel/service/registry.sh
+ [[ public == \i\n\t\e\r\n\a\l ]]
+ [[ public != \i\n\t\e\r\n\a\l ]]
+ [[ experimental == \i\n\t\e\r\n\a\l ]]
+ for api_index in "${!STOLEUS_API_FUNCTIONS[@]}"
+ function_name=stoleus_service_registry_get_operation_binding
+ visibility=public
+ stability=experimental
+ owner=kernel/service/registry.sh
+ owner_path=/c/Users/ivans/Desktop/Projects/TOOLS/tools/kernel/service/registry.sh
+ declare -F stoleus_service_registry_get_operation_binding
+ [[ ! -f /c/Users/ivans/Desktop/Projects/TOOLS/tools/kernel/service/registry.sh ]]
+ grep -qE '^stoleus_service_registry_get_operation_binding\(\)[[:space:]]*\{' /c/Users/ivans/Desktop/Projects/TOOLS/tools/kernel/service/registry.sh
+ [[ public == \i\n\t\e\r\n\a\l ]]
+ [[ public != \i\n\t\e\r\n\a\l ]]
+ [[ experimental == \i\n\t\e\r\n\a\l ]]
+ for api_index in "${!STOLEUS_API_FUNCTIONS[@]}"
+ function_name=stoleus_service_registry_list
+ visibility=public
+ stability=experimental
+ owner=kernel/service/registry.sh
+ owner_path=/c/Users/ivans/Desktop/Projects/TOOLS/tools/kernel/service/registry.sh
+ declare -F stoleus_service_registry_list
+ [[ ! -f /c/Users/ivans/Desktop/Projects/TOOLS/tools/kernel/service/registry.sh ]]
+ grep -qE '^stoleus_service_registry_list\(\)[[:space:]]*\{' /c/Users/ivans/Desktop/Projects/TOOLS/tools/kernel/service/registry.sh
+ [[ public == \i\n\t\e\r\n\a\l ]]
+ [[ public != \i\n\t\e\r\n\a\l ]]
+ [[ experimental == \i\n\t\e\r\n\a\l ]]
+ for api_index in "${!STOLEUS_API_FUNCTIONS[@]}"
+ function_name=stoleus_service_registry_list_providers
+ visibility=public
+ stability=experimental
+ owner=kernel/service/registry.sh
+ owner_path=/c/Users/ivans/Desktop/Projects/TOOLS/tools/kernel/service/registry.sh
+ declare -F stoleus_service_registry_list_providers
+ [[ ! -f /c/Users/ivans/Desktop/Projects/TOOLS/tools/kernel/service/registry.sh ]]
+ grep -qE '^stoleus_service_registry_list_providers\(\)[[:space:]]*\{' /c/Users/ivans/Desktop/Projects/TOOLS/tools/kernel/service/registry.sh
+ [[ public == \i\n\t\e\r\n\a\l ]]
+ [[ public != \i\n\t\e\r\n\a\l ]]
+ [[ experimental == \i\n\t\e\r\n\a\l ]]
+ for api_index in "${!STOLEUS_API_FUNCTIONS[@]}"
+ function_name=stoleus_service_registry_is_frozen
+ visibility=public
+ stability=experimental
+ owner=kernel/service/registry.sh
+ owner_path=/c/Users/ivans/Desktop/Projects/TOOLS/tools/kernel/service/registry.sh
+ declare -F stoleus_service_registry_is_frozen
+ [[ ! -f /c/Users/ivans/Desktop/Projects/TOOLS/tools/kernel/service/registry.sh ]]
+ grep -qE '^stoleus_service_registry_is_frozen\(\)[[:space:]]*\{' /c/Users/ivans/Desktop/Projects/TOOLS/tools/kernel/service/registry.sh
+ [[ public == \i\n\t\e\r\n\a\l ]]
+ [[ public != \i\n\t\e\r\n\a\l ]]
+ [[ experimental == \i\n\t\e\r\n\a\l ]]
+ for api_index in "${!STOLEUS_API_FUNCTIONS[@]}"
+ function_name=stoleus_service_registry_reset
+ visibility=public
+ stability=experimental
+ owner=kernel/service/registry.sh
+ owner_path=/c/Users/ivans/Desktop/Projects/TOOLS/tools/kernel/service/registry.sh
+ declare -F stoleus_service_registry_reset
+ [[ ! -f /c/Users/ivans/Desktop/Projects/TOOLS/tools/kernel/service/registry.sh ]]
+ grep -qE '^stoleus_service_registry_reset\(\)[[:space:]]*\{' /c/Users/ivans/Desktop/Projects/TOOLS/tools/kernel/service/registry.sh
+ [[ public == \i\n\t\e\r\n\a\l ]]
+ [[ public != \i\n\t\e\r\n\a\l ]]
+ [[ experimental == \i\n\t\e\r\n\a\l ]]
+ for api_index in "${!STOLEUS_API_FUNCTIONS[@]}"
+ function_name=stoleus_service_resolver_initialize
+ visibility=internal
+ stability=internal
+ owner=kernel/service/resolver.sh
+ owner_path=/c/Users/ivans/Desktop/Projects/TOOLS/tools/kernel/service/resolver.sh
+ declare -F stoleus_service_resolver_initialize
+ [[ ! -f /c/Users/ivans/Desktop/Projects/TOOLS/tools/kernel/service/resolver.sh ]]
+ grep -qE '^stoleus_service_resolver_initialize\(\)[[:space:]]*\{' /c/Users/ivans/Desktop/Projects/TOOLS/tools/kernel/service/resolver.sh
+ [[ internal == \i\n\t\e\r\n\a\l ]]
+ [[ internal != \i\n\t\e\r\n\a\l ]]
+ [[ internal != \i\n\t\e\r\n\a\l ]]
+ for api_index in "${!STOLEUS_API_FUNCTIONS[@]}"
+ function_name=stoleus_service_resolver_resolve
+ visibility=public
+ stability=experimental
+ owner=kernel/service/resolver.sh
+ owner_path=/c/Users/ivans/Desktop/Projects/TOOLS/tools/kernel/service/resolver.sh
+ declare -F stoleus_service_resolver_resolve
+ [[ ! -f /c/Users/ivans/Desktop/Projects/TOOLS/tools/kernel/service/resolver.sh ]]
+ grep -qE '^stoleus_service_resolver_resolve\(\)[[:space:]]*\{' /c/Users/ivans/Desktop/Projects/TOOLS/tools/kernel/service/resolver.sh
+ [[ public == \i\n\t\e\r\n\a\l ]]
+ [[ public != \i\n\t\e\r\n\a\l ]]
+ [[ experimental == \i\n\t\e\r\n\a\l ]]
+ for api_index in "${!STOLEUS_API_FUNCTIONS[@]}"
+ function_name=stoleus_service_resolver_get_provider
+ visibility=public
+ stability=experimental
+ owner=kernel/service/resolver.sh
+ owner_path=/c/Users/ivans/Desktop/Projects/TOOLS/tools/kernel/service/resolver.sh
+ declare -F stoleus_service_resolver_get_provider
+ [[ ! -f /c/Users/ivans/Desktop/Projects/TOOLS/tools/kernel/service/resolver.sh ]]
+ grep -qE '^stoleus_service_resolver_get_provider\(\)[[:space:]]*\{' /c/Users/ivans/Desktop/Projects/TOOLS/tools/kernel/service/resolver.sh
+ [[ public == \i\n\t\e\r\n\a\l ]]
+ [[ public != \i\n\t\e\r\n\a\l ]]
+ [[ experimental == \i\n\t\e\r\n\a\l ]]
+ for api_index in "${!STOLEUS_API_FUNCTIONS[@]}"
+ function_name=stoleus_service_resolver_get_provider_plugin
+ visibility=public
+ stability=experimental
+ owner=kernel/service/resolver.sh
+ owner_path=/c/Users/ivans/Desktop/Projects/TOOLS/tools/kernel/service/resolver.sh
+ declare -F stoleus_service_resolver_get_provider_plugin
+ [[ ! -f /c/Users/ivans/Desktop/Projects/TOOLS/tools/kernel/service/resolver.sh ]]
+ grep -qE '^stoleus_service_resolver_get_provider_plugin\(\)[[:space:]]*\{' /c/Users/ivans/Desktop/Projects/TOOLS/tools/kernel/service/resolver.sh
+ [[ public == \i\n\t\e\r\n\a\l ]]
+ [[ public != \i\n\t\e\r\n\a\l ]]
+ [[ experimental == \i\n\t\e\r\n\a\l ]]
+ for api_index in "${!STOLEUS_API_FUNCTIONS[@]}"
+ function_name=stoleus_service_resolver_get_operation_binding
+ visibility=public
+ stability=experimental
+ owner=kernel/service/resolver.sh
+ owner_path=/c/Users/ivans/Desktop/Projects/TOOLS/tools/kernel/service/resolver.sh
+ declare -F stoleus_service_resolver_get_operation_binding
+ [[ ! -f /c/Users/ivans/Desktop/Projects/TOOLS/tools/kernel/service/resolver.sh ]]
+ grep -qE '^stoleus_service_resolver_get_operation_binding\(\)[[:space:]]*\{' /c/Users/ivans/Desktop/Projects/TOOLS/tools/kernel/service/resolver.sh
+ [[ public == \i\n\t\e\r\n\a\l ]]
+ [[ public != \i\n\t\e\r\n\a\l ]]
+ [[ experimental == \i\n\t\e\r\n\a\l ]]
+ for api_index in "${!STOLEUS_API_FUNCTIONS[@]}"
+ function_name=stoleus_service_resolver_validate_registry
+ visibility=internal
+ stability=internal
+ owner=kernel/service/resolver.sh
+ owner_path=/c/Users/ivans/Desktop/Projects/TOOLS/tools/kernel/service/resolver.sh
+ declare -F stoleus_service_resolver_validate_registry
+ [[ ! -f /c/Users/ivans/Desktop/Projects/TOOLS/tools/kernel/service/resolver.sh ]]
+ grep -qE '^stoleus_service_resolver_validate_registry\(\)[[:space:]]*\{' /c/Users/ivans/Desktop/Projects/TOOLS/tools/kernel/service/resolver.sh
+ [[ internal == \i\n\t\e\r\n\a\l ]]
+ [[ internal != \i\n\t\e\r\n\a\l ]]
+ [[ internal != \i\n\t\e\r\n\a\l ]]
+ for api_index in "${!STOLEUS_API_FUNCTIONS[@]}"
+ function_name=stoleus_service_resolver_get_resolved
+ visibility=public
+ stability=experimental
+ owner=kernel/service/resolver.sh
+ owner_path=/c/Users/ivans/Desktop/Projects/TOOLS/tools/kernel/service/resolver.sh
+ declare -F stoleus_service_resolver_get_resolved
+ [[ ! -f /c/Users/ivans/Desktop/Projects/TOOLS/tools/kernel/service/resolver.sh ]]
+ grep -qE '^stoleus_service_resolver_get_resolved\(\)[[:space:]]*\{' /c/Users/ivans/Desktop/Projects/TOOLS/tools/kernel/service/resolver.sh
+ [[ public == \i\n\t\e\r\n\a\l ]]
+ [[ public != \i\n\t\e\r\n\a\l ]]
+ [[ experimental == \i\n\t\e\r\n\a\l ]]
+ for api_index in "${!STOLEUS_API_FUNCTIONS[@]}"
+ function_name=stoleus_service_resolver_is_resolved
+ visibility=public
+ stability=experimental
+ owner=kernel/service/resolver.sh
+ owner_path=/c/Users/ivans/Desktop/Projects/TOOLS/tools/kernel/service/resolver.sh
+ declare -F stoleus_service_resolver_is_resolved
+ [[ ! -f /c/Users/ivans/Desktop/Projects/TOOLS/tools/kernel/service/resolver.sh ]]
+ grep -qE '^stoleus_service_resolver_is_resolved\(\)[[:space:]]*\{' /c/Users/ivans/Desktop/Projects/TOOLS/tools/kernel/service/resolver.sh
+ [[ public == \i\n\t\e\r\n\a\l ]]
+ [[ public != \i\n\t\e\r\n\a\l ]]
+ [[ experimental == \i\n\t\e\r\n\a\l ]]
+ for api_index in "${!STOLEUS_API_FUNCTIONS[@]}"
+ function_name=stoleus_service_resolver_reset
+ visibility=public
+ stability=experimental
+ owner=kernel/service/resolver.sh
+ owner_path=/c/Users/ivans/Desktop/Projects/TOOLS/tools/kernel/service/resolver.sh
+ declare -F stoleus_service_resolver_reset
+ [[ ! -f /c/Users/ivans/Desktop/Projects/TOOLS/tools/kernel/service/resolver.sh ]]
+ grep -qE '^stoleus_service_resolver_reset\(\)[[:space:]]*\{' /c/Users/ivans/Desktop/Projects/TOOLS/tools/kernel/service/resolver.sh
+ [[ public == \i\n\t\e\r\n\a\l ]]
+ [[ public != \i\n\t\e\r\n\a\l ]]
+ [[ experimental == \i\n\t\e\r\n\a\l ]]
+ for api_index in "${!STOLEUS_API_FUNCTIONS[@]}"
+ function_name=stoleus_service_runtime_initialize
+ visibility=internal
+ stability=internal
+ owner=kernel/service/runtime.sh
+ owner_path=/c/Users/ivans/Desktop/Projects/TOOLS/tools/kernel/service/runtime.sh
+ declare -F stoleus_service_runtime_initialize
+ [[ ! -f /c/Users/ivans/Desktop/Projects/TOOLS/tools/kernel/service/runtime.sh ]]
+ grep -qE '^stoleus_service_runtime_initialize\(\)[[:space:]]*\{' /c/Users/ivans/Desktop/Projects/TOOLS/tools/kernel/service/runtime.sh
+ [[ internal == \i\n\t\e\r\n\a\l ]]
+ [[ internal != \i\n\t\e\r\n\a\l ]]
+ [[ internal != \i\n\t\e\r\n\a\l ]]
+ for api_index in "${!STOLEUS_API_FUNCTIONS[@]}"
+ function_name=stoleus_service_call
+ visibility=public
+ stability=experimental
+ owner=kernel/service/runtime.sh
+ owner_path=/c/Users/ivans/Desktop/Projects/TOOLS/tools/kernel/service/runtime.sh
+ declare -F stoleus_service_call
+ [[ ! -f /c/Users/ivans/Desktop/Projects/TOOLS/tools/kernel/service/runtime.sh ]]
+ grep -qE '^stoleus_service_call\(\)[[:space:]]*\{' /c/Users/ivans/Desktop/Projects/TOOLS/tools/kernel/service/runtime.sh
+ [[ public == \i\n\t\e\r\n\a\l ]]
+ [[ public != \i\n\t\e\r\n\a\l ]]
+ [[ experimental == \i\n\t\e\r\n\a\l ]]
+ for api_index in "${!STOLEUS_API_FUNCTIONS[@]}"
+ function_name=stoleus_service_get_provider
+ visibility=public
+ stability=experimental
+ owner=kernel/service/runtime.sh
+ owner_path=/c/Users/ivans/Desktop/Projects/TOOLS/tools/kernel/service/runtime.sh
+ declare -F stoleus_service_get_provider
+ [[ ! -f /c/Users/ivans/Desktop/Projects/TOOLS/tools/kernel/service/runtime.sh ]]
+ grep -qE '^stoleus_service_get_provider\(\)[[:space:]]*\{' /c/Users/ivans/Desktop/Projects/TOOLS/tools/kernel/service/runtime.sh
+ [[ public == \i\n\t\e\r\n\a\l ]]
+ [[ public != \i\n\t\e\r\n\a\l ]]
+ [[ experimental == \i\n\t\e\r\n\a\l ]]
+ for api_index in "${!STOLEUS_API_FUNCTIONS[@]}"
+ function_name=stoleus_service_get_operation
+ visibility=public
+ stability=experimental
+ owner=kernel/service/runtime.sh
+ owner_path=/c/Users/ivans/Desktop/Projects/TOOLS/tools/kernel/service/runtime.sh
+ declare -F stoleus_service_get_operation
+ [[ ! -f /c/Users/ivans/Desktop/Projects/TOOLS/tools/kernel/service/runtime.sh ]]
+ grep -qE '^stoleus_service_get_operation\(\)[[:space:]]*\{' /c/Users/ivans/Desktop/Projects/TOOLS/tools/kernel/service/runtime.sh
+ [[ public == \i\n\t\e\r\n\a\l ]]
+ [[ public != \i\n\t\e\r\n\a\l ]]
+ [[ experimental == \i\n\t\e\r\n\a\l ]]
+ for api_index in "${!STOLEUS_API_FUNCTIONS[@]}"
+ function_name=stoleus_service_runtime_get_last_call
+ visibility=public
+ stability=experimental
+ owner=kernel/service/runtime.sh
+ owner_path=/c/Users/ivans/Desktop/Projects/TOOLS/tools/kernel/service/runtime.sh
+ declare -F stoleus_service_runtime_get_last_call
+ [[ ! -f /c/Users/ivans/Desktop/Projects/TOOLS/tools/kernel/service/runtime.sh ]]
+ grep -qE '^stoleus_service_runtime_get_last_call\(\)[[:space:]]*\{' /c/Users/ivans/Desktop/Projects/TOOLS/tools/kernel/service/runtime.sh
+ [[ public == \i\n\t\e\r\n\a\l ]]
+ [[ public != \i\n\t\e\r\n\a\l ]]
+ [[ experimental == \i\n\t\e\r\n\a\l ]]
+ for api_index in "${!STOLEUS_API_FUNCTIONS[@]}"
+ function_name=stoleus_service_runtime_reset
+ visibility=public
+ stability=experimental
+ owner=kernel/service/runtime.sh
+ owner_path=/c/Users/ivans/Desktop/Projects/TOOLS/tools/kernel/service/runtime.sh
+ declare -F stoleus_service_runtime_reset
+ [[ ! -f /c/Users/ivans/Desktop/Projects/TOOLS/tools/kernel/service/runtime.sh ]]
+ grep -qE '^stoleus_service_runtime_reset\(\)[[:space:]]*\{' /c/Users/ivans/Desktop/Projects/TOOLS/tools/kernel/service/runtime.sh
+ [[ public == \i\n\t\e\r\n\a\l ]]
+ [[ public != \i\n\t\e\r\n\a\l ]]
+ [[ experimental == \i\n\t\e\r\n\a\l ]]
+ for api_index in "${!STOLEUS_API_FUNCTIONS[@]}"
+ function_name=stoleus_capability_registry_initialize
+ visibility=internal
+ stability=internal
+ owner=kernel/capability/registry.sh
+ owner_path=/c/Users/ivans/Desktop/Projects/TOOLS/tools/kernel/capability/registry.sh
+ declare -F stoleus_capability_registry_initialize
+ [[ ! -f /c/Users/ivans/Desktop/Projects/TOOLS/tools/kernel/capability/registry.sh ]]
+ grep -qE '^stoleus_capability_registry_initialize\(\)[[:space:]]*\{' /c/Users/ivans/Desktop/Projects/TOOLS/tools/kernel/capability/registry.sh
+ [[ internal == \i\n\t\e\r\n\a\l ]]
+ [[ internal != \i\n\t\e\r\n\a\l ]]
+ [[ internal != \i\n\t\e\r\n\a\l ]]
+ for api_index in "${!STOLEUS_API_FUNCTIONS[@]}"
+ function_name=stoleus_capability_registry_import_plugins
+ visibility=internal
+ stability=internal
+ owner=kernel/capability/registry.sh
+ owner_path=/c/Users/ivans/Desktop/Projects/TOOLS/tools/kernel/capability/registry.sh
+ declare -F stoleus_capability_registry_import_plugins
+ [[ ! -f /c/Users/ivans/Desktop/Projects/TOOLS/tools/kernel/capability/registry.sh ]]
+ grep -qE '^stoleus_capability_registry_import_plugins\(\)[[:space:]]*\{' /c/Users/ivans/Desktop/Projects/TOOLS/tools/kernel/capability/registry.sh
+ [[ internal == \i\n\t\e\r\n\a\l ]]
+ [[ internal != \i\n\t\e\r\n\a\l ]]
+ [[ internal != \i\n\t\e\r\n\a\l ]]
+ for api_index in "${!STOLEUS_API_FUNCTIONS[@]}"
+ function_name=stoleus_capability_registry_contains
+ visibility=public
+ stability=experimental
+ owner=kernel/capability/registry.sh
+ owner_path=/c/Users/ivans/Desktop/Projects/TOOLS/tools/kernel/capability/registry.sh
+ declare -F stoleus_capability_registry_contains
+ [[ ! -f /c/Users/ivans/Desktop/Projects/TOOLS/tools/kernel/capability/registry.sh ]]
+ grep -qE '^stoleus_capability_registry_contains\(\)[[:space:]]*\{' /c/Users/ivans/Desktop/Projects/TOOLS/tools/kernel/capability/registry.sh
+ [[ public == \i\n\t\e\r\n\a\l ]]
+ [[ public != \i\n\t\e\r\n\a\l ]]
+ [[ experimental == \i\n\t\e\r\n\a\l ]]
+ for api_index in "${!STOLEUS_API_FUNCTIONS[@]}"
+ function_name=stoleus_capability_registry_get_count
+ visibility=public
+ stability=experimental
+ owner=kernel/capability/registry.sh
+ owner_path=/c/Users/ivans/Desktop/Projects/TOOLS/tools/kernel/capability/registry.sh
+ declare -F stoleus_capability_registry_get_count
+ [[ ! -f /c/Users/ivans/Desktop/Projects/TOOLS/tools/kernel/capability/registry.sh ]]
+ grep -qE '^stoleus_capability_registry_get_count\(\)[[:space:]]*\{' /c/Users/ivans/Desktop/Projects/TOOLS/tools/kernel/capability/registry.sh
+ [[ public == \i\n\t\e\r\n\a\l ]]
+ [[ public != \i\n\t\e\r\n\a\l ]]
+ [[ experimental == \i\n\t\e\r\n\a\l ]]
+ for api_index in "${!STOLEUS_API_FUNCTIONS[@]}"
+ function_name=stoleus_capability_registry_get_field
+ visibility=public
+ stability=experimental
+ owner=kernel/capability/registry.sh
+ owner_path=/c/Users/ivans/Desktop/Projects/TOOLS/tools/kernel/capability/registry.sh
+ declare -F stoleus_capability_registry_get_field
+ [[ ! -f /c/Users/ivans/Desktop/Projects/TOOLS/tools/kernel/capability/registry.sh ]]
+ grep -qE '^stoleus_capability_registry_get_field\(\)[[:space:]]*\{' /c/Users/ivans/Desktop/Projects/TOOLS/tools/kernel/capability/registry.sh
+ [[ public == \i\n\t\e\r\n\a\l ]]
+ [[ public != \i\n\t\e\r\n\a\l ]]
+ [[ experimental == \i\n\t\e\r\n\a\l ]]
+ for api_index in "${!STOLEUS_API_FUNCTIONS[@]}"
+ function_name=stoleus_capability_registry_get_provider
+ visibility=public
+ stability=experimental
+ owner=kernel/capability/registry.sh
+ owner_path=/c/Users/ivans/Desktop/Projects/TOOLS/tools/kernel/capability/registry.sh
+ declare -F stoleus_capability_registry_get_provider
+ [[ ! -f /c/Users/ivans/Desktop/Projects/TOOLS/tools/kernel/capability/registry.sh ]]
+ grep -qE '^stoleus_capability_registry_get_provider\(\)[[:space:]]*\{' /c/Users/ivans/Desktop/Projects/TOOLS/tools/kernel/capability/registry.sh
+ [[ public == \i\n\t\e\r\n\a\l ]]
+ [[ public != \i\n\t\e\r\n\a\l ]]
+ [[ experimental == \i\n\t\e\r\n\a\l ]]
+ for api_index in "${!STOLEUS_API_FUNCTIONS[@]}"
+ function_name=stoleus_capability_registry_list
+ visibility=public
+ stability=experimental
+ owner=kernel/capability/registry.sh
+ owner_path=/c/Users/ivans/Desktop/Projects/TOOLS/tools/kernel/capability/registry.sh
+ declare -F stoleus_capability_registry_list
+ [[ ! -f /c/Users/ivans/Desktop/Projects/TOOLS/tools/kernel/capability/registry.sh ]]
+ grep -qE '^stoleus_capability_registry_list\(\)[[:space:]]*\{' /c/Users/ivans/Desktop/Projects/TOOLS/tools/kernel/capability/registry.sh
+ [[ public == \i\n\t\e\r\n\a\l ]]
+ [[ public != \i\n\t\e\r\n\a\l ]]
+ [[ experimental == \i\n\t\e\r\n\a\l ]]
+ for api_index in "${!STOLEUS_API_FUNCTIONS[@]}"
+ function_name=stoleus_capability_registry_list_providers
+ visibility=public
+ stability=experimental
+ owner=kernel/capability/registry.sh
+ owner_path=/c/Users/ivans/Desktop/Projects/TOOLS/tools/kernel/capability/registry.sh
+ declare -F stoleus_capability_registry_list_providers
+ [[ ! -f /c/Users/ivans/Desktop/Projects/TOOLS/tools/kernel/capability/registry.sh ]]
+ grep -qE '^stoleus_capability_registry_list_providers\(\)[[:space:]]*\{' /c/Users/ivans/Desktop/Projects/TOOLS/tools/kernel/capability/registry.sh
+ [[ public == \i\n\t\e\r\n\a\l ]]
+ [[ public != \i\n\t\e\r\n\a\l ]]
+ [[ experimental == \i\n\t\e\r\n\a\l ]]
+ for api_index in "${!STOLEUS_API_FUNCTIONS[@]}"
+ function_name=stoleus_capability_registry_is_frozen
+ visibility=public
+ stability=experimental
+ owner=kernel/capability/registry.sh
+ owner_path=/c/Users/ivans/Desktop/Projects/TOOLS/tools/kernel/capability/registry.sh
+ declare -F stoleus_capability_registry_is_frozen
+ [[ ! -f /c/Users/ivans/Desktop/Projects/TOOLS/tools/kernel/capability/registry.sh ]]
+ grep -qE '^stoleus_capability_registry_is_frozen\(\)[[:space:]]*\{' /c/Users/ivans/Desktop/Projects/TOOLS/tools/kernel/capability/registry.sh
+ [[ public == \i\n\t\e\r\n\a\l ]]
+ [[ public != \i\n\t\e\r\n\a\l ]]
+ [[ experimental == \i\n\t\e\r\n\a\l ]]
+ for api_index in "${!STOLEUS_API_FUNCTIONS[@]}"
+ function_name=stoleus_capability_registry_reset
+ visibility=public
+ stability=experimental
+ owner=kernel/capability/registry.sh
+ owner_path=/c/Users/ivans/Desktop/Projects/TOOLS/tools/kernel/capability/registry.sh
+ declare -F stoleus_capability_registry_reset
+ [[ ! -f /c/Users/ivans/Desktop/Projects/TOOLS/tools/kernel/capability/registry.sh ]]
+ grep -qE '^stoleus_capability_registry_reset\(\)[[:space:]]*\{' /c/Users/ivans/Desktop/Projects/TOOLS/tools/kernel/capability/registry.sh
+ [[ public == \i\n\t\e\r\n\a\l ]]
+ [[ public != \i\n\t\e\r\n\a\l ]]
+ [[ experimental == \i\n\t\e\r\n\a\l ]]
+ for api_index in "${!STOLEUS_API_FUNCTIONS[@]}"
+ function_name=stoleus_provider_policy_registry_initialize
+ visibility=internal
+ stability=internal
+ owner=kernel/policy/provider_registry.sh
+ owner_path=/c/Users/ivans/Desktop/Projects/TOOLS/tools/kernel/policy/provider_registry.sh
+ declare -F stoleus_provider_policy_registry_initialize
+ [[ ! -f /c/Users/ivans/Desktop/Projects/TOOLS/tools/kernel/policy/provider_registry.sh ]]
+ grep -qE '^stoleus_provider_policy_registry_initialize\(\)[[:space:]]*\{' /c/Users/ivans/Desktop/Projects/TOOLS/tools/kernel/policy/provider_registry.sh
+ [[ internal == \i\n\t\e\r\n\a\l ]]
+ [[ internal != \i\n\t\e\r\n\a\l ]]
+ [[ internal != \i\n\t\e\r\n\a\l ]]
+ for api_index in "${!STOLEUS_API_FUNCTIONS[@]}"
+ function_name=stoleus_provider_policy_registry_reset
+ visibility=internal
+ stability=internal
+ owner=kernel/policy/provider_registry.sh
+ owner_path=/c/Users/ivans/Desktop/Projects/TOOLS/tools/kernel/policy/provider_registry.sh
+ declare -F stoleus_provider_policy_registry_reset
+ [[ ! -f /c/Users/ivans/Desktop/Projects/TOOLS/tools/kernel/policy/provider_registry.sh ]]
+ grep -qE '^stoleus_provider_policy_registry_reset\(\)[[:space:]]*\{' /c/Users/ivans/Desktop/Projects/TOOLS/tools/kernel/policy/provider_registry.sh
+ [[ internal == \i\n\t\e\r\n\a\l ]]
+ [[ internal != \i\n\t\e\r\n\a\l ]]
+ [[ internal != \i\n\t\e\r\n\a\l ]]
+ for api_index in "${!STOLEUS_API_FUNCTIONS[@]}"
+ function_name=stoleus_provider_policy_registry_register
+ visibility=internal
+ stability=internal
+ owner=kernel/policy/provider_registry.sh
+ owner_path=/c/Users/ivans/Desktop/Projects/TOOLS/tools/kernel/policy/provider_registry.sh
+ declare -F stoleus_provider_policy_registry_register
+ [[ ! -f /c/Users/ivans/Desktop/Projects/TOOLS/tools/kernel/policy/provider_registry.sh ]]
+ grep -qE '^stoleus_provider_policy_registry_register\(\)[[:space:]]*\{' /c/Users/ivans/Desktop/Projects/TOOLS/tools/kernel/policy/provider_registry.sh
+ [[ internal == \i\n\t\e\r\n\a\l ]]
+ [[ internal != \i\n\t\e\r\n\a\l ]]
+ [[ internal != \i\n\t\e\r\n\a\l ]]
+ for api_index in "${!STOLEUS_API_FUNCTIONS[@]}"
+ function_name=stoleus_provider_policy_registry_contains
+ visibility=internal
+ stability=internal
+ owner=kernel/policy/provider_registry.sh
+ owner_path=/c/Users/ivans/Desktop/Projects/TOOLS/tools/kernel/policy/provider_registry.sh
+ declare -F stoleus_provider_policy_registry_contains
+ [[ ! -f /c/Users/ivans/Desktop/Projects/TOOLS/tools/kernel/policy/provider_registry.sh ]]
+ grep -qE '^stoleus_provider_policy_registry_contains\(\)[[:space:]]*\{' /c/Users/ivans/Desktop/Projects/TOOLS/tools/kernel/policy/provider_registry.sh
+ [[ internal == \i\n\t\e\r\n\a\l ]]
+ [[ internal != \i\n\t\e\r\n\a\l ]]
+ [[ internal != \i\n\t\e\r\n\a\l ]]
+ for api_index in "${!STOLEUS_API_FUNCTIONS[@]}"
+ function_name=stoleus_provider_policy_registry_get_field
+ visibility=internal
+ stability=internal
+ owner=kernel/policy/provider_registry.sh
+ owner_path=/c/Users/ivans/Desktop/Projects/TOOLS/tools/kernel/policy/provider_registry.sh
+ declare -F stoleus_provider_policy_registry_get_field
+ [[ ! -f /c/Users/ivans/Desktop/Projects/TOOLS/tools/kernel/policy/provider_registry.sh ]]
+ grep -qE '^stoleus_provider_policy_registry_get_field\(\)[[:space:]]*\{' /c/Users/ivans/Desktop/Projects/TOOLS/tools/kernel/policy/provider_registry.sh
+ [[ internal == \i\n\t\e\r\n\a\l ]]
+ [[ internal != \i\n\t\e\r\n\a\l ]]
+ [[ internal != \i\n\t\e\r\n\a\l ]]
+ for api_index in "${!STOLEUS_API_FUNCTIONS[@]}"
+ function_name=stoleus_provider_policy_registry_get_count
+ visibility=internal
+ stability=internal
+ owner=kernel/policy/provider_registry.sh
+ owner_path=/c/Users/ivans/Desktop/Projects/TOOLS/tools/kernel/policy/provider_registry.sh
+ declare -F stoleus_provider_policy_registry_get_count
+ [[ ! -f /c/Users/ivans/Desktop/Projects/TOOLS/tools/kernel/policy/provider_registry.sh ]]
+ grep -qE '^stoleus_provider_policy_registry_get_count\(\)[[:space:]]*\{' /c/Users/ivans/Desktop/Projects/TOOLS/tools/kernel/policy/provider_registry.sh
+ [[ internal == \i\n\t\e\r\n\a\l ]]
+ [[ internal != \i\n\t\e\r\n\a\l ]]
+ [[ internal != \i\n\t\e\r\n\a\l ]]
+ for api_index in "${!STOLEUS_API_FUNCTIONS[@]}"
+ function_name=stoleus_provider_policy_registry_list
+ visibility=internal
+ stability=internal
+ owner=kernel/policy/provider_registry.sh
+ owner_path=/c/Users/ivans/Desktop/Projects/TOOLS/tools/kernel/policy/provider_registry.sh
+ declare -F stoleus_provider_policy_registry_list
+ [[ ! -f /c/Users/ivans/Desktop/Projects/TOOLS/tools/kernel/policy/provider_registry.sh ]]
+ grep -qE '^stoleus_provider_policy_registry_list\(\)[[:space:]]*\{' /c/Users/ivans/Desktop/Projects/TOOLS/tools/kernel/policy/provider_registry.sh
+ [[ internal == \i\n\t\e\r\n\a\l ]]
+ [[ internal != \i\n\t\e\r\n\a\l ]]
+ [[ internal != \i\n\t\e\r\n\a\l ]]
+ for api_index in "${!STOLEUS_API_FUNCTIONS[@]}"
+ function_name=stoleus_provider_selection_initialize
+ visibility=internal
+ stability=internal
+ owner=kernel/policy/provider_selection.sh
+ owner_path=/c/Users/ivans/Desktop/Projects/TOOLS/tools/kernel/policy/provider_selection.sh
+ declare -F stoleus_provider_selection_initialize
+ [[ ! -f /c/Users/ivans/Desktop/Projects/TOOLS/tools/kernel/policy/provider_selection.sh ]]
+ grep -qE '^stoleus_provider_selection_initialize\(\)[[:space:]]*\{' /c/Users/ivans/Desktop/Projects/TOOLS/tools/kernel/policy/provider_selection.sh
+ [[ internal == \i\n\t\e\r\n\a\l ]]
+ [[ internal != \i\n\t\e\r\n\a\l ]]
+ [[ internal != \i\n\t\e\r\n\a\l ]]
+ for api_index in "${!STOLEUS_API_FUNCTIONS[@]}"
+ function_name=stoleus_provider_selection_get_policy_key
+ visibility=internal
+ stability=internal
+ owner=kernel/policy/provider_selection.sh
+ owner_path=/c/Users/ivans/Desktop/Projects/TOOLS/tools/kernel/policy/provider_selection.sh
+ declare -F stoleus_provider_selection_get_policy_key
+ [[ ! -f /c/Users/ivans/Desktop/Projects/TOOLS/tools/kernel/policy/provider_selection.sh ]]
+ grep -qE '^stoleus_provider_selection_get_policy_key\(\)[[:space:]]*\{' /c/Users/ivans/Desktop/Projects/TOOLS/tools/kernel/policy/provider_selection.sh
+ [[ internal == \i\n\t\e\r\n\a\l ]]
+ [[ internal != \i\n\t\e\r\n\a\l ]]
+ [[ internal != \i\n\t\e\r\n\a\l ]]
+ for api_index in "${!STOLEUS_API_FUNCTIONS[@]}"
+ function_name=stoleus_provider_selection_get_priority
+ visibility=internal
+ stability=internal
+ owner=kernel/policy/provider_selection.sh
+ owner_path=/c/Users/ivans/Desktop/Projects/TOOLS/tools/kernel/policy/provider_selection.sh
+ declare -F stoleus_provider_selection_get_priority
+ [[ ! -f /c/Users/ivans/Desktop/Projects/TOOLS/tools/kernel/policy/provider_selection.sh ]]
+ grep -qE '^stoleus_provider_selection_get_priority\(\)[[:space:]]*\{' /c/Users/ivans/Desktop/Projects/TOOLS/tools/kernel/policy/provider_selection.sh
+ [[ internal == \i\n\t\e\r\n\a\l ]]
+ [[ internal != \i\n\t\e\r\n\a\l ]]
+ [[ internal != \i\n\t\e\r\n\a\l ]]
+ for api_index in "${!STOLEUS_API_FUNCTIONS[@]}"
+ function_name=stoleus_provider_selection_is_enabled
+ visibility=internal
+ stability=internal
+ owner=kernel/policy/provider_selection.sh
+ owner_path=/c/Users/ivans/Desktop/Projects/TOOLS/tools/kernel/policy/provider_selection.sh
+ declare -F stoleus_provider_selection_is_enabled
+ [[ ! -f /c/Users/ivans/Desktop/Projects/TOOLS/tools/kernel/policy/provider_selection.sh ]]
+ grep -qE '^stoleus_provider_selection_is_enabled\(\)[[:space:]]*\{' /c/Users/ivans/Desktop/Projects/TOOLS/tools/kernel/policy/provider_selection.sh
+ [[ internal == \i\n\t\e\r\n\a\l ]]
+ [[ internal != \i\n\t\e\r\n\a\l ]]
+ [[ internal != \i\n\t\e\r\n\a\l ]]
+ for api_index in "${!STOLEUS_API_FUNCTIONS[@]}"
+ function_name=stoleus_provider_selection_select
+ visibility=internal
+ stability=internal
+ owner=kernel/policy/provider_selection.sh
+ owner_path=/c/Users/ivans/Desktop/Projects/TOOLS/tools/kernel/policy/provider_selection.sh
+ declare -F stoleus_provider_selection_select
+ [[ ! -f /c/Users/ivans/Desktop/Projects/TOOLS/tools/kernel/policy/provider_selection.sh ]]
+ grep -qE '^stoleus_provider_selection_select\(\)[[:space:]]*\{' /c/Users/ivans/Desktop/Projects/TOOLS/tools/kernel/policy/provider_selection.sh
+ [[ internal == \i\n\t\e\r\n\a\l ]]
+ [[ internal != \i\n\t\e\r\n\a\l ]]
+ [[ internal != \i\n\t\e\r\n\a\l ]]
+ for api_index in "${!STOLEUS_API_FUNCTIONS[@]}"
+ function_name=stoleus_provider_selection_matches_conditions
+ visibility=internal
+ stability=internal
+ owner=kernel/policy/provider_selection.sh
+ owner_path=/c/Users/ivans/Desktop/Projects/TOOLS/tools/kernel/policy/provider_selection.sh
+ declare -F stoleus_provider_selection_matches_conditions
+ [[ ! -f /c/Users/ivans/Desktop/Projects/TOOLS/tools/kernel/policy/provider_selection.sh ]]
+ grep -qE '^stoleus_provider_selection_matches_conditions\(\)[[:space:]]*\{' /c/Users/ivans/Desktop/Projects/TOOLS/tools/kernel/policy/provider_selection.sh
+ [[ internal == \i\n\t\e\r\n\a\l ]]
+ [[ internal != \i\n\t\e\r\n\a\l ]]
+ [[ internal != \i\n\t\e\r\n\a\l ]]
+ for api_index in "${!STOLEUS_API_FUNCTIONS[@]}"
+ function_name=stoleus_capability_policy_initialize
+ visibility=internal
+ stability=internal
+ owner=kernel/capability/policy.sh
+ owner_path=/c/Users/ivans/Desktop/Projects/TOOLS/tools/kernel/capability/policy.sh
+ declare -F stoleus_capability_policy_initialize
+ [[ ! -f /c/Users/ivans/Desktop/Projects/TOOLS/tools/kernel/capability/policy.sh ]]
+ grep -qE '^stoleus_capability_policy_initialize\(\)[[:space:]]*\{' /c/Users/ivans/Desktop/Projects/TOOLS/tools/kernel/capability/policy.sh
+ [[ internal == \i\n\t\e\r\n\a\l ]]
+ [[ internal != \i\n\t\e\r\n\a\l ]]
+ [[ internal != \i\n\t\e\r\n\a\l ]]
+ for api_index in "${!STOLEUS_API_FUNCTIONS[@]}"
+ function_name=stoleus_capability_policy_reset
+ visibility=internal
+ stability=internal
+ owner=kernel/capability/policy.sh
+ owner_path=/c/Users/ivans/Desktop/Projects/TOOLS/tools/kernel/capability/policy.sh
+ declare -F stoleus_capability_policy_reset
+ [[ ! -f /c/Users/ivans/Desktop/Projects/TOOLS/tools/kernel/capability/policy.sh ]]
+ grep -qE '^stoleus_capability_policy_reset\(\)[[:space:]]*\{' /c/Users/ivans/Desktop/Projects/TOOLS/tools/kernel/capability/policy.sh
+ [[ internal == \i\n\t\e\r\n\a\l ]]
+ [[ internal != \i\n\t\e\r\n\a\l ]]
+ [[ internal != \i\n\t\e\r\n\a\l ]]
+ for api_index in "${!STOLEUS_API_FUNCTIONS[@]}"
+ function_name=stoleus_capability_policy_select
+ visibility=internal
+ stability=internal
+ owner=kernel/capability/policy.sh
+ owner_path=/c/Users/ivans/Desktop/Projects/TOOLS/tools/kernel/capability/policy.sh
+ declare -F stoleus_capability_policy_select
+ [[ ! -f /c/Users/ivans/Desktop/Projects/TOOLS/tools/kernel/capability/policy.sh ]]
+ grep -qE '^stoleus_capability_policy_select\(\)[[:space:]]*\{' /c/Users/ivans/Desktop/Projects/TOOLS/tools/kernel/capability/policy.sh
+ [[ internal == \i\n\t\e\r\n\a\l ]]
+ [[ internal != \i\n\t\e\r\n\a\l ]]
+ [[ internal != \i\n\t\e\r\n\a\l ]]
+ for api_index in "${!STOLEUS_API_FUNCTIONS[@]}"
+ function_name=stoleus_resolver_initialize
+ visibility=internal
+ stability=internal
+ owner=kernel/resolver/resolver.sh
+ owner_path=/c/Users/ivans/Desktop/Projects/TOOLS/tools/kernel/resolver/resolver.sh
+ declare -F stoleus_resolver_initialize
+ [[ ! -f /c/Users/ivans/Desktop/Projects/TOOLS/tools/kernel/resolver/resolver.sh ]]
+ grep -qE '^stoleus_resolver_initialize\(\)[[:space:]]*\{' /c/Users/ivans/Desktop/Projects/TOOLS/tools/kernel/resolver/resolver.sh
+ [[ internal == \i\n\t\e\r\n\a\l ]]
+ [[ internal != \i\n\t\e\r\n\a\l ]]
+ [[ internal != \i\n\t\e\r\n\a\l ]]
+ for api_index in "${!STOLEUS_API_FUNCTIONS[@]}"
+ function_name=stoleus_resolver_resolve
+ visibility=public
+ stability=stable
+ owner=kernel/resolver/resolver.sh
+ owner_path=/c/Users/ivans/Desktop/Projects/TOOLS/tools/kernel/resolver/resolver.sh
+ declare -F stoleus_resolver_resolve
+ [[ ! -f /c/Users/ivans/Desktop/Projects/TOOLS/tools/kernel/resolver/resolver.sh ]]
+ grep -qE '^stoleus_resolver_resolve\(\)[[:space:]]*\{' /c/Users/ivans/Desktop/Projects/TOOLS/tools/kernel/resolver/resolver.sh
+ [[ public == \i\n\t\e\r\n\a\l ]]
+ [[ public != \i\n\t\e\r\n\a\l ]]
+ [[ stable == \i\n\t\e\r\n\a\l ]]
+ for api_index in "${!STOLEUS_API_FUNCTIONS[@]}"
+ function_name=stoleus_resolver_resolve_index
+ visibility=public
+ stability=stable
+ owner=kernel/resolver/resolver.sh
+ owner_path=/c/Users/ivans/Desktop/Projects/TOOLS/tools/kernel/resolver/resolver.sh
+ declare -F stoleus_resolver_resolve_index
+ [[ ! -f /c/Users/ivans/Desktop/Projects/TOOLS/tools/kernel/resolver/resolver.sh ]]
+ grep -qE '^stoleus_resolver_resolve_index\(\)[[:space:]]*\{' /c/Users/ivans/Desktop/Projects/TOOLS/tools/kernel/resolver/resolver.sh
+ [[ public == \i\n\t\e\r\n\a\l ]]
+ [[ public != \i\n\t\e\r\n\a\l ]]
+ [[ stable == \i\n\t\e\r\n\a\l ]]
+ for api_index in "${!STOLEUS_API_FUNCTIONS[@]}"
+ function_name=stoleus_resolver_resolve_dependencies
+ visibility=public
+ stability=stable
+ owner=kernel/resolver/resolver.sh
+ owner_path=/c/Users/ivans/Desktop/Projects/TOOLS/tools/kernel/resolver/resolver.sh
+ declare -F stoleus_resolver_resolve_dependencies
+ [[ ! -f /c/Users/ivans/Desktop/Projects/TOOLS/tools/kernel/resolver/resolver.sh ]]
+ grep -qE '^stoleus_resolver_resolve_dependencies\(\)[[:space:]]*\{' /c/Users/ivans/Desktop/Projects/TOOLS/tools/kernel/resolver/resolver.sh
+ [[ public == \i\n\t\e\r\n\a\l ]]
+ [[ public != \i\n\t\e\r\n\a\l ]]
+ [[ stable == \i\n\t\e\r\n\a\l ]]
+ for api_index in "${!STOLEUS_API_FUNCTIONS[@]}"
+ function_name=stoleus_resolver_validate_plugin
+ visibility=public
+ stability=stable
+ owner=kernel/resolver/resolver.sh
+ owner_path=/c/Users/ivans/Desktop/Projects/TOOLS/tools/kernel/resolver/resolver.sh
+ declare -F stoleus_resolver_validate_plugin
+ [[ ! -f /c/Users/ivans/Desktop/Projects/TOOLS/tools/kernel/resolver/resolver.sh ]]
+ grep -qE '^stoleus_resolver_validate_plugin\(\)[[:space:]]*\{' /c/Users/ivans/Desktop/Projects/TOOLS/tools/kernel/resolver/resolver.sh
+ [[ public == \i\n\t\e\r\n\a\l ]]
+ [[ public != \i\n\t\e\r\n\a\l ]]
+ [[ stable == \i\n\t\e\r\n\a\l ]]
+ for api_index in "${!STOLEUS_API_FUNCTIONS[@]}"
+ function_name=stoleus_resolver_validate_registry
+ visibility=internal
+ stability=internal
+ owner=kernel/resolver/resolver.sh
+ owner_path=/c/Users/ivans/Desktop/Projects/TOOLS/tools/kernel/resolver/resolver.sh
+ declare -F stoleus_resolver_validate_registry
+ [[ ! -f /c/Users/ivans/Desktop/Projects/TOOLS/tools/kernel/resolver/resolver.sh ]]
+ grep -qE '^stoleus_resolver_validate_registry\(\)[[:space:]]*\{' /c/Users/ivans/Desktop/Projects/TOOLS/tools/kernel/resolver/resolver.sh
+ [[ internal == \i\n\t\e\r\n\a\l ]]
+ [[ internal != \i\n\t\e\r\n\a\l ]]
+ [[ internal != \i\n\t\e\r\n\a\l ]]
+ for api_index in "${!STOLEUS_API_FUNCTIONS[@]}"
+ function_name=stoleus_resolver_get_resolved
+ visibility=public
+ stability=stable
+ owner=kernel/resolver/resolver.sh
+ owner_path=/c/Users/ivans/Desktop/Projects/TOOLS/tools/kernel/resolver/resolver.sh
+ declare -F stoleus_resolver_get_resolved
+ [[ ! -f /c/Users/ivans/Desktop/Projects/TOOLS/tools/kernel/resolver/resolver.sh ]]
+ grep -qE '^stoleus_resolver_get_resolved\(\)[[:space:]]*\{' /c/Users/ivans/Desktop/Projects/TOOLS/tools/kernel/resolver/resolver.sh
+ [[ public == \i\n\t\e\r\n\a\l ]]
+ [[ public != \i\n\t\e\r\n\a\l ]]
+ [[ stable == \i\n\t\e\r\n\a\l ]]
+ for api_index in "${!STOLEUS_API_FUNCTIONS[@]}"
+ function_name=stoleus_resolver_reset
+ visibility=public
+ stability=stable
+ owner=kernel/resolver/resolver.sh
+ owner_path=/c/Users/ivans/Desktop/Projects/TOOLS/tools/kernel/resolver/resolver.sh
+ declare -F stoleus_resolver_reset
+ [[ ! -f /c/Users/ivans/Desktop/Projects/TOOLS/tools/kernel/resolver/resolver.sh ]]
+ grep -qE '^stoleus_resolver_reset\(\)[[:space:]]*\{' /c/Users/ivans/Desktop/Projects/TOOLS/tools/kernel/resolver/resolver.sh
+ [[ public == \i\n\t\e\r\n\a\l ]]
+ [[ public != \i\n\t\e\r\n\a\l ]]
+ [[ stable == \i\n\t\e\r\n\a\l ]]
+ for api_index in "${!STOLEUS_API_FUNCTIONS[@]}"
+ function_name=stoleus_resolver_parse_reference_list
+ visibility=internal
+ stability=internal
+ owner=kernel/resolver/resolver.sh
+ owner_path=/c/Users/ivans/Desktop/Projects/TOOLS/tools/kernel/resolver/resolver.sh
+ declare -F stoleus_resolver_parse_reference_list
+ [[ ! -f /c/Users/ivans/Desktop/Projects/TOOLS/tools/kernel/resolver/resolver.sh ]]
+ grep -qE '^stoleus_resolver_parse_reference_list\(\)[[:space:]]*\{' /c/Users/ivans/Desktop/Projects/TOOLS/tools/kernel/resolver/resolver.sh
+ [[ internal == \i\n\t\e\r\n\a\l ]]
+ [[ internal != \i\n\t\e\r\n\a\l ]]
+ [[ internal != \i\n\t\e\r\n\a\l ]]
+ for api_index in "${!STOLEUS_API_FUNCTIONS[@]}"
+ function_name=stoleus_resolver_require_registry
+ visibility=internal
+ stability=internal
+ owner=kernel/resolver/resolver.sh
+ owner_path=/c/Users/ivans/Desktop/Projects/TOOLS/tools/kernel/resolver/resolver.sh
+ declare -F stoleus_resolver_require_registry
+ [[ ! -f /c/Users/ivans/Desktop/Projects/TOOLS/tools/kernel/resolver/resolver.sh ]]
+ grep -qE '^stoleus_resolver_require_registry\(\)[[:space:]]*\{' /c/Users/ivans/Desktop/Projects/TOOLS/tools/kernel/resolver/resolver.sh
+ [[ internal == \i\n\t\e\r\n\a\l ]]
+ [[ internal != \i\n\t\e\r\n\a\l ]]
+ [[ internal != \i\n\t\e\r\n\a\l ]]
+ for api_index in "${!STOLEUS_API_FUNCTIONS[@]}"
+ function_name=stoleus_plugin_initialize
+ visibility=internal
+ stability=internal
+ owner=kernel/plugin/plugin.sh
+ owner_path=/c/Users/ivans/Desktop/Projects/TOOLS/tools/kernel/plugin/plugin.sh
+ declare -F stoleus_plugin_initialize
+ [[ ! -f /c/Users/ivans/Desktop/Projects/TOOLS/tools/kernel/plugin/plugin.sh ]]
+ grep -qE '^stoleus_plugin_initialize\(\)[[:space:]]*\{' /c/Users/ivans/Desktop/Projects/TOOLS/tools/kernel/plugin/plugin.sh
+ [[ internal == \i\n\t\e\r\n\a\l ]]
+ [[ internal != \i\n\t\e\r\n\a\l ]]
+ [[ internal != \i\n\t\e\r\n\a\l ]]
+ for api_index in "${!STOLEUS_API_FUNCTIONS[@]}"
+ function_name=stoleus_plugin_activate
+ visibility=internal
+ stability=internal
+ owner=kernel/plugin/plugin.sh
+ owner_path=/c/Users/ivans/Desktop/Projects/TOOLS/tools/kernel/plugin/plugin.sh
+ declare -F stoleus_plugin_activate
+ [[ ! -f /c/Users/ivans/Desktop/Projects/TOOLS/tools/kernel/plugin/plugin.sh ]]
+ grep -qE '^stoleus_plugin_activate\(\)[[:space:]]*\{' /c/Users/ivans/Desktop/Projects/TOOLS/tools/kernel/plugin/plugin.sh
+ [[ internal == \i\n\t\e\r\n\a\l ]]
+ [[ internal != \i\n\t\e\r\n\a\l ]]
+ [[ internal != \i\n\t\e\r\n\a\l ]]
+ for api_index in "${!STOLEUS_API_FUNCTIONS[@]}"
+ function_name=stoleus_plugin_is_active
+ visibility=public
+ stability=stable
+ owner=kernel/plugin/plugin.sh
+ owner_path=/c/Users/ivans/Desktop/Projects/TOOLS/tools/kernel/plugin/plugin.sh
+ declare -F stoleus_plugin_is_active
+ [[ ! -f /c/Users/ivans/Desktop/Projects/TOOLS/tools/kernel/plugin/plugin.sh ]]
+ grep -qE '^stoleus_plugin_is_active\(\)[[:space:]]*\{' /c/Users/ivans/Desktop/Projects/TOOLS/tools/kernel/plugin/plugin.sh
+ [[ public == \i\n\t\e\r\n\a\l ]]
+ [[ public != \i\n\t\e\r\n\a\l ]]
+ [[ stable == \i\n\t\e\r\n\a\l ]]
+ for api_index in "${!STOLEUS_API_FUNCTIONS[@]}"
+ function_name=stoleus_plugin_exists
+ visibility=public
+ stability=stable
+ owner=kernel/plugin/plugin.sh
+ owner_path=/c/Users/ivans/Desktop/Projects/TOOLS/tools/kernel/plugin/plugin.sh
+ declare -F stoleus_plugin_exists
+ [[ ! -f /c/Users/ivans/Desktop/Projects/TOOLS/tools/kernel/plugin/plugin.sh ]]
+ grep -qE '^stoleus_plugin_exists\(\)[[:space:]]*\{' /c/Users/ivans/Desktop/Projects/TOOLS/tools/kernel/plugin/plugin.sh
+ [[ public == \i\n\t\e\r\n\a\l ]]
+ [[ public != \i\n\t\e\r\n\a\l ]]
+ [[ stable == \i\n\t\e\r\n\a\l ]]
+ for api_index in "${!STOLEUS_API_FUNCTIONS[@]}"
+ function_name=stoleus_plugin_get
+ visibility=public
+ stability=stable
+ owner=kernel/plugin/plugin.sh
+ owner_path=/c/Users/ivans/Desktop/Projects/TOOLS/tools/kernel/plugin/plugin.sh
+ declare -F stoleus_plugin_get
+ [[ ! -f /c/Users/ivans/Desktop/Projects/TOOLS/tools/kernel/plugin/plugin.sh ]]
+ grep -qE '^stoleus_plugin_get\(\)[[:space:]]*\{' /c/Users/ivans/Desktop/Projects/TOOLS/tools/kernel/plugin/plugin.sh
+ [[ public == \i\n\t\e\r\n\a\l ]]
+ [[ public != \i\n\t\e\r\n\a\l ]]
+ [[ stable == \i\n\t\e\r\n\a\l ]]
+ for api_index in "${!STOLEUS_API_FUNCTIONS[@]}"
+ function_name=stoleus_plugin_get_field
+ visibility=public
+ stability=stable
+ owner=kernel/plugin/plugin.sh
+ owner_path=/c/Users/ivans/Desktop/Projects/TOOLS/tools/kernel/plugin/plugin.sh
+ declare -F stoleus_plugin_get_field
+ [[ ! -f /c/Users/ivans/Desktop/Projects/TOOLS/tools/kernel/plugin/plugin.sh ]]
+ grep -qE '^stoleus_plugin_get_field\(\)[[:space:]]*\{' /c/Users/ivans/Desktop/Projects/TOOLS/tools/kernel/plugin/plugin.sh
+ [[ public == \i\n\t\e\r\n\a\l ]]
+ [[ public != \i\n\t\e\r\n\a\l ]]
+ [[ stable == \i\n\t\e\r\n\a\l ]]
+ for api_index in "${!STOLEUS_API_FUNCTIONS[@]}"
+ function_name=stoleus_plugin_list
+ visibility=public
+ stability=stable
+ owner=kernel/plugin/plugin.sh
+ owner_path=/c/Users/ivans/Desktop/Projects/TOOLS/tools/kernel/plugin/plugin.sh
+ declare -F stoleus_plugin_list
+ [[ ! -f /c/Users/ivans/Desktop/Projects/TOOLS/tools/kernel/plugin/plugin.sh ]]
+ grep -qE '^stoleus_plugin_list\(\)[[:space:]]*\{' /c/Users/ivans/Desktop/Projects/TOOLS/tools/kernel/plugin/plugin.sh
+ [[ public == \i\n\t\e\r\n\a\l ]]
+ [[ public != \i\n\t\e\r\n\a\l ]]
+ [[ stable == \i\n\t\e\r\n\a\l ]]
+ for api_index in "${!STOLEUS_API_FUNCTIONS[@]}"
+ function_name=stoleus_plugin_list_operations
+ visibility=public
+ stability=stable
+ owner=kernel/plugin/plugin.sh
+ owner_path=/c/Users/ivans/Desktop/Projects/TOOLS/tools/kernel/plugin/plugin.sh
+ declare -F stoleus_plugin_list_operations
+ [[ ! -f /c/Users/ivans/Desktop/Projects/TOOLS/tools/kernel/plugin/plugin.sh ]]
+ grep -qE '^stoleus_plugin_list_operations\(\)[[:space:]]*\{' /c/Users/ivans/Desktop/Projects/TOOLS/tools/kernel/plugin/plugin.sh
+ [[ public == \i\n\t\e\r\n\a\l ]]
+ [[ public != \i\n\t\e\r\n\a\l ]]
+ [[ stable == \i\n\t\e\r\n\a\l ]]
+ for api_index in "${!STOLEUS_API_FUNCTIONS[@]}"
+ function_name=stoleus_plugin_supports_operation
+ visibility=public
+ stability=stable
+ owner=kernel/plugin/plugin.sh
+ owner_path=/c/Users/ivans/Desktop/Projects/TOOLS/tools/kernel/plugin/plugin.sh
+ declare -F stoleus_plugin_supports_operation
+ [[ ! -f /c/Users/ivans/Desktop/Projects/TOOLS/tools/kernel/plugin/plugin.sh ]]
+ grep -qE '^stoleus_plugin_supports_operation\(\)[[:space:]]*\{' /c/Users/ivans/Desktop/Projects/TOOLS/tools/kernel/plugin/plugin.sh
+ [[ public == \i\n\t\e\r\n\a\l ]]
+ [[ public != \i\n\t\e\r\n\a\l ]]
+ [[ stable == \i\n\t\e\r\n\a\l ]]
+ for api_index in "${!STOLEUS_API_FUNCTIONS[@]}"
+ function_name=stoleus_plugin_get_dependencies
+ visibility=public
+ stability=stable
+ owner=kernel/plugin/plugin.sh
+ owner_path=/c/Users/ivans/Desktop/Projects/TOOLS/tools/kernel/plugin/plugin.sh
+ declare -F stoleus_plugin_get_dependencies
+ [[ ! -f /c/Users/ivans/Desktop/Projects/TOOLS/tools/kernel/plugin/plugin.sh ]]
+ grep -qE '^stoleus_plugin_get_dependencies\(\)[[:space:]]*\{' /c/Users/ivans/Desktop/Projects/TOOLS/tools/kernel/plugin/plugin.sh
+ [[ public == \i\n\t\e\r\n\a\l ]]
+ [[ public != \i\n\t\e\r\n\a\l ]]
+ [[ stable == \i\n\t\e\r\n\a\l ]]
+ for api_index in "${!STOLEUS_API_FUNCTIONS[@]}"
+ function_name=stoleus_plugin_get_capabilities
+ visibility=public
+ stability=stable
+ owner=kernel/plugin/plugin.sh
+ owner_path=/c/Users/ivans/Desktop/Projects/TOOLS/tools/kernel/plugin/plugin.sh
+ declare -F stoleus_plugin_get_capabilities
+ [[ ! -f /c/Users/ivans/Desktop/Projects/TOOLS/tools/kernel/plugin/plugin.sh ]]
+ grep -qE '^stoleus_plugin_get_capabilities\(\)[[:space:]]*\{' /c/Users/ivans/Desktop/Projects/TOOLS/tools/kernel/plugin/plugin.sh
+ [[ public == \i\n\t\e\r\n\a\l ]]
+ [[ public != \i\n\t\e\r\n\a\l ]]
+ [[ stable == \i\n\t\e\r\n\a\l ]]
+ for api_index in "${!STOLEUS_API_FUNCTIONS[@]}"
+ function_name=stoleus_plugin_get_runtime_state
+ visibility=public
+ stability=stable
+ owner=kernel/plugin/plugin.sh
+ owner_path=/c/Users/ivans/Desktop/Projects/TOOLS/tools/kernel/plugin/plugin.sh
+ declare -F stoleus_plugin_get_runtime_state
+ [[ ! -f /c/Users/ivans/Desktop/Projects/TOOLS/tools/kernel/plugin/plugin.sh ]]
+ grep -qE '^stoleus_plugin_get_runtime_state\(\)[[:space:]]*\{' /c/Users/ivans/Desktop/Projects/TOOLS/tools/kernel/plugin/plugin.sh
+ [[ public == \i\n\t\e\r\n\a\l ]]
+ [[ public != \i\n\t\e\r\n\a\l ]]
+ [[ stable == \i\n\t\e\r\n\a\l ]]
+ for api_index in "${!STOLEUS_API_FUNCTIONS[@]}"
+ function_name=stoleus_planning_initialize
+ visibility=internal
+ stability=internal
+ owner=kernel/planning/planning.sh
+ owner_path=/c/Users/ivans/Desktop/Projects/TOOLS/tools/kernel/planning/planning.sh
+ declare -F stoleus_planning_initialize
+ [[ ! -f /c/Users/ivans/Desktop/Projects/TOOLS/tools/kernel/planning/planning.sh ]]
+ grep -qE '^stoleus_planning_initialize\(\)[[:space:]]*\{' /c/Users/ivans/Desktop/Projects/TOOLS/tools/kernel/planning/planning.sh
+ [[ internal == \i\n\t\e\r\n\a\l ]]
+ [[ internal != \i\n\t\e\r\n\a\l ]]
+ [[ internal != \i\n\t\e\r\n\a\l ]]
+ for api_index in "${!STOLEUS_API_FUNCTIONS[@]}"
+ function_name=stoleus_planning_create_request
+ visibility=public
+ stability=stable
+ owner=kernel/planning/planning.sh
+ owner_path=/c/Users/ivans/Desktop/Projects/TOOLS/tools/kernel/planning/planning.sh
+ declare -F stoleus_planning_create_request
+ [[ ! -f /c/Users/ivans/Desktop/Projects/TOOLS/tools/kernel/planning/planning.sh ]]
+ grep -qE '^stoleus_planning_create_request\(\)[[:space:]]*\{' /c/Users/ivans/Desktop/Projects/TOOLS/tools/kernel/planning/planning.sh
+ [[ public == \i\n\t\e\r\n\a\l ]]
+ [[ public != \i\n\t\e\r\n\a\l ]]
+ [[ stable == \i\n\t\e\r\n\a\l ]]
+ for api_index in "${!STOLEUS_API_FUNCTIONS[@]}"
+ function_name=stoleus_planning_build_plan
+ visibility=public
+ stability=stable
+ owner=kernel/planning/planning.sh
+ owner_path=/c/Users/ivans/Desktop/Projects/TOOLS/tools/kernel/planning/planning.sh
+ declare -F stoleus_planning_build_plan
+ [[ ! -f /c/Users/ivans/Desktop/Projects/TOOLS/tools/kernel/planning/planning.sh ]]
+ grep -qE '^stoleus_planning_build_plan\(\)[[:space:]]*\{' /c/Users/ivans/Desktop/Projects/TOOLS/tools/kernel/planning/planning.sh
+ [[ public == \i\n\t\e\r\n\a\l ]]
+ [[ public != \i\n\t\e\r\n\a\l ]]
+ [[ stable == \i\n\t\e\r\n\a\l ]]
+ for api_index in "${!STOLEUS_API_FUNCTIONS[@]}"
+ function_name=stoleus_planning_get_request
+ visibility=public
+ stability=stable
+ owner=kernel/planning/planning.sh
+ owner_path=/c/Users/ivans/Desktop/Projects/TOOLS/tools/kernel/planning/planning.sh
+ declare -F stoleus_planning_get_request
+ [[ ! -f /c/Users/ivans/Desktop/Projects/TOOLS/tools/kernel/planning/planning.sh ]]
+ grep -qE '^stoleus_planning_get_request\(\)[[:space:]]*\{' /c/Users/ivans/Desktop/Projects/TOOLS/tools/kernel/planning/planning.sh
+ [[ public == \i\n\t\e\r\n\a\l ]]
+ [[ public != \i\n\t\e\r\n\a\l ]]
+ [[ stable == \i\n\t\e\r\n\a\l ]]
+ for api_index in "${!STOLEUS_API_FUNCTIONS[@]}"
+ function_name=stoleus_planning_get_plugins
+ visibility=public
+ stability=stable
+ owner=kernel/planning/planning.sh
+ owner_path=/c/Users/ivans/Desktop/Projects/TOOLS/tools/kernel/planning/planning.sh
+ declare -F stoleus_planning_get_plugins
+ [[ ! -f /c/Users/ivans/Desktop/Projects/TOOLS/tools/kernel/planning/planning.sh ]]
+ grep -qE '^stoleus_planning_get_plugins\(\)[[:space:]]*\{' /c/Users/ivans/Desktop/Projects/TOOLS/tools/kernel/planning/planning.sh
+ [[ public == \i\n\t\e\r\n\a\l ]]
+ [[ public != \i\n\t\e\r\n\a\l ]]
+ [[ stable == \i\n\t\e\r\n\a\l ]]
+ for api_index in "${!STOLEUS_API_FUNCTIONS[@]}"
+ function_name=stoleus_planning_get_steps
+ visibility=public
+ stability=stable
+ owner=kernel/planning/planning.sh
+ owner_path=/c/Users/ivans/Desktop/Projects/TOOLS/tools/kernel/planning/planning.sh
+ declare -F stoleus_planning_get_steps
+ [[ ! -f /c/Users/ivans/Desktop/Projects/TOOLS/tools/kernel/planning/planning.sh ]]
+ grep -qE '^stoleus_planning_get_steps\(\)[[:space:]]*\{' /c/Users/ivans/Desktop/Projects/TOOLS/tools/kernel/planning/planning.sh
+ [[ public == \i\n\t\e\r\n\a\l ]]
+ [[ public != \i\n\t\e\r\n\a\l ]]
+ [[ stable == \i\n\t\e\r\n\a\l ]]
+ for api_index in "${!STOLEUS_API_FUNCTIONS[@]}"
+ function_name=stoleus_planning_is_plan_frozen
+ visibility=internal
+ stability=internal
+ owner=kernel/planning/planning.sh
+ owner_path=/c/Users/ivans/Desktop/Projects/TOOLS/tools/kernel/planning/planning.sh
+ declare -F stoleus_planning_is_plan_frozen
+ [[ ! -f /c/Users/ivans/Desktop/Projects/TOOLS/tools/kernel/planning/planning.sh ]]
+ grep -qE '^stoleus_planning_is_plan_frozen\(\)[[:space:]]*\{' /c/Users/ivans/Desktop/Projects/TOOLS/tools/kernel/planning/planning.sh
+ [[ internal == \i\n\t\e\r\n\a\l ]]
+ [[ internal != \i\n\t\e\r\n\a\l ]]
+ [[ internal != \i\n\t\e\r\n\a\l ]]
+ for api_index in "${!STOLEUS_API_FUNCTIONS[@]}"
+ function_name=stoleus_planning_get_lifecycle_function
+ visibility=internal
+ stability=internal
+ owner=kernel/planning/planning.sh
+ owner_path=/c/Users/ivans/Desktop/Projects/TOOLS/tools/kernel/planning/planning.sh
+ declare -F stoleus_planning_get_lifecycle_function
+ [[ ! -f /c/Users/ivans/Desktop/Projects/TOOLS/tools/kernel/planning/planning.sh ]]
+ grep -qE '^stoleus_planning_get_lifecycle_function\(\)[[:space:]]*\{' /c/Users/ivans/Desktop/Projects/TOOLS/tools/kernel/planning/planning.sh
+ [[ internal == \i\n\t\e\r\n\a\l ]]
+ [[ internal != \i\n\t\e\r\n\a\l ]]
+ [[ internal != \i\n\t\e\r\n\a\l ]]
+ for api_index in "${!STOLEUS_API_FUNCTIONS[@]}"
+ function_name=stoleus_planning_reset
+ visibility=public
+ stability=stable
+ owner=kernel/planning/planning.sh
+ owner_path=/c/Users/ivans/Desktop/Projects/TOOLS/tools/kernel/planning/planning.sh
+ declare -F stoleus_planning_reset
+ [[ ! -f /c/Users/ivans/Desktop/Projects/TOOLS/tools/kernel/planning/planning.sh ]]
+ grep -qE '^stoleus_planning_reset\(\)[[:space:]]*\{' /c/Users/ivans/Desktop/Projects/TOOLS/tools/kernel/planning/planning.sh
+ [[ public == \i\n\t\e\r\n\a\l ]]
+ [[ public != \i\n\t\e\r\n\a\l ]]
+ [[ stable == \i\n\t\e\r\n\a\l ]]
+ for api_index in "${!STOLEUS_API_FUNCTIONS[@]}"
+ function_name=stoleus_rollback_executor_execute_step
+ visibility=internal
+ stability=internal
+ owner=kernel/rollback/executor.sh
+ owner_path=/c/Users/ivans/Desktop/Projects/TOOLS/tools/kernel/rollback/executor.sh
+ declare -F stoleus_rollback_executor_execute_step
+ [[ ! -f /c/Users/ivans/Desktop/Projects/TOOLS/tools/kernel/rollback/executor.sh ]]
+ grep -qE '^stoleus_rollback_executor_execute_step\(\)[[:space:]]*\{' /c/Users/ivans/Desktop/Projects/TOOLS/tools/kernel/rollback/executor.sh
+ [[ internal == \i\n\t\e\r\n\a\l ]]
+ [[ internal != \i\n\t\e\r\n\a\l ]]
+ [[ internal != \i\n\t\e\r\n\a\l ]]
+ for api_index in "${!STOLEUS_API_FUNCTIONS[@]}"
+ function_name=stoleus_rollback_executor_create_session_id
+ visibility=internal
+ stability=internal
+ owner=kernel/rollback/executor.sh
+ owner_path=/c/Users/ivans/Desktop/Projects/TOOLS/tools/kernel/rollback/executor.sh
+ declare -F stoleus_rollback_executor_create_session_id
+ [[ ! -f /c/Users/ivans/Desktop/Projects/TOOLS/tools/kernel/rollback/executor.sh ]]
+ grep -qE '^stoleus_rollback_executor_create_session_id\(\)[[:space:]]*\{' /c/Users/ivans/Desktop/Projects/TOOLS/tools/kernel/rollback/executor.sh
+ [[ internal == \i\n\t\e\r\n\a\l ]]
+ [[ internal != \i\n\t\e\r\n\a\l ]]
+ [[ internal != \i\n\t\e\r\n\a\l ]]
+ for api_index in "${!STOLEUS_API_FUNCTIONS[@]}"
+ function_name=stoleus_rollback_executor_execute_plan
+ visibility=public
+ stability=experimental
+ owner=kernel/rollback/executor.sh
+ owner_path=/c/Users/ivans/Desktop/Projects/TOOLS/tools/kernel/rollback/executor.sh
+ declare -F stoleus_rollback_executor_execute_plan
+ [[ ! -f /c/Users/ivans/Desktop/Projects/TOOLS/tools/kernel/rollback/executor.sh ]]
+ grep -qE '^stoleus_rollback_executor_execute_plan\(\)[[:space:]]*\{' /c/Users/ivans/Desktop/Projects/TOOLS/tools/kernel/rollback/executor.sh
+ [[ public == \i\n\t\e\r\n\a\l ]]
+ [[ public != \i\n\t\e\r\n\a\l ]]
+ [[ experimental == \i\n\t\e\r\n\a\l ]]
+ for api_index in "${!STOLEUS_API_FUNCTIONS[@]}"
+ function_name=stoleus_rollback_executor_get_results
+ visibility=public
+ stability=experimental
+ owner=kernel/rollback/executor.sh
+ owner_path=/c/Users/ivans/Desktop/Projects/TOOLS/tools/kernel/rollback/executor.sh
+ declare -F stoleus_rollback_executor_get_results
+ [[ ! -f /c/Users/ivans/Desktop/Projects/TOOLS/tools/kernel/rollback/executor.sh ]]
+ grep -qE '^stoleus_rollback_executor_get_results\(\)[[:space:]]*\{' /c/Users/ivans/Desktop/Projects/TOOLS/tools/kernel/rollback/executor.sh
+ [[ public == \i\n\t\e\r\n\a\l ]]
+ [[ public != \i\n\t\e\r\n\a\l ]]
+ [[ experimental == \i\n\t\e\r\n\a\l ]]
+ for api_index in "${!STOLEUS_API_FUNCTIONS[@]}"
+ function_name=stoleus_rollback_executor_get_detailed_results
+ visibility=public
+ stability=experimental
+ owner=kernel/rollback/executor.sh
+ owner_path=/c/Users/ivans/Desktop/Projects/TOOLS/tools/kernel/rollback/executor.sh
+ declare -F stoleus_rollback_executor_get_detailed_results
+ [[ ! -f /c/Users/ivans/Desktop/Projects/TOOLS/tools/kernel/rollback/executor.sh ]]
+ grep -qE '^stoleus_rollback_executor_get_detailed_results\(\)[[:space:]]*\{' /c/Users/ivans/Desktop/Projects/TOOLS/tools/kernel/rollback/executor.sh
+ [[ public == \i\n\t\e\r\n\a\l ]]
+ [[ public != \i\n\t\e\r\n\a\l ]]
+ [[ experimental == \i\n\t\e\r\n\a\l ]]
+ for api_index in "${!STOLEUS_API_FUNCTIONS[@]}"
+ function_name=stoleus_rollback_executor_get_status
+ visibility=public
+ stability=experimental
+ owner=kernel/rollback/executor.sh
+ owner_path=/c/Users/ivans/Desktop/Projects/TOOLS/tools/kernel/rollback/executor.sh
+ declare -F stoleus_rollback_executor_get_status
+ [[ ! -f /c/Users/ivans/Desktop/Projects/TOOLS/tools/kernel/rollback/executor.sh ]]
+ grep -qE '^stoleus_rollback_executor_get_status\(\)[[:space:]]*\{' /c/Users/ivans/Desktop/Projects/TOOLS/tools/kernel/rollback/executor.sh
+ [[ public == \i\n\t\e\r\n\a\l ]]
+ [[ public != \i\n\t\e\r\n\a\l ]]
+ [[ experimental == \i\n\t\e\r\n\a\l ]]
+ for api_index in "${!STOLEUS_API_FUNCTIONS[@]}"
+ function_name=stoleus_rollback_plan_initialize
+ visibility=internal
+ stability=internal
+ owner=kernel/rollback/plan.sh
+ owner_path=/c/Users/ivans/Desktop/Projects/TOOLS/tools/kernel/rollback/plan.sh
+ declare -F stoleus_rollback_plan_initialize
+ [[ ! -f /c/Users/ivans/Desktop/Projects/TOOLS/tools/kernel/rollback/plan.sh ]]
+ grep -qE '^stoleus_rollback_plan_initialize\(\)[[:space:]]*\{' /c/Users/ivans/Desktop/Projects/TOOLS/tools/kernel/rollback/plan.sh
+ [[ internal == \i\n\t\e\r\n\a\l ]]
+ [[ internal != \i\n\t\e\r\n\a\l ]]
+ [[ internal != \i\n\t\e\r\n\a\l ]]
+ for api_index in "${!STOLEUS_API_FUNCTIONS[@]}"
+ function_name=stoleus_rollback_plan_append
+ visibility=internal
+ stability=internal
+ owner=kernel/rollback/plan.sh
+ owner_path=/c/Users/ivans/Desktop/Projects/TOOLS/tools/kernel/rollback/plan.sh
+ declare -F stoleus_rollback_plan_append
+ [[ ! -f /c/Users/ivans/Desktop/Projects/TOOLS/tools/kernel/rollback/plan.sh ]]
+ grep -qE '^stoleus_rollback_plan_append\(\)[[:space:]]*\{' /c/Users/ivans/Desktop/Projects/TOOLS/tools/kernel/rollback/plan.sh
+ [[ internal == \i\n\t\e\r\n\a\l ]]
+ [[ internal != \i\n\t\e\r\n\a\l ]]
+ [[ internal != \i\n\t\e\r\n\a\l ]]
+ for api_index in "${!STOLEUS_API_FUNCTIONS[@]}"
+ function_name=stoleus_rollback_plan_freeze
+ visibility=internal
+ stability=internal
+ owner=kernel/rollback/plan.sh
+ owner_path=/c/Users/ivans/Desktop/Projects/TOOLS/tools/kernel/rollback/plan.sh
+ declare -F stoleus_rollback_plan_freeze
+ [[ ! -f /c/Users/ivans/Desktop/Projects/TOOLS/tools/kernel/rollback/plan.sh ]]
+ grep -qE '^stoleus_rollback_plan_freeze\(\)[[:space:]]*\{' /c/Users/ivans/Desktop/Projects/TOOLS/tools/kernel/rollback/plan.sh
+ [[ internal == \i\n\t\e\r\n\a\l ]]
+ [[ internal != \i\n\t\e\r\n\a\l ]]
+ [[ internal != \i\n\t\e\r\n\a\l ]]
+ for api_index in "${!STOLEUS_API_FUNCTIONS[@]}"
+ function_name=stoleus_rollback_plan_contains
+ visibility=public
+ stability=experimental
+ owner=kernel/rollback/plan.sh
+ owner_path=/c/Users/ivans/Desktop/Projects/TOOLS/tools/kernel/rollback/plan.sh
+ declare -F stoleus_rollback_plan_contains
+ [[ ! -f /c/Users/ivans/Desktop/Projects/TOOLS/tools/kernel/rollback/plan.sh ]]
+ grep -qE '^stoleus_rollback_plan_contains\(\)[[:space:]]*\{' /c/Users/ivans/Desktop/Projects/TOOLS/tools/kernel/rollback/plan.sh
+ [[ public == \i\n\t\e\r\n\a\l ]]
+ [[ public != \i\n\t\e\r\n\a\l ]]
+ [[ experimental == \i\n\t\e\r\n\a\l ]]
+ for api_index in "${!STOLEUS_API_FUNCTIONS[@]}"
+ function_name=stoleus_rollback_plan_get_field
+ visibility=public
+ stability=experimental
+ owner=kernel/rollback/plan.sh
+ owner_path=/c/Users/ivans/Desktop/Projects/TOOLS/tools/kernel/rollback/plan.sh
+ declare -F stoleus_rollback_plan_get_field
+ [[ ! -f /c/Users/ivans/Desktop/Projects/TOOLS/tools/kernel/rollback/plan.sh ]]
+ grep -qE '^stoleus_rollback_plan_get_field\(\)[[:space:]]*\{' /c/Users/ivans/Desktop/Projects/TOOLS/tools/kernel/rollback/plan.sh
+ [[ public == \i\n\t\e\r\n\a\l ]]
+ [[ public != \i\n\t\e\r\n\a\l ]]
+ [[ experimental == \i\n\t\e\r\n\a\l ]]
+ for api_index in "${!STOLEUS_API_FUNCTIONS[@]}"
+ function_name=stoleus_rollback_plan_get_count
+ visibility=public
+ stability=experimental
+ owner=kernel/rollback/plan.sh
+ owner_path=/c/Users/ivans/Desktop/Projects/TOOLS/tools/kernel/rollback/plan.sh
+ declare -F stoleus_rollback_plan_get_count
+ [[ ! -f /c/Users/ivans/Desktop/Projects/TOOLS/tools/kernel/rollback/plan.sh ]]
+ grep -qE '^stoleus_rollback_plan_get_count\(\)[[:space:]]*\{' /c/Users/ivans/Desktop/Projects/TOOLS/tools/kernel/rollback/plan.sh
+ [[ public == \i\n\t\e\r\n\a\l ]]
+ [[ public != \i\n\t\e\r\n\a\l ]]
+ [[ experimental == \i\n\t\e\r\n\a\l ]]
+ for api_index in "${!STOLEUS_API_FUNCTIONS[@]}"
+ function_name=stoleus_rollback_plan_list
+ visibility=public
+ stability=experimental
+ owner=kernel/rollback/plan.sh
+ owner_path=/c/Users/ivans/Desktop/Projects/TOOLS/tools/kernel/rollback/plan.sh
+ declare -F stoleus_rollback_plan_list
+ [[ ! -f /c/Users/ivans/Desktop/Projects/TOOLS/tools/kernel/rollback/plan.sh ]]
+ grep -qE '^stoleus_rollback_plan_list\(\)[[:space:]]*\{' /c/Users/ivans/Desktop/Projects/TOOLS/tools/kernel/rollback/plan.sh
+ [[ public == \i\n\t\e\r\n\a\l ]]
+ [[ public != \i\n\t\e\r\n\a\l ]]
+ [[ experimental == \i\n\t\e\r\n\a\l ]]
+ for api_index in "${!STOLEUS_API_FUNCTIONS[@]}"
+ function_name=stoleus_rollback_plan_is_frozen
+ visibility=public
+ stability=experimental
+ owner=kernel/rollback/plan.sh
+ owner_path=/c/Users/ivans/Desktop/Projects/TOOLS/tools/kernel/rollback/plan.sh
+ declare -F stoleus_rollback_plan_is_frozen
+ [[ ! -f /c/Users/ivans/Desktop/Projects/TOOLS/tools/kernel/rollback/plan.sh ]]
+ grep -qE '^stoleus_rollback_plan_is_frozen\(\)[[:space:]]*\{' /c/Users/ivans/Desktop/Projects/TOOLS/tools/kernel/rollback/plan.sh
+ [[ public == \i\n\t\e\r\n\a\l ]]
+ [[ public != \i\n\t\e\r\n\a\l ]]
+ [[ experimental == \i\n\t\e\r\n\a\l ]]
+ for api_index in "${!STOLEUS_API_FUNCTIONS[@]}"
+ function_name=stoleus_rollback_plan_reset
+ visibility=public
+ stability=experimental
+ owner=kernel/rollback/plan.sh
+ owner_path=/c/Users/ivans/Desktop/Projects/TOOLS/tools/kernel/rollback/plan.sh
+ declare -F stoleus_rollback_plan_reset
+ [[ ! -f /c/Users/ivans/Desktop/Projects/TOOLS/tools/kernel/rollback/plan.sh ]]
+ grep -qE '^stoleus_rollback_plan_reset\(\)[[:space:]]*\{' /c/Users/ivans/Desktop/Projects/TOOLS/tools/kernel/rollback/plan.sh
+ [[ public == \i\n\t\e\r\n\a\l ]]
+ [[ public != \i\n\t\e\r\n\a\l ]]
+ [[ experimental == \i\n\t\e\r\n\a\l ]]
+ for api_index in "${!STOLEUS_API_FUNCTIONS[@]}"
+ function_name=stoleus_rollback_registry_initialize
+ visibility=internal
+ stability=internal
+ owner=kernel/rollback/registry.sh
+ owner_path=/c/Users/ivans/Desktop/Projects/TOOLS/tools/kernel/rollback/registry.sh
+ declare -F stoleus_rollback_registry_initialize
+ [[ ! -f /c/Users/ivans/Desktop/Projects/TOOLS/tools/kernel/rollback/registry.sh ]]
+ grep -qE '^stoleus_rollback_registry_initialize\(\)[[:space:]]*\{' /c/Users/ivans/Desktop/Projects/TOOLS/tools/kernel/rollback/registry.sh
+ [[ internal == \i\n\t\e\r\n\a\l ]]
+ [[ internal != \i\n\t\e\r\n\a\l ]]
+ [[ internal != \i\n\t\e\r\n\a\l ]]
+ for api_index in "${!STOLEUS_API_FUNCTIONS[@]}"
+ function_name=stoleus_rollback_registry_register
+ visibility=internal
+ stability=internal
+ owner=kernel/rollback/registry.sh
+ owner_path=/c/Users/ivans/Desktop/Projects/TOOLS/tools/kernel/rollback/registry.sh
+ declare -F stoleus_rollback_registry_register
+ [[ ! -f /c/Users/ivans/Desktop/Projects/TOOLS/tools/kernel/rollback/registry.sh ]]
+ grep -qE '^stoleus_rollback_registry_register\(\)[[:space:]]*\{' /c/Users/ivans/Desktop/Projects/TOOLS/tools/kernel/rollback/registry.sh
+ [[ internal == \i\n\t\e\r\n\a\l ]]
+ [[ internal != \i\n\t\e\r\n\a\l ]]
+ [[ internal != \i\n\t\e\r\n\a\l ]]
+ for api_index in "${!STOLEUS_API_FUNCTIONS[@]}"
+ function_name=stoleus_rollback_registry_freeze
+ visibility=internal
+ stability=internal
+ owner=kernel/rollback/registry.sh
+ owner_path=/c/Users/ivans/Desktop/Projects/TOOLS/tools/kernel/rollback/registry.sh
+ declare -F stoleus_rollback_registry_freeze
+ [[ ! -f /c/Users/ivans/Desktop/Projects/TOOLS/tools/kernel/rollback/registry.sh ]]
+ grep -qE '^stoleus_rollback_registry_freeze\(\)[[:space:]]*\{' /c/Users/ivans/Desktop/Projects/TOOLS/tools/kernel/rollback/registry.sh
+ [[ internal == \i\n\t\e\r\n\a\l ]]
+ [[ internal != \i\n\t\e\r\n\a\l ]]
+ [[ internal != \i\n\t\e\r\n\a\l ]]
+ for api_index in "${!STOLEUS_API_FUNCTIONS[@]}"
+ function_name=stoleus_rollback_registry_contains
+ visibility=public
+ stability=experimental
+ owner=kernel/rollback/registry.sh
+ owner_path=/c/Users/ivans/Desktop/Projects/TOOLS/tools/kernel/rollback/registry.sh
+ declare -F stoleus_rollback_registry_contains
+ [[ ! -f /c/Users/ivans/Desktop/Projects/TOOLS/tools/kernel/rollback/registry.sh ]]
+ grep -qE '^stoleus_rollback_registry_contains\(\)[[:space:]]*\{' /c/Users/ivans/Desktop/Projects/TOOLS/tools/kernel/rollback/registry.sh
+ [[ public == \i\n\t\e\r\n\a\l ]]
+ [[ public != \i\n\t\e\r\n\a\l ]]
+ [[ experimental == \i\n\t\e\r\n\a\l ]]
+ for api_index in "${!STOLEUS_API_FUNCTIONS[@]}"
+ function_name=stoleus_rollback_registry_get_function
+ visibility=public
+ stability=experimental
+ owner=kernel/rollback/registry.sh
+ owner_path=/c/Users/ivans/Desktop/Projects/TOOLS/tools/kernel/rollback/registry.sh
+ declare -F stoleus_rollback_registry_get_function
+ [[ ! -f /c/Users/ivans/Desktop/Projects/TOOLS/tools/kernel/rollback/registry.sh ]]
+ grep -qE '^stoleus_rollback_registry_get_function\(\)[[:space:]]*\{' /c/Users/ivans/Desktop/Projects/TOOLS/tools/kernel/rollback/registry.sh
+ [[ public == \i\n\t\e\r\n\a\l ]]
+ [[ public != \i\n\t\e\r\n\a\l ]]
+ [[ experimental == \i\n\t\e\r\n\a\l ]]
+ for api_index in "${!STOLEUS_API_FUNCTIONS[@]}"
+ function_name=stoleus_rollback_registry_get_field
+ visibility=public
+ stability=experimental
+ owner=kernel/rollback/registry.sh
+ owner_path=/c/Users/ivans/Desktop/Projects/TOOLS/tools/kernel/rollback/registry.sh
+ declare -F stoleus_rollback_registry_get_field
+ [[ ! -f /c/Users/ivans/Desktop/Projects/TOOLS/tools/kernel/rollback/registry.sh ]]
+ grep -qE '^stoleus_rollback_registry_get_field\(\)[[:space:]]*\{' /c/Users/ivans/Desktop/Projects/TOOLS/tools/kernel/rollback/registry.sh
+ [[ public == \i\n\t\e\r\n\a\l ]]
+ [[ public != \i\n\t\e\r\n\a\l ]]
+ [[ experimental == \i\n\t\e\r\n\a\l ]]
+ for api_index in "${!STOLEUS_API_FUNCTIONS[@]}"
+ function_name=stoleus_rollback_registry_get_count
+ visibility=public
+ stability=experimental
+ owner=kernel/rollback/registry.sh
+ owner_path=/c/Users/ivans/Desktop/Projects/TOOLS/tools/kernel/rollback/registry.sh
+ declare -F stoleus_rollback_registry_get_count
+ [[ ! -f /c/Users/ivans/Desktop/Projects/TOOLS/tools/kernel/rollback/registry.sh ]]
+ grep -qE '^stoleus_rollback_registry_get_count\(\)[[:space:]]*\{' /c/Users/ivans/Desktop/Projects/TOOLS/tools/kernel/rollback/registry.sh
+ [[ public == \i\n\t\e\r\n\a\l ]]
+ [[ public != \i\n\t\e\r\n\a\l ]]
+ [[ experimental == \i\n\t\e\r\n\a\l ]]
+ for api_index in "${!STOLEUS_API_FUNCTIONS[@]}"
+ function_name=stoleus_rollback_registry_list
+ visibility=public
+ stability=experimental
+ owner=kernel/rollback/registry.sh
+ owner_path=/c/Users/ivans/Desktop/Projects/TOOLS/tools/kernel/rollback/registry.sh
+ declare -F stoleus_rollback_registry_list
+ [[ ! -f /c/Users/ivans/Desktop/Projects/TOOLS/tools/kernel/rollback/registry.sh ]]
+ grep -qE '^stoleus_rollback_registry_list\(\)[[:space:]]*\{' /c/Users/ivans/Desktop/Projects/TOOLS/tools/kernel/rollback/registry.sh
+ [[ public == \i\n\t\e\r\n\a\l ]]
+ [[ public != \i\n\t\e\r\n\a\l ]]
+ [[ experimental == \i\n\t\e\r\n\a\l ]]
+ for api_index in "${!STOLEUS_API_FUNCTIONS[@]}"
+ function_name=stoleus_rollback_registry_is_frozen
+ visibility=public
+ stability=experimental
+ owner=kernel/rollback/registry.sh
+ owner_path=/c/Users/ivans/Desktop/Projects/TOOLS/tools/kernel/rollback/registry.sh
+ declare -F stoleus_rollback_registry_is_frozen
+ [[ ! -f /c/Users/ivans/Desktop/Projects/TOOLS/tools/kernel/rollback/registry.sh ]]
+ grep -qE '^stoleus_rollback_registry_is_frozen\(\)[[:space:]]*\{' /c/Users/ivans/Desktop/Projects/TOOLS/tools/kernel/rollback/registry.sh
+ [[ public == \i\n\t\e\r\n\a\l ]]
+ [[ public != \i\n\t\e\r\n\a\l ]]
+ [[ experimental == \i\n\t\e\r\n\a\l ]]
+ for api_index in "${!STOLEUS_API_FUNCTIONS[@]}"
+ function_name=stoleus_rollback_registry_reset
+ visibility=public
+ stability=experimental
+ owner=kernel/rollback/registry.sh
+ owner_path=/c/Users/ivans/Desktop/Projects/TOOLS/tools/kernel/rollback/registry.sh
+ declare -F stoleus_rollback_registry_reset
+ [[ ! -f /c/Users/ivans/Desktop/Projects/TOOLS/tools/kernel/rollback/registry.sh ]]
+ grep -qE '^stoleus_rollback_registry_reset\(\)[[:space:]]*\{' /c/Users/ivans/Desktop/Projects/TOOLS/tools/kernel/rollback/registry.sh
+ [[ public == \i\n\t\e\r\n\a\l ]]
+ [[ public != \i\n\t\e\r\n\a\l ]]
+ [[ experimental == \i\n\t\e\r\n\a\l ]]
+ for api_index in "${!STOLEUS_API_FUNCTIONS[@]}"
+ function_name=stoleus_lifecycle_initialize
+ visibility=internal
+ stability=internal
+ owner=kernel/lifecycle/lifecycle.sh
+ owner_path=/c/Users/ivans/Desktop/Projects/TOOLS/tools/kernel/lifecycle/lifecycle.sh
+ declare -F stoleus_lifecycle_initialize
+ [[ ! -f /c/Users/ivans/Desktop/Projects/TOOLS/tools/kernel/lifecycle/lifecycle.sh ]]
+ grep -qE '^stoleus_lifecycle_initialize\(\)[[:space:]]*\{' /c/Users/ivans/Desktop/Projects/TOOLS/tools/kernel/lifecycle/lifecycle.sh
+ [[ internal == \i\n\t\e\r\n\a\l ]]
+ [[ internal != \i\n\t\e\r\n\a\l ]]
+ [[ internal != \i\n\t\e\r\n\a\l ]]
+ for api_index in "${!STOLEUS_API_FUNCTIONS[@]}"
+ function_name=stoleus_lifecycle_load_plugin
+ visibility=public
+ stability=stable
+ owner=kernel/lifecycle/lifecycle.sh
+ owner_path=/c/Users/ivans/Desktop/Projects/TOOLS/tools/kernel/lifecycle/lifecycle.sh
+ declare -F stoleus_lifecycle_load_plugin
+ [[ ! -f /c/Users/ivans/Desktop/Projects/TOOLS/tools/kernel/lifecycle/lifecycle.sh ]]
+ grep -qE '^stoleus_lifecycle_load_plugin\(\)[[:space:]]*\{' /c/Users/ivans/Desktop/Projects/TOOLS/tools/kernel/lifecycle/lifecycle.sh
+ [[ public == \i\n\t\e\r\n\a\l ]]
+ [[ public != \i\n\t\e\r\n\a\l ]]
+ [[ stable == \i\n\t\e\r\n\a\l ]]
+ for api_index in "${!STOLEUS_API_FUNCTIONS[@]}"
+ function_name=stoleus_lifecycle_is_plugin_loaded
+ visibility=public
+ stability=stable
+ owner=kernel/lifecycle/lifecycle.sh
+ owner_path=/c/Users/ivans/Desktop/Projects/TOOLS/tools/kernel/lifecycle/lifecycle.sh
+ declare -F stoleus_lifecycle_is_plugin_loaded
+ [[ ! -f /c/Users/ivans/Desktop/Projects/TOOLS/tools/kernel/lifecycle/lifecycle.sh ]]
+ grep -qE '^stoleus_lifecycle_is_plugin_loaded\(\)[[:space:]]*\{' /c/Users/ivans/Desktop/Projects/TOOLS/tools/kernel/lifecycle/lifecycle.sh
+ [[ public == \i\n\t\e\r\n\a\l ]]
+ [[ public != \i\n\t\e\r\n\a\l ]]
+ [[ stable == \i\n\t\e\r\n\a\l ]]
+ for api_index in "${!STOLEUS_API_FUNCTIONS[@]}"
+ function_name=stoleus_lifecycle_invoke
+ visibility=internal
+ stability=internal
+ owner=kernel/lifecycle/lifecycle.sh
+ owner_path=/c/Users/ivans/Desktop/Projects/TOOLS/tools/kernel/lifecycle/lifecycle.sh
+ declare -F stoleus_lifecycle_invoke
+ [[ ! -f /c/Users/ivans/Desktop/Projects/TOOLS/tools/kernel/lifecycle/lifecycle.sh ]]
+ grep -qE '^stoleus_lifecycle_invoke\(\)[[:space:]]*\{' /c/Users/ivans/Desktop/Projects/TOOLS/tools/kernel/lifecycle/lifecycle.sh
+ [[ internal == \i\n\t\e\r\n\a\l ]]
+ [[ internal != \i\n\t\e\r\n\a\l ]]
+ [[ internal != \i\n\t\e\r\n\a\l ]]
+ for api_index in "${!STOLEUS_API_FUNCTIONS[@]}"
+ function_name=stoleus_lifecycle_invoke_function
+ visibility=internal
+ stability=internal
+ owner=kernel/lifecycle/lifecycle.sh
+ owner_path=/c/Users/ivans/Desktop/Projects/TOOLS/tools/kernel/lifecycle/lifecycle.sh
+ declare -F stoleus_lifecycle_invoke_function
+ [[ ! -f /c/Users/ivans/Desktop/Projects/TOOLS/tools/kernel/lifecycle/lifecycle.sh ]]
+ grep -qE '^stoleus_lifecycle_invoke_function\(\)[[:space:]]*\{' /c/Users/ivans/Desktop/Projects/TOOLS/tools/kernel/lifecycle/lifecycle.sh
+ [[ internal == \i\n\t\e\r\n\a\l ]]
+ [[ internal != \i\n\t\e\r\n\a\l ]]
+ [[ internal != \i\n\t\e\r\n\a\l ]]
+ for api_index in "${!STOLEUS_API_FUNCTIONS[@]}"
+ function_name=stoleus_lifecycle_get_loaded
+ visibility=public
+ stability=stable
+ owner=kernel/lifecycle/lifecycle.sh
+ owner_path=/c/Users/ivans/Desktop/Projects/TOOLS/tools/kernel/lifecycle/lifecycle.sh
+ declare -F stoleus_lifecycle_get_loaded
+ [[ ! -f /c/Users/ivans/Desktop/Projects/TOOLS/tools/kernel/lifecycle/lifecycle.sh ]]
+ grep -qE '^stoleus_lifecycle_get_loaded\(\)[[:space:]]*\{' /c/Users/ivans/Desktop/Projects/TOOLS/tools/kernel/lifecycle/lifecycle.sh
+ [[ public == \i\n\t\e\r\n\a\l ]]
+ [[ public != \i\n\t\e\r\n\a\l ]]
+ [[ stable == \i\n\t\e\r\n\a\l ]]
+ for api_index in "${!STOLEUS_API_FUNCTIONS[@]}"
+ function_name=stoleus_lifecycle_reset
+ visibility=public
+ stability=stable
+ owner=kernel/lifecycle/lifecycle.sh
+ owner_path=/c/Users/ivans/Desktop/Projects/TOOLS/tools/kernel/lifecycle/lifecycle.sh
+ declare -F stoleus_lifecycle_reset
+ [[ ! -f /c/Users/ivans/Desktop/Projects/TOOLS/tools/kernel/lifecycle/lifecycle.sh ]]
+ grep -qE '^stoleus_lifecycle_reset\(\)[[:space:]]*\{' /c/Users/ivans/Desktop/Projects/TOOLS/tools/kernel/lifecycle/lifecycle.sh
+ [[ public == \i\n\t\e\r\n\a\l ]]
+ [[ public != \i\n\t\e\r\n\a\l ]]
+ [[ stable == \i\n\t\e\r\n\a\l ]]
+ for api_index in "${!STOLEUS_API_FUNCTIONS[@]}"
+ function_name=stoleus_execution_result_registry_get_field
+ visibility=internal
+ stability=internal
+ owner=kernel/execution/result_registry.sh
+ owner_path=/c/Users/ivans/Desktop/Projects/TOOLS/tools/kernel/execution/result_registry.sh
+ declare -F stoleus_execution_result_registry_get_field
+ [[ ! -f /c/Users/ivans/Desktop/Projects/TOOLS/tools/kernel/execution/result_registry.sh ]]
+ grep -qE '^stoleus_execution_result_registry_get_field\(\)[[:space:]]*\{' /c/Users/ivans/Desktop/Projects/TOOLS/tools/kernel/execution/result_registry.sh
+ [[ internal == \i\n\t\e\r\n\a\l ]]
+ [[ internal != \i\n\t\e\r\n\a\l ]]
+ [[ internal != \i\n\t\e\r\n\a\l ]]
+ for api_index in "${!STOLEUS_API_FUNCTIONS[@]}"
+ function_name=stoleus_execution_result_registry_is_successful
+ visibility=internal
+ stability=internal
+ owner=kernel/execution/result_registry.sh
+ owner_path=/c/Users/ivans/Desktop/Projects/TOOLS/tools/kernel/execution/result_registry.sh
+ declare -F stoleus_execution_result_registry_is_successful
+ [[ ! -f /c/Users/ivans/Desktop/Projects/TOOLS/tools/kernel/execution/result_registry.sh ]]
+ grep -qE '^stoleus_execution_result_registry_is_successful\(\)[[:space:]]*\{' /c/Users/ivans/Desktop/Projects/TOOLS/tools/kernel/execution/result_registry.sh
+ [[ internal == \i\n\t\e\r\n\a\l ]]
+ [[ internal != \i\n\t\e\r\n\a\l ]]
+ [[ internal != \i\n\t\e\r\n\a\l ]]
+ for api_index in "${!STOLEUS_API_FUNCTIONS[@]}"
+ function_name=stoleus_execution_coordinator_initialize
+ visibility=internal
+ stability=internal
+ owner=kernel/execution/coordinator.sh
+ owner_path=/c/Users/ivans/Desktop/Projects/TOOLS/tools/kernel/execution/coordinator.sh
+ declare -F stoleus_execution_coordinator_initialize
+ [[ ! -f /c/Users/ivans/Desktop/Projects/TOOLS/tools/kernel/execution/coordinator.sh ]]
+ grep -qE '^stoleus_execution_coordinator_initialize\(\)[[:space:]]*\{' /c/Users/ivans/Desktop/Projects/TOOLS/tools/kernel/execution/coordinator.sh
+ [[ internal == \i\n\t\e\r\n\a\l ]]
+ [[ internal != \i\n\t\e\r\n\a\l ]]
+ [[ internal != \i\n\t\e\r\n\a\l ]]
+ for api_index in "${!STOLEUS_API_FUNCTIONS[@]}"
+ function_name=stoleus_execution_coordinator_finalize_success
+ visibility=internal
+ stability=internal
+ owner=kernel/execution/coordinator.sh
+ owner_path=/c/Users/ivans/Desktop/Projects/TOOLS/tools/kernel/execution/coordinator.sh
+ declare -F stoleus_execution_coordinator_finalize_success
+ [[ ! -f /c/Users/ivans/Desktop/Projects/TOOLS/tools/kernel/execution/coordinator.sh ]]
+ grep -qE '^stoleus_execution_coordinator_finalize_success\(\)[[:space:]]*\{' /c/Users/ivans/Desktop/Projects/TOOLS/tools/kernel/execution/coordinator.sh
+ [[ internal == \i\n\t\e\r\n\a\l ]]
+ [[ internal != \i\n\t\e\r\n\a\l ]]
+ [[ internal != \i\n\t\e\r\n\a\l ]]
+ for api_index in "${!STOLEUS_API_FUNCTIONS[@]}"
+ function_name=stoleus_execution_coordinator_finalize_failure
+ visibility=internal
+ stability=internal
+ owner=kernel/execution/coordinator.sh
+ owner_path=/c/Users/ivans/Desktop/Projects/TOOLS/tools/kernel/execution/coordinator.sh
+ declare -F stoleus_execution_coordinator_finalize_failure
+ [[ ! -f /c/Users/ivans/Desktop/Projects/TOOLS/tools/kernel/execution/coordinator.sh ]]
+ grep -qE '^stoleus_execution_coordinator_finalize_failure\(\)[[:space:]]*\{' /c/Users/ivans/Desktop/Projects/TOOLS/tools/kernel/execution/coordinator.sh
+ [[ internal == \i\n\t\e\r\n\a\l ]]
+ [[ internal != \i\n\t\e\r\n\a\l ]]
+ [[ internal != \i\n\t\e\r\n\a\l ]]
+ for api_index in "${!STOLEUS_API_FUNCTIONS[@]}"
+ function_name=stoleus_execution_coordinator_run_automatic_rollback
+ visibility=internal
+ stability=internal
+ owner=kernel/execution/coordinator.sh
+ owner_path=/c/Users/ivans/Desktop/Projects/TOOLS/tools/kernel/execution/coordinator.sh
+ declare -F stoleus_execution_coordinator_run_automatic_rollback
+ [[ ! -f /c/Users/ivans/Desktop/Projects/TOOLS/tools/kernel/execution/coordinator.sh ]]
+ grep -qE '^stoleus_execution_coordinator_run_automatic_rollback\(\)[[:space:]]*\{' /c/Users/ivans/Desktop/Projects/TOOLS/tools/kernel/execution/coordinator.sh
+ [[ internal == \i\n\t\e\r\n\a\l ]]
+ [[ internal != \i\n\t\e\r\n\a\l ]]
+ [[ internal != \i\n\t\e\r\n\a\l ]]
+ for api_index in "${!STOLEUS_API_FUNCTIONS[@]}"
+ function_name=stoleus_execution_initialize
+ visibility=internal
+ stability=internal
+ owner=kernel/execution/execution.sh
+ owner_path=/c/Users/ivans/Desktop/Projects/TOOLS/tools/kernel/execution/execution.sh
+ declare -F stoleus_execution_initialize
+ [[ ! -f /c/Users/ivans/Desktop/Projects/TOOLS/tools/kernel/execution/execution.sh ]]
+ grep -qE '^stoleus_execution_initialize\(\)[[:space:]]*\{' /c/Users/ivans/Desktop/Projects/TOOLS/tools/kernel/execution/execution.sh
+ [[ internal == \i\n\t\e\r\n\a\l ]]
+ [[ internal != \i\n\t\e\r\n\a\l ]]
+ [[ internal != \i\n\t\e\r\n\a\l ]]
+ for api_index in "${!STOLEUS_API_FUNCTIONS[@]}"
+ function_name=stoleus_execution_execute_plan
+ visibility=public
+ stability=stable
+ owner=kernel/execution/execution.sh
+ owner_path=/c/Users/ivans/Desktop/Projects/TOOLS/tools/kernel/execution/execution.sh
+ declare -F stoleus_execution_execute_plan
+ [[ ! -f /c/Users/ivans/Desktop/Projects/TOOLS/tools/kernel/execution/execution.sh ]]
+ grep -qE '^stoleus_execution_execute_plan\(\)[[:space:]]*\{' /c/Users/ivans/Desktop/Projects/TOOLS/tools/kernel/execution/execution.sh
+ [[ public == \i\n\t\e\r\n\a\l ]]
+ [[ public != \i\n\t\e\r\n\a\l ]]
+ [[ stable == \i\n\t\e\r\n\a\l ]]
+ for api_index in "${!STOLEUS_API_FUNCTIONS[@]}"
+ function_name=stoleus_execution_get_results
+ visibility=public
+ stability=stable
+ owner=kernel/execution/execution.sh
+ owner_path=/c/Users/ivans/Desktop/Projects/TOOLS/tools/kernel/execution/execution.sh
+ declare -F stoleus_execution_get_results
+ [[ ! -f /c/Users/ivans/Desktop/Projects/TOOLS/tools/kernel/execution/execution.sh ]]
+ grep -qE '^stoleus_execution_get_results\(\)[[:space:]]*\{' /c/Users/ivans/Desktop/Projects/TOOLS/tools/kernel/execution/execution.sh
+ [[ public == \i\n\t\e\r\n\a\l ]]
+ [[ public != \i\n\t\e\r\n\a\l ]]
+ [[ stable == \i\n\t\e\r\n\a\l ]]
+ for api_index in "${!STOLEUS_API_FUNCTIONS[@]}"
+ function_name=stoleus_execution_get_detailed_results
+ visibility=public
+ stability=experimental
+ owner=kernel/execution/execution.sh
+ owner_path=/c/Users/ivans/Desktop/Projects/TOOLS/tools/kernel/execution/execution.sh
+ declare -F stoleus_execution_get_detailed_results
+ [[ ! -f /c/Users/ivans/Desktop/Projects/TOOLS/tools/kernel/execution/execution.sh ]]
+ grep -qE '^stoleus_execution_get_detailed_results\(\)[[:space:]]*\{' /c/Users/ivans/Desktop/Projects/TOOLS/tools/kernel/execution/execution.sh
+ [[ public == \i\n\t\e\r\n\a\l ]]
+ [[ public != \i\n\t\e\r\n\a\l ]]
+ [[ experimental == \i\n\t\e\r\n\a\l ]]
+ for api_index in "${!STOLEUS_API_FUNCTIONS[@]}"
+ function_name=stoleus_execution_get_session
+ visibility=public
+ stability=experimental
+ owner=kernel/execution/execution.sh
+ owner_path=/c/Users/ivans/Desktop/Projects/TOOLS/tools/kernel/execution/execution.sh
+ declare -F stoleus_execution_get_session
+ [[ ! -f /c/Users/ivans/Desktop/Projects/TOOLS/tools/kernel/execution/execution.sh ]]
+ grep -qE '^stoleus_execution_get_session\(\)[[:space:]]*\{' /c/Users/ivans/Desktop/Projects/TOOLS/tools/kernel/execution/execution.sh
+ [[ public == \i\n\t\e\r\n\a\l ]]
+ [[ public != \i\n\t\e\r\n\a\l ]]
+ [[ experimental == \i\n\t\e\r\n\a\l ]]
+ for api_index in "${!STOLEUS_API_FUNCTIONS[@]}"
+ function_name=stoleus_execution_reset
+ visibility=public
+ stability=stable
+ owner=kernel/execution/execution.sh
+ owner_path=/c/Users/ivans/Desktop/Projects/TOOLS/tools/kernel/execution/execution.sh
+ declare -F stoleus_execution_reset
+ [[ ! -f /c/Users/ivans/Desktop/Projects/TOOLS/tools/kernel/execution/execution.sh ]]
+ grep -qE '^stoleus_execution_reset\(\)[[:space:]]*\{' /c/Users/ivans/Desktop/Projects/TOOLS/tools/kernel/execution/execution.sh
+ [[ public == \i\n\t\e\r\n\a\l ]]
+ [[ public != \i\n\t\e\r\n\a\l ]]
+ [[ stable == \i\n\t\e\r\n\a\l ]]
+ for api_index in "${!STOLEUS_API_FUNCTIONS[@]}"
+ function_name=stoleus_api_initialize
+ visibility=public
+ stability=stable
+ owner=kernel/api/api.sh
+ owner_path=/c/Users/ivans/Desktop/Projects/TOOLS/tools/kernel/api/api.sh
+ declare -F stoleus_api_initialize
+ [[ ! -f /c/Users/ivans/Desktop/Projects/TOOLS/tools/kernel/api/api.sh ]]
+ grep -qE '^stoleus_api_initialize\(\)[[:space:]]*\{' /c/Users/ivans/Desktop/Projects/TOOLS/tools/kernel/api/api.sh
+ [[ public == \i\n\t\e\r\n\a\l ]]
+ [[ public != \i\n\t\e\r\n\a\l ]]
+ [[ stable == \i\n\t\e\r\n\a\l ]]
+ for api_index in "${!STOLEUS_API_FUNCTIONS[@]}"
+ function_name=stoleus_api_register
+ visibility=public
+ stability=stable
+ owner=kernel/api/api.sh
+ owner_path=/c/Users/ivans/Desktop/Projects/TOOLS/tools/kernel/api/api.sh
+ declare -F stoleus_api_register
+ [[ ! -f /c/Users/ivans/Desktop/Projects/TOOLS/tools/kernel/api/api.sh ]]
+ grep -qE '^stoleus_api_register\(\)[[:space:]]*\{' /c/Users/ivans/Desktop/Projects/TOOLS/tools/kernel/api/api.sh
+ [[ public == \i\n\t\e\r\n\a\l ]]
+ [[ public != \i\n\t\e\r\n\a\l ]]
+ [[ stable == \i\n\t\e\r\n\a\l ]]
+ for api_index in "${!STOLEUS_API_FUNCTIONS[@]}"
+ function_name=stoleus_api_exists
+ visibility=public
+ stability=stable
+ owner=kernel/api/api.sh
+ owner_path=/c/Users/ivans/Desktop/Projects/TOOLS/tools/kernel/api/api.sh
+ declare -F stoleus_api_exists
+ [[ ! -f /c/Users/ivans/Desktop/Projects/TOOLS/tools/kernel/api/api.sh ]]
+ grep -qE '^stoleus_api_exists\(\)[[:space:]]*\{' /c/Users/ivans/Desktop/Projects/TOOLS/tools/kernel/api/api.sh
+ [[ public == \i\n\t\e\r\n\a\l ]]
+ [[ public != \i\n\t\e\r\n\a\l ]]
+ [[ stable == \i\n\t\e\r\n\a\l ]]
+ for api_index in "${!STOLEUS_API_FUNCTIONS[@]}"
+ function_name=stoleus_api_get_field
+ visibility=public
+ stability=stable
+ owner=kernel/api/api.sh
+ owner_path=/c/Users/ivans/Desktop/Projects/TOOLS/tools/kernel/api/api.sh
+ declare -F stoleus_api_get_field
+ [[ ! -f /c/Users/ivans/Desktop/Projects/TOOLS/tools/kernel/api/api.sh ]]
+ grep -qE '^stoleus_api_get_field\(\)[[:space:]]*\{' /c/Users/ivans/Desktop/Projects/TOOLS/tools/kernel/api/api.sh
+ [[ public == \i\n\t\e\r\n\a\l ]]
+ [[ public != \i\n\t\e\r\n\a\l ]]
+ [[ stable == \i\n\t\e\r\n\a\l ]]
+ for api_index in "${!STOLEUS_API_FUNCTIONS[@]}"
+ function_name=stoleus_api_list
+ visibility=public
+ stability=stable
+ owner=kernel/api/api.sh
+ owner_path=/c/Users/ivans/Desktop/Projects/TOOLS/tools/kernel/api/api.sh
+ declare -F stoleus_api_list
+ [[ ! -f /c/Users/ivans/Desktop/Projects/TOOLS/tools/kernel/api/api.sh ]]
+ grep -qE '^stoleus_api_list\(\)[[:space:]]*\{' /c/Users/ivans/Desktop/Projects/TOOLS/tools/kernel/api/api.sh
+ [[ public == \i\n\t\e\r\n\a\l ]]
+ [[ public != \i\n\t\e\r\n\a\l ]]
+ [[ stable == \i\n\t\e\r\n\a\l ]]
+ for api_index in "${!STOLEUS_API_FUNCTIONS[@]}"
+ function_name=stoleus_api_list_subsystems
+ visibility=public
+ stability=stable
+ owner=kernel/api/api.sh
+ owner_path=/c/Users/ivans/Desktop/Projects/TOOLS/tools/kernel/api/api.sh
+ declare -F stoleus_api_list_subsystems
+ [[ ! -f /c/Users/ivans/Desktop/Projects/TOOLS/tools/kernel/api/api.sh ]]
+ grep -qE '^stoleus_api_list_subsystems\(\)[[:space:]]*\{' /c/Users/ivans/Desktop/Projects/TOOLS/tools/kernel/api/api.sh
+ [[ public == \i\n\t\e\r\n\a\l ]]
+ [[ public != \i\n\t\e\r\n\a\l ]]
+ [[ stable == \i\n\t\e\r\n\a\l ]]
+ for api_index in "${!STOLEUS_API_FUNCTIONS[@]}"
+ function_name=stoleus_api_validate
+ visibility=public
+ stability=stable
+ owner=kernel/api/api.sh
+ owner_path=/c/Users/ivans/Desktop/Projects/TOOLS/tools/kernel/api/api.sh
+ declare -F stoleus_api_validate
+ [[ ! -f /c/Users/ivans/Desktop/Projects/TOOLS/tools/kernel/api/api.sh ]]
+ grep -qE '^stoleus_api_validate\(\)[[:space:]]*\{' /c/Users/ivans/Desktop/Projects/TOOLS/tools/kernel/api/api.sh
+ [[ public == \i\n\t\e\r\n\a\l ]]
+ [[ public != \i\n\t\e\r\n\a\l ]]
+ [[ stable == \i\n\t\e\r\n\a\l ]]
+ for api_index in "${!STOLEUS_API_FUNCTIONS[@]}"
+ function_name=stoleus_api_write_snapshot
+ visibility=public
+ stability=stable
+ owner=kernel/api/api.sh
+ owner_path=/c/Users/ivans/Desktop/Projects/TOOLS/tools/kernel/api/api.sh
+ declare -F stoleus_api_write_snapshot
+ [[ ! -f /c/Users/ivans/Desktop/Projects/TOOLS/tools/kernel/api/api.sh ]]
+ grep -qE '^stoleus_api_write_snapshot\(\)[[:space:]]*\{' /c/Users/ivans/Desktop/Projects/TOOLS/tools/kernel/api/api.sh
+ [[ public == \i\n\t\e\r\n\a\l ]]
+ [[ public != \i\n\t\e\r\n\a\l ]]
+ [[ stable == \i\n\t\e\r\n\a\l ]]
+ for api_index in "${!STOLEUS_API_FUNCTIONS[@]}"
+ function_name=stoleus_api_compare_snapshot
+ visibility=public
+ stability=stable
+ owner=kernel/api/api.sh
+ owner_path=/c/Users/ivans/Desktop/Projects/TOOLS/tools/kernel/api/api.sh
+ declare -F stoleus_api_compare_snapshot
+ [[ ! -f /c/Users/ivans/Desktop/Projects/TOOLS/tools/kernel/api/api.sh ]]
+ grep -qE '^stoleus_api_compare_snapshot\(\)[[:space:]]*\{' /c/Users/ivans/Desktop/Projects/TOOLS/tools/kernel/api/api.sh
+ [[ public == \i\n\t\e\r\n\a\l ]]
+ [[ public != \i\n\t\e\r\n\a\l ]]
+ [[ stable == \i\n\t\e\r\n\a\l ]]
+ for api_index in "${!STOLEUS_API_FUNCTIONS[@]}"
+ function_name=stoleus_api_get_count
+ visibility=public
+ stability=stable
+ owner=kernel/api/api.sh
+ owner_path=/c/Users/ivans/Desktop/Projects/TOOLS/tools/kernel/api/api.sh
+ declare -F stoleus_api_get_count
+ [[ ! -f /c/Users/ivans/Desktop/Projects/TOOLS/tools/kernel/api/api.sh ]]
+ grep -qE '^stoleus_api_get_count\(\)[[:space:]]*\{' /c/Users/ivans/Desktop/Projects/TOOLS/tools/kernel/api/api.sh
+ [[ public == \i\n\t\e\r\n\a\l ]]
+ [[ public != \i\n\t\e\r\n\a\l ]]
+ [[ stable == \i\n\t\e\r\n\a\l ]]
+ for api_index in "${!STOLEUS_API_FUNCTIONS[@]}"
+ function_name=stoleus_api_reset
+ visibility=public
+ stability=stable
+ owner=kernel/api/api.sh
+ owner_path=/c/Users/ivans/Desktop/Projects/TOOLS/tools/kernel/api/api.sh
+ declare -F stoleus_api_reset
+ [[ ! -f /c/Users/ivans/Desktop/Projects/TOOLS/tools/kernel/api/api.sh ]]
+ grep -qE '^stoleus_api_reset\(\)[[:space:]]*\{' /c/Users/ivans/Desktop/Projects/TOOLS/tools/kernel/api/api.sh
+ [[ public == \i\n\t\e\r\n\a\l ]]
+ [[ public != \i\n\t\e\r\n\a\l ]]
+ [[ stable == \i\n\t\e\r\n\a\l ]]
+ STOLEUS_API_VALIDATED=true
+ return 0
+ STOLEUS_API_INITIALIZED=true
+ return 0
+ STOLEUS_KERNEL_INITIALIZED=true
+ return 0
+ assert_equals true true 'Provider Selection should be initialized.'
+ local expected=true
+ local actual=true
+ local 'message=Provider Selection should be initialized.'
+ [[ true != \t\r\u\e ]]
++ stoleus_provider_selection_select capability package-management '' apt-provider
++ local subject_type=capability
++ local subject_id=package-management
++ local override_provider=
++ local candidate=
++ local priority=
++ local selected_provider=
++ local selected_priority=-1
++ local tied_provider=
++ local candidate_count=0
++ local eligible_count=0
++ local override_registered=false
++ local condition_exit_code=0
++ seen_candidates=()
++ local -A seen_candidates
++ [[ true != \t\r\u\e ]]
++ stoleus_provider_policy_registry_validate_subject_type capability
++ local subject_type=capability
++ case "$subject_type" in
++ return 0
++ [[ -z package-management ]]
++ [[ ! package-management =~ ^[a-z0-9][a-z0-9-]*$ ]]
++ [[ -n '' ]]
++ shift 3
++ for candidate in "$@"
++ [[ -z apt-provider ]]
++ [[ ! apt-provider =~ ^[a-z0-9][a-z0-9-]*$ ]]
++ [[ -n '' ]]
++ seen_candidates["$candidate"]=true
++ candidate_count=1
++ [[ -n '' ]]
++ stoleus_provider_selection_is_enabled capability package-management apt-provider
++ local subject_type=capability
++ local subject_id=package-management
++ local provider_id=apt-provider
++ local policy_key=
++ local enabled=
+++ stoleus_provider_selection_get_policy_key capability package-management apt-provider
+++ local subject_type=capability
+++ local subject_id=package-management
+++ local provider_id=apt-provider
+++ [[ -z capability ]]
+++ [[ -z package-management ]]
+++ [[ -z apt-provider ]]
+++ printf '%s:%s@%s\n' capability package-management apt-provider
+++ return 0
++ policy_key=capability:package-management@apt-provider
++ stoleus_provider_policy_registry_contains capability:package-management@apt-provider
++ local policy_key=capability:package-management@apt-provider
++ [[ -z capability:package-management@apt-provider ]]
++ stoleus_metadata_collection_contains provider-policy capability:package-management@apt-provider
++ local collection_id=provider-policy
++ local record_key=capability:package-management@apt-provider
++ local lookup_key=
++ [[ -z provider-policy ]]
++ [[ -z capability:package-management@apt-provider ]]
++ stoleus_metadata_collection_exists provider-policy
++ local collection_id=provider-policy
++ [[ -z provider-policy ]]
++ [[ -n defined ]]
++ lookup_key='provider-policy|capability:package-management@apt-provider'
++ [[ -n '' ]]
++ return 1
++ return 0
++ set +e
++ stoleus_provider_selection_matches_conditions capability package-management apt-provider
++ local subject_type=capability
++ local subject_id=package-management
++ local provider_id=apt-provider
++ local policy_key=
++ local conditions=
++ [[ -z capability ]]
++ [[ -z package-management ]]
++ [[ -z apt-provider ]]
+++ stoleus_provider_selection_get_policy_key capability package-management apt-provider
+++ local subject_type=capability
+++ local subject_id=package-management
+++ local provider_id=apt-provider
+++ [[ -z capability ]]
+++ [[ -z package-management ]]
+++ [[ -z apt-provider ]]
+++ printf '%s:%s@%s\n' capability package-management apt-provider
+++ return 0
++ policy_key=capability:package-management@apt-provider
++ stoleus_provider_policy_registry_contains capability:package-management@apt-provider
++ local policy_key=capability:package-management@apt-provider
++ [[ -z capability:package-management@apt-provider ]]
++ stoleus_metadata_collection_contains provider-policy capability:package-management@apt-provider
++ local collection_id=provider-policy
++ local record_key=capability:package-management@apt-provider
++ local lookup_key=
++ [[ -z provider-policy ]]
++ [[ -z capability:package-management@apt-provider ]]
++ stoleus_metadata_collection_exists provider-policy
++ local collection_id=provider-policy
++ [[ -z provider-policy ]]
++ [[ -n defined ]]
++ lookup_key='provider-policy|capability:package-management@apt-provider'
++ [[ -n '' ]]
++ return 1
++ return 0
++ condition_exit_code=0
++ set -e
++ ((  condition_exit_code == 1  ))
++ ((  condition_exit_code != 0  ))
++ eligible_count=1
++ [[ -n '' ]]
+++ stoleus_provider_selection_get_priority capability package-management apt-provider
+++ local subject_type=capability
+++ local subject_id=package-management
+++ local provider_id=apt-provider
+++ local policy_key=
++++ stoleus_provider_selection_get_policy_key capability package-management apt-provider
++++ local subject_type=capability
++++ local subject_id=package-management
++++ local provider_id=apt-provider
++++ [[ -z capability ]]
++++ [[ -z package-management ]]
++++ [[ -z apt-provider ]]
++++ printf '%s:%s@%s\n' capability package-management apt-provider
++++ return 0
+++ policy_key=capability:package-management@apt-provider
+++ stoleus_provider_policy_registry_contains capability:package-management@apt-provider
+++ local policy_key=capability:package-management@apt-provider
+++ [[ -z capability:package-management@apt-provider ]]
+++ stoleus_metadata_collection_contains provider-policy capability:package-management@apt-provider
+++ local collection_id=provider-policy
+++ local record_key=capability:package-management@apt-provider
+++ local lookup_key=
+++ [[ -z provider-policy ]]
+++ [[ -z capability:package-management@apt-provider ]]
+++ stoleus_metadata_collection_exists provider-policy
+++ local collection_id=provider-policy
+++ [[ -z provider-policy ]]
+++ [[ -n defined ]]
+++ lookup_key='provider-policy|capability:package-management@apt-provider'
+++ [[ -n '' ]]
+++ return 1
+++ printf '%s\n' 0
+++ return 0
++ priority=0
++ [[ ! 0 =~ ^[0-9]+$ ]]
++ ((  priority > selected_priority  ))
++ selected_provider=apt-provider
++ selected_priority=0
++ tied_provider=
++ continue
++ ((  candidate_count == 0  ))
++ [[ -n '' ]]
++ ((  eligible_count == 0  ))
++ [[ -n '' ]]
++ printf '%s\n' apt-provider
++ return 0
+ assert_equals apt-provider apt-provider 'Default provider policy selection failed.'
+ local expected=apt-provider
+ local actual=apt-provider
+ local 'message=Default provider policy selection failed.'
+ [[ apt-provider != \a\p\t\-\p\r\o\v\i\d\e\r ]]
+ stoleus_provider_policy_registry_register capability package-management apt-provider 100 true
+ local subject_type=capability
+ local subject_id=package-management
+ local provider_id=apt-provider
+ local priority=100
+ local enabled=true
+ local conditions=
+ local tags=
+ local policy_key=
+ stoleus_provider_policy_registry_validate_subject_type capability
+ local subject_type=capability
+ case "$subject_type" in
+ return 0
+ [[ -z package-management ]]
+ [[ ! package-management =~ ^[a-z0-9][a-z0-9-]*$ ]]
+ [[ -z apt-provider ]]
+ [[ ! apt-provider =~ ^[a-z0-9][a-z0-9-]*$ ]]
+ [[ ! 100 =~ ^[0-9]+$ ]]
+ [[ 100 -gt 100000 ]]
+ case "$enabled" in
+ policy_key=capability:package-management@apt-provider
+ stoleus_provider_policy_registry_contains capability:package-management@apt-provider
+ local policy_key=capability:package-management@apt-provider
+ [[ -z capability:package-management@apt-provider ]]
+ stoleus_metadata_collection_contains provider-policy capability:package-management@apt-provider
+ local collection_id=provider-policy
+ local record_key=capability:package-management@apt-provider
+ local lookup_key=
+ [[ -z provider-policy ]]
+ [[ -z capability:package-management@apt-provider ]]
+ stoleus_metadata_collection_exists provider-policy
+ local collection_id=provider-policy
+ [[ -z provider-policy ]]
+ [[ -n defined ]]
+ lookup_key='provider-policy|capability:package-management@apt-provider'
+ [[ -n '' ]]
+ return 1
+ stoleus_metadata_collection_append provider-policy capability:package-management@apt-provider capability package-management apt-provider 100 true '' ''
+ local collection_id=provider-policy
+ local schema=
+ local key_field=
+ local expected_field_count=0
+ local actual_field_count=0
+ local row_index=0
+ local field_name=
+ local field_value=
+ local record_key=
+ local lookup_key=
+ local value_key=
+ schema_fields=()
+ local -a schema_fields
+ row_values=()
+ local -a row_values
+ local field_index=0
+ [[ -z provider-policy ]]
+ stoleus_metadata_collection_exists provider-policy
+ local collection_id=provider-policy
+ [[ -z provider-policy ]]
+ [[ -n defined ]]
+ stoleus_metadata_collection_is_frozen provider-policy
+ local collection_id=provider-policy
+ [[ -z provider-policy ]]
+ stoleus_metadata_collection_exists provider-policy
+ local collection_id=provider-policy
+ [[ -z provider-policy ]]
+ [[ -n defined ]]
+ [[ false == \t\r\u\e ]]
+ shift
+ schema=policy-key,subject-type,subject-id,provider-id,priority,enabled,conditions,tags
+ key_field=policy-key
+ expected_field_count=8
+ actual_field_count=8
+ row_values=("$@")
+ ((  actual_field_count != expected_field_count  ))
+ IFS=,
+ read -r -a schema_fields
+ for field_index in "${!schema_fields[@]}"
+ field_name=policy-key
+ field_value=capability:package-management@apt-provider
+ [[ policy-key == \p\o\l\i\c\y\-\k\e\y ]]
+ record_key=capability:package-management@apt-provider
+ for field_index in "${!schema_fields[@]}"
+ field_name=subject-type
+ field_value=capability
+ [[ subject-type == \p\o\l\i\c\y\-\k\e\y ]]
+ for field_index in "${!schema_fields[@]}"
+ field_name=subject-id
+ field_value=package-management
+ [[ subject-id == \p\o\l\i\c\y\-\k\e\y ]]
+ for field_index in "${!schema_fields[@]}"
+ field_name=provider-id
+ field_value=apt-provider
+ [[ provider-id == \p\o\l\i\c\y\-\k\e\y ]]
+ for field_index in "${!schema_fields[@]}"
+ field_name=priority
+ field_value=100
+ [[ priority == \p\o\l\i\c\y\-\k\e\y ]]
+ for field_index in "${!schema_fields[@]}"
+ field_name=enabled
+ field_value=true
+ [[ enabled == \p\o\l\i\c\y\-\k\e\y ]]
+ for field_index in "${!schema_fields[@]}"
+ field_name=conditions
+ field_value=
+ [[ conditions == \p\o\l\i\c\y\-\k\e\y ]]
+ for field_index in "${!schema_fields[@]}"
+ field_name=tags
+ field_value=
+ [[ tags == \p\o\l\i\c\y\-\k\e\y ]]
+ [[ -z capability:package-management@apt-provider ]]
+ stoleus_metadata_collection_contains provider-policy capability:package-management@apt-provider
+ local collection_id=provider-policy
+ local record_key=capability:package-management@apt-provider
+ local lookup_key=
+ [[ -z provider-policy ]]
+ [[ -z capability:package-management@apt-provider ]]
+ stoleus_metadata_collection_exists provider-policy
+ local collection_id=provider-policy
+ [[ -z provider-policy ]]
+ [[ -n defined ]]
+ lookup_key='provider-policy|capability:package-management@apt-provider'
+ [[ -n '' ]]
+ row_index=0
+ lookup_key='provider-policy|capability:package-management@apt-provider'
+ STOLEUS_METADATA_ROW_INDEX_BY_KEY["$lookup_key"]=0
+ STOLEUS_METADATA_ROW_KEYS["${collection_id}|${row_index}"]=capability:package-management@apt-provider
+ for field_index in "${!schema_fields[@]}"
+ field_name=policy-key
+ field_value=capability:package-management@apt-provider
+ value_key='provider-policy|0|policy-key'
+ STOLEUS_METADATA_VALUES["$value_key"]=capability:package-management@apt-provider
+ for field_index in "${!schema_fields[@]}"
+ field_name=subject-type
+ field_value=capability
+ value_key='provider-policy|0|subject-type'
+ STOLEUS_METADATA_VALUES["$value_key"]=capability
+ for field_index in "${!schema_fields[@]}"
+ field_name=subject-id
+ field_value=package-management
+ value_key='provider-policy|0|subject-id'
+ STOLEUS_METADATA_VALUES["$value_key"]=package-management
+ for field_index in "${!schema_fields[@]}"
+ field_name=provider-id
+ field_value=apt-provider
+ value_key='provider-policy|0|provider-id'
+ STOLEUS_METADATA_VALUES["$value_key"]=apt-provider
+ for field_index in "${!schema_fields[@]}"
+ field_name=priority
+ field_value=100
+ value_key='provider-policy|0|priority'
+ STOLEUS_METADATA_VALUES["$value_key"]=100
+ for field_index in "${!schema_fields[@]}"
+ field_name=enabled
+ field_value=true
+ value_key='provider-policy|0|enabled'
+ STOLEUS_METADATA_VALUES["$value_key"]=true
+ for field_index in "${!schema_fields[@]}"
+ field_name=conditions
+ field_value=
+ value_key='provider-policy|0|conditions'
+ STOLEUS_METADATA_VALUES["$value_key"]=
+ for field_index in "${!schema_fields[@]}"
+ field_name=tags
+ field_value=
+ value_key='provider-policy|0|tags'
+ STOLEUS_METADATA_VALUES["$value_key"]=
+ STOLEUS_METADATA_COLLECTION_ROW_COUNTS["$collection_id"]=1
+ return 0
+ return 0
+ stoleus_provider_policy_registry_register capability package-management dnf-provider 50 true
+ local subject_type=capability
+ local subject_id=package-management
+ local provider_id=dnf-provider
+ local priority=50
+ local enabled=true
+ local conditions=
+ local tags=
+ local policy_key=
+ stoleus_provider_policy_registry_validate_subject_type capability
+ local subject_type=capability
+ case "$subject_type" in
+ return 0
+ [[ -z package-management ]]
+ [[ ! package-management =~ ^[a-z0-9][a-z0-9-]*$ ]]
+ [[ -z dnf-provider ]]
+ [[ ! dnf-provider =~ ^[a-z0-9][a-z0-9-]*$ ]]
+ [[ ! 50 =~ ^[0-9]+$ ]]
+ [[ 50 -gt 100000 ]]
+ case "$enabled" in
+ policy_key=capability:package-management@dnf-provider
+ stoleus_provider_policy_registry_contains capability:package-management@dnf-provider
+ local policy_key=capability:package-management@dnf-provider
+ [[ -z capability:package-management@dnf-provider ]]
+ stoleus_metadata_collection_contains provider-policy capability:package-management@dnf-provider
+ local collection_id=provider-policy
+ local record_key=capability:package-management@dnf-provider
+ local lookup_key=
+ [[ -z provider-policy ]]
+ [[ -z capability:package-management@dnf-provider ]]
+ stoleus_metadata_collection_exists provider-policy
+ local collection_id=provider-policy
+ [[ -z provider-policy ]]
+ [[ -n defined ]]
+ lookup_key='provider-policy|capability:package-management@dnf-provider'
+ [[ -n '' ]]
+ return 1
+ stoleus_metadata_collection_append provider-policy capability:package-management@dnf-provider capability package-management dnf-provider 50 true '' ''
+ local collection_id=provider-policy
+ local schema=
+ local key_field=
+ local expected_field_count=0
+ local actual_field_count=0
+ local row_index=0
+ local field_name=
+ local field_value=
+ local record_key=
+ local lookup_key=
+ local value_key=
+ schema_fields=()
+ local -a schema_fields
+ row_values=()
+ local -a row_values
+ local field_index=0
+ [[ -z provider-policy ]]
+ stoleus_metadata_collection_exists provider-policy
+ local collection_id=provider-policy
+ [[ -z provider-policy ]]
+ [[ -n defined ]]
+ stoleus_metadata_collection_is_frozen provider-policy
+ local collection_id=provider-policy
+ [[ -z provider-policy ]]
+ stoleus_metadata_collection_exists provider-policy
+ local collection_id=provider-policy
+ [[ -z provider-policy ]]
+ [[ -n defined ]]
+ [[ false == \t\r\u\e ]]
+ shift
+ schema=policy-key,subject-type,subject-id,provider-id,priority,enabled,conditions,tags
+ key_field=policy-key
+ expected_field_count=8
+ actual_field_count=8
+ row_values=("$@")
+ ((  actual_field_count != expected_field_count  ))
+ IFS=,
+ read -r -a schema_fields
+ for field_index in "${!schema_fields[@]}"
+ field_name=policy-key
+ field_value=capability:package-management@dnf-provider
+ [[ policy-key == \p\o\l\i\c\y\-\k\e\y ]]
+ record_key=capability:package-management@dnf-provider
+ for field_index in "${!schema_fields[@]}"
+ field_name=subject-type
+ field_value=capability
+ [[ subject-type == \p\o\l\i\c\y\-\k\e\y ]]
+ for field_index in "${!schema_fields[@]}"
+ field_name=subject-id
+ field_value=package-management
+ [[ subject-id == \p\o\l\i\c\y\-\k\e\y ]]
+ for field_index in "${!schema_fields[@]}"
+ field_name=provider-id
+ field_value=dnf-provider
+ [[ provider-id == \p\o\l\i\c\y\-\k\e\y ]]
+ for field_index in "${!schema_fields[@]}"
+ field_name=priority
+ field_value=50
+ [[ priority == \p\o\l\i\c\y\-\k\e\y ]]
+ for field_index in "${!schema_fields[@]}"
+ field_name=enabled
+ field_value=true
+ [[ enabled == \p\o\l\i\c\y\-\k\e\y ]]
+ for field_index in "${!schema_fields[@]}"
+ field_name=conditions
+ field_value=
+ [[ conditions == \p\o\l\i\c\y\-\k\e\y ]]
+ for field_index in "${!schema_fields[@]}"
+ field_name=tags
+ field_value=
+ [[ tags == \p\o\l\i\c\y\-\k\e\y ]]
+ [[ -z capability:package-management@dnf-provider ]]
+ stoleus_metadata_collection_contains provider-policy capability:package-management@dnf-provider
+ local collection_id=provider-policy
+ local record_key=capability:package-management@dnf-provider
+ local lookup_key=
+ [[ -z provider-policy ]]
+ [[ -z capability:package-management@dnf-provider ]]
+ stoleus_metadata_collection_exists provider-policy
+ local collection_id=provider-policy
+ [[ -z provider-policy ]]
+ [[ -n defined ]]
+ lookup_key='provider-policy|capability:package-management@dnf-provider'
+ [[ -n '' ]]
+ row_index=1
+ lookup_key='provider-policy|capability:package-management@dnf-provider'
+ STOLEUS_METADATA_ROW_INDEX_BY_KEY["$lookup_key"]=1
+ STOLEUS_METADATA_ROW_KEYS["${collection_id}|${row_index}"]=capability:package-management@dnf-provider
+ for field_index in "${!schema_fields[@]}"
+ field_name=policy-key
+ field_value=capability:package-management@dnf-provider
+ value_key='provider-policy|1|policy-key'
+ STOLEUS_METADATA_VALUES["$value_key"]=capability:package-management@dnf-provider
+ for field_index in "${!schema_fields[@]}"
+ field_name=subject-type
+ field_value=capability
+ value_key='provider-policy|1|subject-type'
+ STOLEUS_METADATA_VALUES["$value_key"]=capability
+ for field_index in "${!schema_fields[@]}"
+ field_name=subject-id
+ field_value=package-management
+ value_key='provider-policy|1|subject-id'
+ STOLEUS_METADATA_VALUES["$value_key"]=package-management
+ for field_index in "${!schema_fields[@]}"
+ field_name=provider-id
+ field_value=dnf-provider
+ value_key='provider-policy|1|provider-id'
+ STOLEUS_METADATA_VALUES["$value_key"]=dnf-provider
+ for field_index in "${!schema_fields[@]}"
+ field_name=priority
+ field_value=50
+ value_key='provider-policy|1|priority'
+ STOLEUS_METADATA_VALUES["$value_key"]=50
+ for field_index in "${!schema_fields[@]}"
+ field_name=enabled
+ field_value=true
+ value_key='provider-policy|1|enabled'
+ STOLEUS_METADATA_VALUES["$value_key"]=true
+ for field_index in "${!schema_fields[@]}"
+ field_name=conditions
+ field_value=
+ value_key='provider-policy|1|conditions'
+ STOLEUS_METADATA_VALUES["$value_key"]=
+ for field_index in "${!schema_fields[@]}"
+ field_name=tags
+ field_value=
+ value_key='provider-policy|1|tags'
+ STOLEUS_METADATA_VALUES["$value_key"]=
+ STOLEUS_METADATA_COLLECTION_ROW_COUNTS["$collection_id"]=2
+ return 0
+ return 0
++ stoleus_provider_selection_select capability package-management '' apt-provider dnf-provider
++ local subject_type=capability
++ local subject_id=package-management
++ local override_provider=
++ local candidate=
++ local priority=
++ local selected_provider=
++ local selected_priority=-1
++ local tied_provider=
++ local candidate_count=0
++ local eligible_count=0
++ local override_registered=false
++ local condition_exit_code=0
++ seen_candidates=()
++ local -A seen_candidates
++ [[ true != \t\r\u\e ]]
++ stoleus_provider_policy_registry_validate_subject_type capability
++ local subject_type=capability
++ case "$subject_type" in
++ return 0
++ [[ -z package-management ]]
++ [[ ! package-management =~ ^[a-z0-9][a-z0-9-]*$ ]]
++ [[ -n '' ]]
++ shift 3
++ for candidate in "$@"
++ [[ -z apt-provider ]]
++ [[ ! apt-provider =~ ^[a-z0-9][a-z0-9-]*$ ]]
++ [[ -n '' ]]
++ seen_candidates["$candidate"]=true
++ candidate_count=1
++ [[ -n '' ]]
++ stoleus_provider_selection_is_enabled capability package-management apt-provider
++ local subject_type=capability
++ local subject_id=package-management
++ local provider_id=apt-provider
++ local policy_key=
++ local enabled=
+++ stoleus_provider_selection_get_policy_key capability package-management apt-provider
+++ local subject_type=capability
+++ local subject_id=package-management
+++ local provider_id=apt-provider
+++ [[ -z capability ]]
+++ [[ -z package-management ]]
+++ [[ -z apt-provider ]]
+++ printf '%s:%s@%s\n' capability package-management apt-provider
+++ return 0
++ policy_key=capability:package-management@apt-provider
++ stoleus_provider_policy_registry_contains capability:package-management@apt-provider
++ local policy_key=capability:package-management@apt-provider
++ [[ -z capability:package-management@apt-provider ]]
++ stoleus_metadata_collection_contains provider-policy capability:package-management@apt-provider
++ local collection_id=provider-policy
++ local record_key=capability:package-management@apt-provider
++ local lookup_key=
++ [[ -z provider-policy ]]
++ [[ -z capability:package-management@apt-provider ]]
++ stoleus_metadata_collection_exists provider-policy
++ local collection_id=provider-policy
++ [[ -z provider-policy ]]
++ [[ -n defined ]]
++ lookup_key='provider-policy|capability:package-management@apt-provider'
++ [[ -n stored ]]
++ return 0
+++ stoleus_provider_policy_registry_get_field capability:package-management@apt-provider enabled
+++ local policy_key=capability:package-management@apt-provider
+++ local field_name=enabled
+++ [[ -z capability:package-management@apt-provider ]]
+++ [[ -z enabled ]]
+++ stoleus_metadata_collection_get_field provider-policy capability:package-management@apt-provider enabled
+++ local collection_id=provider-policy
+++ local record_key=capability:package-management@apt-provider
+++ local field_name=enabled
+++ local schema=
+++ local row_index=
+++ local value_key=
+++ [[ -z provider-policy ]]
+++ [[ -z capability:package-management@apt-provider ]]
+++ [[ -z enabled ]]
+++ stoleus_metadata_collection_exists provider-policy
+++ local collection_id=provider-policy
+++ [[ -z provider-policy ]]
+++ [[ -n defined ]]
+++ schema=policy-key,subject-type,subject-id,provider-id,priority,enabled,conditions,tags
+++ stoleus_metadata_schema_contains_field policy-key,subject-type,subject-id,provider-id,priority,enabled,conditions,tags enabled
+++ local schema=policy-key,subject-type,subject-id,provider-id,priority,enabled,conditions,tags
+++ local requested_field=enabled
+++ local field_name=
+++ IFS=
+++ read -r field_name
++++ printf '%s\n' policy-key,subject-type,subject-id,provider-id,priority,enabled,conditions,tags
++++ tr , '\n'
+++ [[ policy-key == \e\n\a\b\l\e\d ]]
+++ IFS=
+++ read -r field_name
+++ [[ subject-type == \e\n\a\b\l\e\d ]]
+++ IFS=
+++ read -r field_name
+++ [[ subject-id == \e\n\a\b\l\e\d ]]
+++ IFS=
+++ read -r field_name
+++ [[ provider-id == \e\n\a\b\l\e\d ]]
+++ IFS=
+++ read -r field_name
+++ [[ priority == \e\n\a\b\l\e\d ]]
+++ IFS=
+++ read -r field_name
+++ [[ enabled == \e\n\a\b\l\e\d ]]
+++ return 0
++++ stoleus_metadata_collection_get_index provider-policy capability:package-management@apt-provider
++++ local collection_id=provider-policy
++++ local record_key=capability:package-management@apt-provider
++++ local lookup_key=
++++ [[ -z provider-policy ]]
++++ [[ -z capability:package-management@apt-provider ]]
++++ stoleus_metadata_collection_contains provider-policy capability:package-management@apt-provider
++++ local collection_id=provider-policy
++++ local record_key=capability:package-management@apt-provider
++++ local lookup_key=
++++ [[ -z provider-policy ]]
++++ [[ -z capability:package-management@apt-provider ]]
++++ stoleus_metadata_collection_exists provider-policy
++++ local collection_id=provider-policy
++++ [[ -z provider-policy ]]
++++ [[ -n defined ]]
++++ lookup_key='provider-policy|capability:package-management@apt-provider'
++++ [[ -n stored ]]
++++ lookup_key='provider-policy|capability:package-management@apt-provider'
++++ printf '%s\n' 0
++++ return 0
+++ row_index=0
+++ value_key='provider-policy|0|enabled'
+++ printf '%s\n' true
+++ return 0
+++ return 0
++ enabled=true
++ [[ true == \t\r\u\e ]]
++ set +e
++ stoleus_provider_selection_matches_conditions capability package-management apt-provider
++ local subject_type=capability
++ local subject_id=package-management
++ local provider_id=apt-provider
++ local policy_key=
++ local conditions=
++ [[ -z capability ]]
++ [[ -z package-management ]]
++ [[ -z apt-provider ]]
+++ stoleus_provider_selection_get_policy_key capability package-management apt-provider
+++ local subject_type=capability
+++ local subject_id=package-management
+++ local provider_id=apt-provider
+++ [[ -z capability ]]
+++ [[ -z package-management ]]
+++ [[ -z apt-provider ]]
+++ printf '%s:%s@%s\n' capability package-management apt-provider
+++ return 0
++ policy_key=capability:package-management@apt-provider
++ stoleus_provider_policy_registry_contains capability:package-management@apt-provider
++ local policy_key=capability:package-management@apt-provider
++ [[ -z capability:package-management@apt-provider ]]
++ stoleus_metadata_collection_contains provider-policy capability:package-management@apt-provider
++ local collection_id=provider-policy
++ local record_key=capability:package-management@apt-provider
++ local lookup_key=
++ [[ -z provider-policy ]]
++ [[ -z capability:package-management@apt-provider ]]
++ stoleus_metadata_collection_exists provider-policy
++ local collection_id=provider-policy
++ [[ -z provider-policy ]]
++ [[ -n defined ]]
++ lookup_key='provider-policy|capability:package-management@apt-provider'
++ [[ -n stored ]]
++ return 0
+++ stoleus_provider_policy_registry_get_field capability:package-management@apt-provider conditions
+++ local policy_key=capability:package-management@apt-provider
+++ local field_name=conditions
+++ [[ -z capability:package-management@apt-provider ]]
+++ [[ -z conditions ]]
+++ stoleus_metadata_collection_get_field provider-policy capability:package-management@apt-provider conditions
+++ local collection_id=provider-policy
+++ local record_key=capability:package-management@apt-provider
+++ local field_name=conditions
+++ local schema=
+++ local row_index=
+++ local value_key=
+++ [[ -z provider-policy ]]
+++ [[ -z capability:package-management@apt-provider ]]
+++ [[ -z conditions ]]
+++ stoleus_metadata_collection_exists provider-policy
+++ local collection_id=provider-policy
+++ [[ -z provider-policy ]]
+++ [[ -n defined ]]
+++ schema=policy-key,subject-type,subject-id,provider-id,priority,enabled,conditions,tags
+++ stoleus_metadata_schema_contains_field policy-key,subject-type,subject-id,provider-id,priority,enabled,conditions,tags conditions
+++ local schema=policy-key,subject-type,subject-id,provider-id,priority,enabled,conditions,tags
+++ local requested_field=conditions
+++ local field_name=
+++ IFS=
+++ read -r field_name
++++ printf '%s\n' policy-key,subject-type,subject-id,provider-id,priority,enabled,conditions,tags
++++ tr , '\n'
+++ [[ policy-key == \c\o\n\d\i\t\i\o\n\s ]]
+++ IFS=
+++ read -r field_name
+++ [[ subject-type == \c\o\n\d\i\t\i\o\n\s ]]
+++ IFS=
+++ read -r field_name
+++ [[ subject-id == \c\o\n\d\i\t\i\o\n\s ]]
+++ IFS=
+++ read -r field_name
+++ [[ provider-id == \c\o\n\d\i\t\i\o\n\s ]]
+++ IFS=
+++ read -r field_name
+++ [[ priority == \c\o\n\d\i\t\i\o\n\s ]]
+++ IFS=
+++ read -r field_name
+++ [[ enabled == \c\o\n\d\i\t\i\o\n\s ]]
+++ IFS=
+++ read -r field_name
+++ [[ conditions == \c\o\n\d\i\t\i\o\n\s ]]
+++ return 0
++++ stoleus_metadata_collection_get_index provider-policy capability:package-management@apt-provider
++++ local collection_id=provider-policy
++++ local record_key=capability:package-management@apt-provider
++++ local lookup_key=
++++ [[ -z provider-policy ]]
++++ [[ -z capability:package-management@apt-provider ]]
++++ stoleus_metadata_collection_contains provider-policy capability:package-management@apt-provider
++++ local collection_id=provider-policy
++++ local record_key=capability:package-management@apt-provider
++++ local lookup_key=
++++ [[ -z provider-policy ]]
++++ [[ -z capability:package-management@apt-provider ]]
++++ stoleus_metadata_collection_exists provider-policy
++++ local collection_id=provider-policy
++++ [[ -z provider-policy ]]
++++ [[ -n defined ]]
++++ lookup_key='provider-policy|capability:package-management@apt-provider'
++++ [[ -n stored ]]
++++ lookup_key='provider-policy|capability:package-management@apt-provider'
++++ printf '%s\n' 0
++++ return 0
+++ row_index=0
+++ value_key='provider-policy|0|conditions'
+++ printf '%s\n' ''
+++ return 0
+++ return 0
++ conditions=
++ stoleus_context_matches_conditions ''
++ local conditions=
++ local condition=
++ local context_key=
++ local expected_value=
++ local actual_value=
++ [[ -z '' ]]
++ return 0
++ return 0
++ condition_exit_code=0
++ set -e
++ ((  condition_exit_code == 1  ))
++ ((  condition_exit_code != 0  ))
++ eligible_count=1
++ [[ -n '' ]]
+++ stoleus_provider_selection_get_priority capability package-management apt-provider
+++ local subject_type=capability
+++ local subject_id=package-management
+++ local provider_id=apt-provider
+++ local policy_key=
++++ stoleus_provider_selection_get_policy_key capability package-management apt-provider
++++ local subject_type=capability
++++ local subject_id=package-management
++++ local provider_id=apt-provider
++++ [[ -z capability ]]
++++ [[ -z package-management ]]
++++ [[ -z apt-provider ]]
++++ printf '%s:%s@%s\n' capability package-management apt-provider
++++ return 0
+++ policy_key=capability:package-management@apt-provider
+++ stoleus_provider_policy_registry_contains capability:package-management@apt-provider
+++ local policy_key=capability:package-management@apt-provider
+++ [[ -z capability:package-management@apt-provider ]]
+++ stoleus_metadata_collection_contains provider-policy capability:package-management@apt-provider
+++ local collection_id=provider-policy
+++ local record_key=capability:package-management@apt-provider
+++ local lookup_key=
+++ [[ -z provider-policy ]]
+++ [[ -z capability:package-management@apt-provider ]]
+++ stoleus_metadata_collection_exists provider-policy
+++ local collection_id=provider-policy
+++ [[ -z provider-policy ]]
+++ [[ -n defined ]]
+++ lookup_key='provider-policy|capability:package-management@apt-provider'
+++ [[ -n stored ]]
+++ return 0
+++ stoleus_provider_policy_registry_get_field capability:package-management@apt-provider priority
+++ local policy_key=capability:package-management@apt-provider
+++ local field_name=priority
+++ [[ -z capability:package-management@apt-provider ]]
+++ [[ -z priority ]]
+++ stoleus_metadata_collection_get_field provider-policy capability:package-management@apt-provider priority
+++ local collection_id=provider-policy
+++ local record_key=capability:package-management@apt-provider
+++ local field_name=priority
+++ local schema=
+++ local row_index=
+++ local value_key=
+++ [[ -z provider-policy ]]
+++ [[ -z capability:package-management@apt-provider ]]
+++ [[ -z priority ]]
+++ stoleus_metadata_collection_exists provider-policy
+++ local collection_id=provider-policy
+++ [[ -z provider-policy ]]
+++ [[ -n defined ]]
+++ schema=policy-key,subject-type,subject-id,provider-id,priority,enabled,conditions,tags
+++ stoleus_metadata_schema_contains_field policy-key,subject-type,subject-id,provider-id,priority,enabled,conditions,tags priority
+++ local schema=policy-key,subject-type,subject-id,provider-id,priority,enabled,conditions,tags
+++ local requested_field=priority
+++ local field_name=
+++ IFS=
+++ read -r field_name
++++ printf '%s\n' policy-key,subject-type,subject-id,provider-id,priority,enabled,conditions,tags
++++ tr , '\n'
+++ [[ policy-key == \p\r\i\o\r\i\t\y ]]
+++ IFS=
+++ read -r field_name
+++ [[ subject-type == \p\r\i\o\r\i\t\y ]]
+++ IFS=
+++ read -r field_name
+++ [[ subject-id == \p\r\i\o\r\i\t\y ]]
+++ IFS=
+++ read -r field_name
+++ [[ provider-id == \p\r\i\o\r\i\t\y ]]
+++ IFS=
+++ read -r field_name
+++ [[ priority == \p\r\i\o\r\i\t\y ]]
+++ return 0
++++ stoleus_metadata_collection_get_index provider-policy capability:package-management@apt-provider
++++ local collection_id=provider-policy
++++ local record_key=capability:package-management@apt-provider
++++ local lookup_key=
++++ [[ -z provider-policy ]]
++++ [[ -z capability:package-management@apt-provider ]]
++++ stoleus_metadata_collection_contains provider-policy capability:package-management@apt-provider
++++ local collection_id=provider-policy
++++ local record_key=capability:package-management@apt-provider
++++ local lookup_key=
++++ [[ -z provider-policy ]]
++++ [[ -z capability:package-management@apt-provider ]]
++++ stoleus_metadata_collection_exists provider-policy
++++ local collection_id=provider-policy
++++ [[ -z provider-policy ]]
++++ [[ -n defined ]]
++++ lookup_key='provider-policy|capability:package-management@apt-provider'
++++ [[ -n stored ]]
++++ lookup_key='provider-policy|capability:package-management@apt-provider'
++++ printf '%s\n' 0
++++ return 0
+++ row_index=0
+++ value_key='provider-policy|0|priority'
+++ printf '%s\n' 100
+++ return 0
+++ return 0
+++ return 0
++ priority=100
++ [[ ! 100 =~ ^[0-9]+$ ]]
++ ((  priority > selected_priority  ))
++ selected_provider=apt-provider
++ selected_priority=100
++ tied_provider=
++ continue
++ for candidate in "$@"
++ [[ -z dnf-provider ]]
++ [[ ! dnf-provider =~ ^[a-z0-9][a-z0-9-]*$ ]]
++ [[ -n '' ]]
++ seen_candidates["$candidate"]=true
++ candidate_count=2
++ [[ -n '' ]]
++ stoleus_provider_selection_is_enabled capability package-management dnf-provider
++ local subject_type=capability
++ local subject_id=package-management
++ local provider_id=dnf-provider
++ local policy_key=
++ local enabled=
+++ stoleus_provider_selection_get_policy_key capability package-management dnf-provider
+++ local subject_type=capability
+++ local subject_id=package-management
+++ local provider_id=dnf-provider
+++ [[ -z capability ]]
+++ [[ -z package-management ]]
+++ [[ -z dnf-provider ]]
+++ printf '%s:%s@%s\n' capability package-management dnf-provider
+++ return 0
++ policy_key=capability:package-management@dnf-provider
++ stoleus_provider_policy_registry_contains capability:package-management@dnf-provider
++ local policy_key=capability:package-management@dnf-provider
++ [[ -z capability:package-management@dnf-provider ]]
++ stoleus_metadata_collection_contains provider-policy capability:package-management@dnf-provider
++ local collection_id=provider-policy
++ local record_key=capability:package-management@dnf-provider
++ local lookup_key=
++ [[ -z provider-policy ]]
++ [[ -z capability:package-management@dnf-provider ]]
++ stoleus_metadata_collection_exists provider-policy
++ local collection_id=provider-policy
++ [[ -z provider-policy ]]
++ [[ -n defined ]]
++ lookup_key='provider-policy|capability:package-management@dnf-provider'
++ [[ -n stored ]]
++ return 0
+++ stoleus_provider_policy_registry_get_field capability:package-management@dnf-provider enabled
+++ local policy_key=capability:package-management@dnf-provider
+++ local field_name=enabled
+++ [[ -z capability:package-management@dnf-provider ]]
+++ [[ -z enabled ]]
+++ stoleus_metadata_collection_get_field provider-policy capability:package-management@dnf-provider enabled
+++ local collection_id=provider-policy
+++ local record_key=capability:package-management@dnf-provider
+++ local field_name=enabled
+++ local schema=
+++ local row_index=
+++ local value_key=
+++ [[ -z provider-policy ]]
+++ [[ -z capability:package-management@dnf-provider ]]
+++ [[ -z enabled ]]
+++ stoleus_metadata_collection_exists provider-policy
+++ local collection_id=provider-policy
+++ [[ -z provider-policy ]]
+++ [[ -n defined ]]
+++ schema=policy-key,subject-type,subject-id,provider-id,priority,enabled,conditions,tags
+++ stoleus_metadata_schema_contains_field policy-key,subject-type,subject-id,provider-id,priority,enabled,conditions,tags enabled
+++ local schema=policy-key,subject-type,subject-id,provider-id,priority,enabled,conditions,tags
+++ local requested_field=enabled
+++ local field_name=
+++ IFS=
+++ read -r field_name
++++ printf '%s\n' policy-key,subject-type,subject-id,provider-id,priority,enabled,conditions,tags
++++ tr , '\n'
+++ [[ policy-key == \e\n\a\b\l\e\d ]]
+++ IFS=
+++ read -r field_name
+++ [[ subject-type == \e\n\a\b\l\e\d ]]
+++ IFS=
+++ read -r field_name
+++ [[ subject-id == \e\n\a\b\l\e\d ]]
+++ IFS=
+++ read -r field_name
+++ [[ provider-id == \e\n\a\b\l\e\d ]]
+++ IFS=
+++ read -r field_name
+++ [[ priority == \e\n\a\b\l\e\d ]]
+++ IFS=
+++ read -r field_name
+++ [[ enabled == \e\n\a\b\l\e\d ]]
+++ return 0
++++ stoleus_metadata_collection_get_index provider-policy capability:package-management@dnf-provider
++++ local collection_id=provider-policy
++++ local record_key=capability:package-management@dnf-provider
++++ local lookup_key=
++++ [[ -z provider-policy ]]
++++ [[ -z capability:package-management@dnf-provider ]]
++++ stoleus_metadata_collection_contains provider-policy capability:package-management@dnf-provider
++++ local collection_id=provider-policy
++++ local record_key=capability:package-management@dnf-provider
++++ local lookup_key=
++++ [[ -z provider-policy ]]
++++ [[ -z capability:package-management@dnf-provider ]]
++++ stoleus_metadata_collection_exists provider-policy
++++ local collection_id=provider-policy
++++ [[ -z provider-policy ]]
++++ [[ -n defined ]]
++++ lookup_key='provider-policy|capability:package-management@dnf-provider'
++++ [[ -n stored ]]
++++ lookup_key='provider-policy|capability:package-management@dnf-provider'
++++ printf '%s\n' 1
++++ return 0
+++ row_index=1
+++ value_key='provider-policy|1|enabled'
+++ printf '%s\n' true
+++ return 0
+++ return 0
++ enabled=true
++ [[ true == \t\r\u\e ]]
++ set +e
++ stoleus_provider_selection_matches_conditions capability package-management dnf-provider
++ local subject_type=capability
++ local subject_id=package-management
++ local provider_id=dnf-provider
++ local policy_key=
++ local conditions=
++ [[ -z capability ]]
++ [[ -z package-management ]]
++ [[ -z dnf-provider ]]
+++ stoleus_provider_selection_get_policy_key capability package-management dnf-provider
+++ local subject_type=capability
+++ local subject_id=package-management
+++ local provider_id=dnf-provider
+++ [[ -z capability ]]
+++ [[ -z package-management ]]
+++ [[ -z dnf-provider ]]
+++ printf '%s:%s@%s\n' capability package-management dnf-provider
+++ return 0
++ policy_key=capability:package-management@dnf-provider
++ stoleus_provider_policy_registry_contains capability:package-management@dnf-provider
++ local policy_key=capability:package-management@dnf-provider
++ [[ -z capability:package-management@dnf-provider ]]
++ stoleus_metadata_collection_contains provider-policy capability:package-management@dnf-provider
++ local collection_id=provider-policy
++ local record_key=capability:package-management@dnf-provider
++ local lookup_key=
++ [[ -z provider-policy ]]
++ [[ -z capability:package-management@dnf-provider ]]
++ stoleus_metadata_collection_exists provider-policy
++ local collection_id=provider-policy
++ [[ -z provider-policy ]]
++ [[ -n defined ]]
++ lookup_key='provider-policy|capability:package-management@dnf-provider'
++ [[ -n stored ]]
++ return 0
+++ stoleus_provider_policy_registry_get_field capability:package-management@dnf-provider conditions
+++ local policy_key=capability:package-management@dnf-provider
+++ local field_name=conditions
+++ [[ -z capability:package-management@dnf-provider ]]
+++ [[ -z conditions ]]
+++ stoleus_metadata_collection_get_field provider-policy capability:package-management@dnf-provider conditions
+++ local collection_id=provider-policy
+++ local record_key=capability:package-management@dnf-provider
+++ local field_name=conditions
+++ local schema=
+++ local row_index=
+++ local value_key=
+++ [[ -z provider-policy ]]
+++ [[ -z capability:package-management@dnf-provider ]]
+++ [[ -z conditions ]]
+++ stoleus_metadata_collection_exists provider-policy
+++ local collection_id=provider-policy
+++ [[ -z provider-policy ]]
+++ [[ -n defined ]]
+++ schema=policy-key,subject-type,subject-id,provider-id,priority,enabled,conditions,tags
+++ stoleus_metadata_schema_contains_field policy-key,subject-type,subject-id,provider-id,priority,enabled,conditions,tags conditions
+++ local schema=policy-key,subject-type,subject-id,provider-id,priority,enabled,conditions,tags
+++ local requested_field=conditions
+++ local field_name=
+++ IFS=
+++ read -r field_name
++++ printf '%s\n' policy-key,subject-type,subject-id,provider-id,priority,enabled,conditions,tags
++++ tr , '\n'
+++ [[ policy-key == \c\o\n\d\i\t\i\o\n\s ]]
+++ IFS=
+++ read -r field_name
+++ [[ subject-type == \c\o\n\d\i\t\i\o\n\s ]]
+++ IFS=
+++ read -r field_name
+++ [[ subject-id == \c\o\n\d\i\t\i\o\n\s ]]
+++ IFS=
+++ read -r field_name
+++ [[ provider-id == \c\o\n\d\i\t\i\o\n\s ]]
+++ IFS=
+++ read -r field_name
+++ [[ priority == \c\o\n\d\i\t\i\o\n\s ]]
+++ IFS=
+++ read -r field_name
+++ [[ enabled == \c\o\n\d\i\t\i\o\n\s ]]
+++ IFS=
+++ read -r field_name
+++ [[ conditions == \c\o\n\d\i\t\i\o\n\s ]]
+++ return 0
++++ stoleus_metadata_collection_get_index provider-policy capability:package-management@dnf-provider
++++ local collection_id=provider-policy
++++ local record_key=capability:package-management@dnf-provider
++++ local lookup_key=
++++ [[ -z provider-policy ]]
++++ [[ -z capability:package-management@dnf-provider ]]
++++ stoleus_metadata_collection_contains provider-policy capability:package-management@dnf-provider
++++ local collection_id=provider-policy
++++ local record_key=capability:package-management@dnf-provider
++++ local lookup_key=
++++ [[ -z provider-policy ]]
++++ [[ -z capability:package-management@dnf-provider ]]
++++ stoleus_metadata_collection_exists provider-policy
++++ local collection_id=provider-policy
++++ [[ -z provider-policy ]]
++++ [[ -n defined ]]
++++ lookup_key='provider-policy|capability:package-management@dnf-provider'
++++ [[ -n stored ]]
++++ lookup_key='provider-policy|capability:package-management@dnf-provider'
++++ printf '%s\n' 1
++++ return 0
+++ row_index=1
+++ value_key='provider-policy|1|conditions'
+++ printf '%s\n' ''
+++ return 0
+++ return 0
++ conditions=
++ stoleus_context_matches_conditions ''
++ local conditions=
++ local condition=
++ local context_key=
++ local expected_value=
++ local actual_value=
++ [[ -z '' ]]
++ return 0
++ return 0
++ condition_exit_code=0
++ set -e
++ ((  condition_exit_code == 1  ))
++ ((  condition_exit_code != 0  ))
++ eligible_count=2
++ [[ -n '' ]]
+++ stoleus_provider_selection_get_priority capability package-management dnf-provider
+++ local subject_type=capability
+++ local subject_id=package-management
+++ local provider_id=dnf-provider
+++ local policy_key=
++++ stoleus_provider_selection_get_policy_key capability package-management dnf-provider
++++ local subject_type=capability
++++ local subject_id=package-management
++++ local provider_id=dnf-provider
++++ [[ -z capability ]]
++++ [[ -z package-management ]]
++++ [[ -z dnf-provider ]]
++++ printf '%s:%s@%s\n' capability package-management dnf-provider
++++ return 0
+++ policy_key=capability:package-management@dnf-provider
+++ stoleus_provider_policy_registry_contains capability:package-management@dnf-provider
+++ local policy_key=capability:package-management@dnf-provider
+++ [[ -z capability:package-management@dnf-provider ]]
+++ stoleus_metadata_collection_contains provider-policy capability:package-management@dnf-provider
+++ local collection_id=provider-policy
+++ local record_key=capability:package-management@dnf-provider
+++ local lookup_key=
+++ [[ -z provider-policy ]]
+++ [[ -z capability:package-management@dnf-provider ]]
+++ stoleus_metadata_collection_exists provider-policy
+++ local collection_id=provider-policy
+++ [[ -z provider-policy ]]
+++ [[ -n defined ]]
+++ lookup_key='provider-policy|capability:package-management@dnf-provider'
+++ [[ -n stored ]]
+++ return 0
+++ stoleus_provider_policy_registry_get_field capability:package-management@dnf-provider priority
+++ local policy_key=capability:package-management@dnf-provider
+++ local field_name=priority
+++ [[ -z capability:package-management@dnf-provider ]]
+++ [[ -z priority ]]
+++ stoleus_metadata_collection_get_field provider-policy capability:package-management@dnf-provider priority
+++ local collection_id=provider-policy
+++ local record_key=capability:package-management@dnf-provider
+++ local field_name=priority
+++ local schema=
+++ local row_index=
+++ local value_key=
+++ [[ -z provider-policy ]]
+++ [[ -z capability:package-management@dnf-provider ]]
+++ [[ -z priority ]]
+++ stoleus_metadata_collection_exists provider-policy
+++ local collection_id=provider-policy
+++ [[ -z provider-policy ]]
+++ [[ -n defined ]]
+++ schema=policy-key,subject-type,subject-id,provider-id,priority,enabled,conditions,tags
+++ stoleus_metadata_schema_contains_field policy-key,subject-type,subject-id,provider-id,priority,enabled,conditions,tags priority
+++ local schema=policy-key,subject-type,subject-id,provider-id,priority,enabled,conditions,tags
+++ local requested_field=priority
+++ local field_name=
+++ IFS=
+++ read -r field_name
++++ printf '%s\n' policy-key,subject-type,subject-id,provider-id,priority,enabled,conditions,tags
++++ tr , '\n'
+++ [[ policy-key == \p\r\i\o\r\i\t\y ]]
+++ IFS=
+++ read -r field_name
+++ [[ subject-type == \p\r\i\o\r\i\t\y ]]
+++ IFS=
+++ read -r field_name
+++ [[ subject-id == \p\r\i\o\r\i\t\y ]]
+++ IFS=
+++ read -r field_name
+++ [[ provider-id == \p\r\i\o\r\i\t\y ]]
+++ IFS=
+++ read -r field_name
+++ [[ priority == \p\r\i\o\r\i\t\y ]]
+++ return 0
++++ stoleus_metadata_collection_get_index provider-policy capability:package-management@dnf-provider
++++ local collection_id=provider-policy
++++ local record_key=capability:package-management@dnf-provider
++++ local lookup_key=
++++ [[ -z provider-policy ]]
++++ [[ -z capability:package-management@dnf-provider ]]
++++ stoleus_metadata_collection_contains provider-policy capability:package-management@dnf-provider
++++ local collection_id=provider-policy
++++ local record_key=capability:package-management@dnf-provider
++++ local lookup_key=
++++ [[ -z provider-policy ]]
++++ [[ -z capability:package-management@dnf-provider ]]
++++ stoleus_metadata_collection_exists provider-policy
++++ local collection_id=provider-policy
++++ [[ -z provider-policy ]]
++++ [[ -n defined ]]
++++ lookup_key='provider-policy|capability:package-management@dnf-provider'
++++ [[ -n stored ]]
++++ lookup_key='provider-policy|capability:package-management@dnf-provider'
++++ printf '%s\n' 1
++++ return 0
+++ row_index=1
+++ value_key='provider-policy|1|priority'
+++ printf '%s\n' 50
+++ return 0
+++ return 0
+++ return 0
++ priority=50
++ [[ ! 50 =~ ^[0-9]+$ ]]
++ ((  priority > selected_priority  ))
++ ((  priority == selected_priority  ))
++ ((  candidate_count == 0  ))
++ [[ -n '' ]]
++ ((  eligible_count == 0  ))
++ [[ -n '' ]]
++ printf '%s\n' apt-provider
++ return 0
+ assert_equals apt-provider apt-provider 'Highest-priority provider was not selected.'
+ local expected=apt-provider
+ local actual=apt-provider
+ local 'message=Highest-priority provider was not selected.'
+ [[ apt-provider != \a\p\t\-\p\r\o\v\i\d\e\r ]]
+ stoleus_provider_policy_registry_register capability service-management systemd-provider 1000 false
+ local subject_type=capability
+ local subject_id=service-management
+ local provider_id=systemd-provider
+ local priority=1000
+ local enabled=false
+ local conditions=
+ local tags=
+ local policy_key=
+ stoleus_provider_policy_registry_validate_subject_type capability
+ local subject_type=capability
+ case "$subject_type" in
+ return 0
+ [[ -z service-management ]]
+ [[ ! service-management =~ ^[a-z0-9][a-z0-9-]*$ ]]
+ [[ -z systemd-provider ]]
+ [[ ! systemd-provider =~ ^[a-z0-9][a-z0-9-]*$ ]]
+ [[ ! 1000 =~ ^[0-9]+$ ]]
+ [[ 1000 -gt 100000 ]]
+ case "$enabled" in
+ policy_key=capability:service-management@systemd-provider
+ stoleus_provider_policy_registry_contains capability:service-management@systemd-provider
+ local policy_key=capability:service-management@systemd-provider
+ [[ -z capability:service-management@systemd-provider ]]
+ stoleus_metadata_collection_contains provider-policy capability:service-management@systemd-provider
+ local collection_id=provider-policy
+ local record_key=capability:service-management@systemd-provider
+ local lookup_key=
+ [[ -z provider-policy ]]
+ [[ -z capability:service-management@systemd-provider ]]
+ stoleus_metadata_collection_exists provider-policy
+ local collection_id=provider-policy
+ [[ -z provider-policy ]]
+ [[ -n defined ]]
+ lookup_key='provider-policy|capability:service-management@systemd-provider'
+ [[ -n '' ]]
+ return 1
+ stoleus_metadata_collection_append provider-policy capability:service-management@systemd-provider capability service-management systemd-provider 1000 false '' ''
+ local collection_id=provider-policy
+ local schema=
+ local key_field=
+ local expected_field_count=0
+ local actual_field_count=0
+ local row_index=0
+ local field_name=
+ local field_value=
+ local record_key=
+ local lookup_key=
+ local value_key=
+ schema_fields=()
+ local -a schema_fields
+ row_values=()
+ local -a row_values
+ local field_index=0
+ [[ -z provider-policy ]]
+ stoleus_metadata_collection_exists provider-policy
+ local collection_id=provider-policy
+ [[ -z provider-policy ]]
+ [[ -n defined ]]
+ stoleus_metadata_collection_is_frozen provider-policy
+ local collection_id=provider-policy
+ [[ -z provider-policy ]]
+ stoleus_metadata_collection_exists provider-policy
+ local collection_id=provider-policy
+ [[ -z provider-policy ]]
+ [[ -n defined ]]
+ [[ false == \t\r\u\e ]]
+ shift
+ schema=policy-key,subject-type,subject-id,provider-id,priority,enabled,conditions,tags
+ key_field=policy-key
+ expected_field_count=8
+ actual_field_count=8
+ row_values=("$@")
+ ((  actual_field_count != expected_field_count  ))
+ IFS=,
+ read -r -a schema_fields
+ for field_index in "${!schema_fields[@]}"
+ field_name=policy-key
+ field_value=capability:service-management@systemd-provider
+ [[ policy-key == \p\o\l\i\c\y\-\k\e\y ]]
+ record_key=capability:service-management@systemd-provider
+ for field_index in "${!schema_fields[@]}"
+ field_name=subject-type
+ field_value=capability
+ [[ subject-type == \p\o\l\i\c\y\-\k\e\y ]]
+ for field_index in "${!schema_fields[@]}"
+ field_name=subject-id
+ field_value=service-management
+ [[ subject-id == \p\o\l\i\c\y\-\k\e\y ]]
+ for field_index in "${!schema_fields[@]}"
+ field_name=provider-id
+ field_value=systemd-provider
+ [[ provider-id == \p\o\l\i\c\y\-\k\e\y ]]
+ for field_index in "${!schema_fields[@]}"
+ field_name=priority
+ field_value=1000
+ [[ priority == \p\o\l\i\c\y\-\k\e\y ]]
+ for field_index in "${!schema_fields[@]}"
+ field_name=enabled
+ field_value=false
+ [[ enabled == \p\o\l\i\c\y\-\k\e\y ]]
+ for field_index in "${!schema_fields[@]}"
+ field_name=conditions
+ field_value=
+ [[ conditions == \p\o\l\i\c\y\-\k\e\y ]]
+ for field_index in "${!schema_fields[@]}"
+ field_name=tags
+ field_value=
+ [[ tags == \p\o\l\i\c\y\-\k\e\y ]]
+ [[ -z capability:service-management@systemd-provider ]]
+ stoleus_metadata_collection_contains provider-policy capability:service-management@systemd-provider
+ local collection_id=provider-policy
+ local record_key=capability:service-management@systemd-provider
+ local lookup_key=
+ [[ -z provider-policy ]]
+ [[ -z capability:service-management@systemd-provider ]]
+ stoleus_metadata_collection_exists provider-policy
+ local collection_id=provider-policy
+ [[ -z provider-policy ]]
+ [[ -n defined ]]
+ lookup_key='provider-policy|capability:service-management@systemd-provider'
+ [[ -n '' ]]
+ row_index=2
+ lookup_key='provider-policy|capability:service-management@systemd-provider'
+ STOLEUS_METADATA_ROW_INDEX_BY_KEY["$lookup_key"]=2
+ STOLEUS_METADATA_ROW_KEYS["${collection_id}|${row_index}"]=capability:service-management@systemd-provider
+ for field_index in "${!schema_fields[@]}"
+ field_name=policy-key
+ field_value=capability:service-management@systemd-provider
+ value_key='provider-policy|2|policy-key'
+ STOLEUS_METADATA_VALUES["$value_key"]=capability:service-management@systemd-provider
+ for field_index in "${!schema_fields[@]}"
+ field_name=subject-type
+ field_value=capability
+ value_key='provider-policy|2|subject-type'
+ STOLEUS_METADATA_VALUES["$value_key"]=capability
+ for field_index in "${!schema_fields[@]}"
+ field_name=subject-id
+ field_value=service-management
+ value_key='provider-policy|2|subject-id'
+ STOLEUS_METADATA_VALUES["$value_key"]=service-management
+ for field_index in "${!schema_fields[@]}"
+ field_name=provider-id
+ field_value=systemd-provider
+ value_key='provider-policy|2|provider-id'
+ STOLEUS_METADATA_VALUES["$value_key"]=systemd-provider
+ for field_index in "${!schema_fields[@]}"
+ field_name=priority
+ field_value=1000
+ value_key='provider-policy|2|priority'
+ STOLEUS_METADATA_VALUES["$value_key"]=1000
+ for field_index in "${!schema_fields[@]}"
+ field_name=enabled
+ field_value=false
+ value_key='provider-policy|2|enabled'
+ STOLEUS_METADATA_VALUES["$value_key"]=false
+ for field_index in "${!schema_fields[@]}"
+ field_name=conditions
+ field_value=
+ value_key='provider-policy|2|conditions'
+ STOLEUS_METADATA_VALUES["$value_key"]=
+ for field_index in "${!schema_fields[@]}"
+ field_name=tags
+ field_value=
+ value_key='provider-policy|2|tags'
+ STOLEUS_METADATA_VALUES["$value_key"]=
+ STOLEUS_METADATA_COLLECTION_ROW_COUNTS["$collection_id"]=3
+ return 0
+ return 0
+ stoleus_provider_policy_registry_register capability service-management openrc-provider 10 true
+ local subject_type=capability
+ local subject_id=service-management
+ local provider_id=openrc-provider
+ local priority=10
+ local enabled=true
+ local conditions=
+ local tags=
+ local policy_key=
+ stoleus_provider_policy_registry_validate_subject_type capability
+ local subject_type=capability
+ case "$subject_type" in
+ return 0
+ [[ -z service-management ]]
+ [[ ! service-management =~ ^[a-z0-9][a-z0-9-]*$ ]]
+ [[ -z openrc-provider ]]
+ [[ ! openrc-provider =~ ^[a-z0-9][a-z0-9-]*$ ]]
+ [[ ! 10 =~ ^[0-9]+$ ]]
+ [[ 10 -gt 100000 ]]
+ case "$enabled" in
+ policy_key=capability:service-management@openrc-provider
+ stoleus_provider_policy_registry_contains capability:service-management@openrc-provider
+ local policy_key=capability:service-management@openrc-provider
+ [[ -z capability:service-management@openrc-provider ]]
+ stoleus_metadata_collection_contains provider-policy capability:service-management@openrc-provider
+ local collection_id=provider-policy
+ local record_key=capability:service-management@openrc-provider
+ local lookup_key=
+ [[ -z provider-policy ]]
+ [[ -z capability:service-management@openrc-provider ]]
+ stoleus_metadata_collection_exists provider-policy
+ local collection_id=provider-policy
+ [[ -z provider-policy ]]
+ [[ -n defined ]]
+ lookup_key='provider-policy|capability:service-management@openrc-provider'
+ [[ -n '' ]]
+ return 1
+ stoleus_metadata_collection_append provider-policy capability:service-management@openrc-provider capability service-management openrc-provider 10 true '' ''
+ local collection_id=provider-policy
+ local schema=
+ local key_field=
+ local expected_field_count=0
+ local actual_field_count=0
+ local row_index=0
+ local field_name=
+ local field_value=
+ local record_key=
+ local lookup_key=
+ local value_key=
+ schema_fields=()
+ local -a schema_fields
+ row_values=()
+ local -a row_values
+ local field_index=0
+ [[ -z provider-policy ]]
+ stoleus_metadata_collection_exists provider-policy
+ local collection_id=provider-policy
+ [[ -z provider-policy ]]
+ [[ -n defined ]]
+ stoleus_metadata_collection_is_frozen provider-policy
+ local collection_id=provider-policy
+ [[ -z provider-policy ]]
+ stoleus_metadata_collection_exists provider-policy
+ local collection_id=provider-policy
+ [[ -z provider-policy ]]
+ [[ -n defined ]]
+ [[ false == \t\r\u\e ]]
+ shift
+ schema=policy-key,subject-type,subject-id,provider-id,priority,enabled,conditions,tags
+ key_field=policy-key
+ expected_field_count=8
+ actual_field_count=8
+ row_values=("$@")
+ ((  actual_field_count != expected_field_count  ))
+ IFS=,
+ read -r -a schema_fields
+ for field_index in "${!schema_fields[@]}"
+ field_name=policy-key
+ field_value=capability:service-management@openrc-provider
+ [[ policy-key == \p\o\l\i\c\y\-\k\e\y ]]
+ record_key=capability:service-management@openrc-provider
+ for field_index in "${!schema_fields[@]}"
+ field_name=subject-type
+ field_value=capability
+ [[ subject-type == \p\o\l\i\c\y\-\k\e\y ]]
+ for field_index in "${!schema_fields[@]}"
+ field_name=subject-id
+ field_value=service-management
+ [[ subject-id == \p\o\l\i\c\y\-\k\e\y ]]
+ for field_index in "${!schema_fields[@]}"
+ field_name=provider-id
+ field_value=openrc-provider
+ [[ provider-id == \p\o\l\i\c\y\-\k\e\y ]]
+ for field_index in "${!schema_fields[@]}"
+ field_name=priority
+ field_value=10
+ [[ priority == \p\o\l\i\c\y\-\k\e\y ]]
+ for field_index in "${!schema_fields[@]}"
+ field_name=enabled
+ field_value=true
+ [[ enabled == \p\o\l\i\c\y\-\k\e\y ]]
+ for field_index in "${!schema_fields[@]}"
+ field_name=conditions
+ field_value=
+ [[ conditions == \p\o\l\i\c\y\-\k\e\y ]]
+ for field_index in "${!schema_fields[@]}"
+ field_name=tags
+ field_value=
+ [[ tags == \p\o\l\i\c\y\-\k\e\y ]]
+ [[ -z capability:service-management@openrc-provider ]]
+ stoleus_metadata_collection_contains provider-policy capability:service-management@openrc-provider
+ local collection_id=provider-policy
+ local record_key=capability:service-management@openrc-provider
+ local lookup_key=
+ [[ -z provider-policy ]]
+ [[ -z capability:service-management@openrc-provider ]]
+ stoleus_metadata_collection_exists provider-policy
+ local collection_id=provider-policy
+ [[ -z provider-policy ]]
+ [[ -n defined ]]
+ lookup_key='provider-policy|capability:service-management@openrc-provider'
+ [[ -n '' ]]
+ row_index=3
+ lookup_key='provider-policy|capability:service-management@openrc-provider'
+ STOLEUS_METADATA_ROW_INDEX_BY_KEY["$lookup_key"]=3
+ STOLEUS_METADATA_ROW_KEYS["${collection_id}|${row_index}"]=capability:service-management@openrc-provider
+ for field_index in "${!schema_fields[@]}"
+ field_name=policy-key
+ field_value=capability:service-management@openrc-provider
+ value_key='provider-policy|3|policy-key'
+ STOLEUS_METADATA_VALUES["$value_key"]=capability:service-management@openrc-provider
+ for field_index in "${!schema_fields[@]}"
+ field_name=subject-type
+ field_value=capability
+ value_key='provider-policy|3|subject-type'
+ STOLEUS_METADATA_VALUES["$value_key"]=capability
+ for field_index in "${!schema_fields[@]}"
+ field_name=subject-id
+ field_value=service-management
+ value_key='provider-policy|3|subject-id'
+ STOLEUS_METADATA_VALUES["$value_key"]=service-management
+ for field_index in "${!schema_fields[@]}"
+ field_name=provider-id
+ field_value=openrc-provider
+ value_key='provider-policy|3|provider-id'
+ STOLEUS_METADATA_VALUES["$value_key"]=openrc-provider
+ for field_index in "${!schema_fields[@]}"
+ field_name=priority
+ field_value=10
+ value_key='provider-policy|3|priority'
+ STOLEUS_METADATA_VALUES["$value_key"]=10
+ for field_index in "${!schema_fields[@]}"
+ field_name=enabled
+ field_value=true
+ value_key='provider-policy|3|enabled'
+ STOLEUS_METADATA_VALUES["$value_key"]=true
+ for field_index in "${!schema_fields[@]}"
+ field_name=conditions
+ field_value=
+ value_key='provider-policy|3|conditions'
+ STOLEUS_METADATA_VALUES["$value_key"]=
+ for field_index in "${!schema_fields[@]}"
+ field_name=tags
+ field_value=
+ value_key='provider-policy|3|tags'
+ STOLEUS_METADATA_VALUES["$value_key"]=
+ STOLEUS_METADATA_COLLECTION_ROW_COUNTS["$collection_id"]=4
+ return 0
+ return 0
++ stoleus_provider_selection_select capability service-management '' systemd-provider openrc-provider
++ local subject_type=capability
++ local subject_id=service-management
++ local override_provider=
++ local candidate=
++ local priority=
++ local selected_provider=
++ local selected_priority=-1
++ local tied_provider=
++ local candidate_count=0
++ local eligible_count=0
++ local override_registered=false
++ local condition_exit_code=0
++ seen_candidates=()
++ local -A seen_candidates
++ [[ true != \t\r\u\e ]]
++ stoleus_provider_policy_registry_validate_subject_type capability
++ local subject_type=capability
++ case "$subject_type" in
++ return 0
++ [[ -z service-management ]]
++ [[ ! service-management =~ ^[a-z0-9][a-z0-9-]*$ ]]
++ [[ -n '' ]]
++ shift 3
++ for candidate in "$@"
++ [[ -z systemd-provider ]]
++ [[ ! systemd-provider =~ ^[a-z0-9][a-z0-9-]*$ ]]
++ [[ -n '' ]]
++ seen_candidates["$candidate"]=true
++ candidate_count=1
++ [[ -n '' ]]
++ stoleus_provider_selection_is_enabled capability service-management systemd-provider
++ local subject_type=capability
++ local subject_id=service-management
++ local provider_id=systemd-provider
++ local policy_key=
++ local enabled=
+++ stoleus_provider_selection_get_policy_key capability service-management systemd-provider
+++ local subject_type=capability
+++ local subject_id=service-management
+++ local provider_id=systemd-provider
+++ [[ -z capability ]]
+++ [[ -z service-management ]]
+++ [[ -z systemd-provider ]]
+++ printf '%s:%s@%s\n' capability service-management systemd-provider
+++ return 0
++ policy_key=capability:service-management@systemd-provider
++ stoleus_provider_policy_registry_contains capability:service-management@systemd-provider
++ local policy_key=capability:service-management@systemd-provider
++ [[ -z capability:service-management@systemd-provider ]]
++ stoleus_metadata_collection_contains provider-policy capability:service-management@systemd-provider
++ local collection_id=provider-policy
++ local record_key=capability:service-management@systemd-provider
++ local lookup_key=
++ [[ -z provider-policy ]]
++ [[ -z capability:service-management@systemd-provider ]]
++ stoleus_metadata_collection_exists provider-policy
++ local collection_id=provider-policy
++ [[ -z provider-policy ]]
++ [[ -n defined ]]
++ lookup_key='provider-policy|capability:service-management@systemd-provider'
++ [[ -n stored ]]
++ return 0
+++ stoleus_provider_policy_registry_get_field capability:service-management@systemd-provider enabled
+++ local policy_key=capability:service-management@systemd-provider
+++ local field_name=enabled
+++ [[ -z capability:service-management@systemd-provider ]]
+++ [[ -z enabled ]]
+++ stoleus_metadata_collection_get_field provider-policy capability:service-management@systemd-provider enabled
+++ local collection_id=provider-policy
+++ local record_key=capability:service-management@systemd-provider
+++ local field_name=enabled
+++ local schema=
+++ local row_index=
+++ local value_key=
+++ [[ -z provider-policy ]]
+++ [[ -z capability:service-management@systemd-provider ]]
+++ [[ -z enabled ]]
+++ stoleus_metadata_collection_exists provider-policy
+++ local collection_id=provider-policy
+++ [[ -z provider-policy ]]
+++ [[ -n defined ]]
+++ schema=policy-key,subject-type,subject-id,provider-id,priority,enabled,conditions,tags
+++ stoleus_metadata_schema_contains_field policy-key,subject-type,subject-id,provider-id,priority,enabled,conditions,tags enabled
+++ local schema=policy-key,subject-type,subject-id,provider-id,priority,enabled,conditions,tags
+++ local requested_field=enabled
+++ local field_name=
+++ IFS=
+++ read -r field_name
++++ printf '%s\n' policy-key,subject-type,subject-id,provider-id,priority,enabled,conditions,tags
++++ tr , '\n'
+++ [[ policy-key == \e\n\a\b\l\e\d ]]
+++ IFS=
+++ read -r field_name
+++ [[ subject-type == \e\n\a\b\l\e\d ]]
+++ IFS=
+++ read -r field_name
+++ [[ subject-id == \e\n\a\b\l\e\d ]]
+++ IFS=
+++ read -r field_name
+++ [[ provider-id == \e\n\a\b\l\e\d ]]
+++ IFS=
+++ read -r field_name
+++ [[ priority == \e\n\a\b\l\e\d ]]
+++ IFS=
+++ read -r field_name
+++ [[ enabled == \e\n\a\b\l\e\d ]]
+++ return 0
++++ stoleus_metadata_collection_get_index provider-policy capability:service-management@systemd-provider
++++ local collection_id=provider-policy
++++ local record_key=capability:service-management@systemd-provider
++++ local lookup_key=
++++ [[ -z provider-policy ]]
++++ [[ -z capability:service-management@systemd-provider ]]
++++ stoleus_metadata_collection_contains provider-policy capability:service-management@systemd-provider
++++ local collection_id=provider-policy
++++ local record_key=capability:service-management@systemd-provider
++++ local lookup_key=
++++ [[ -z provider-policy ]]
++++ [[ -z capability:service-management@systemd-provider ]]
++++ stoleus_metadata_collection_exists provider-policy
++++ local collection_id=provider-policy
++++ [[ -z provider-policy ]]
++++ [[ -n defined ]]
++++ lookup_key='provider-policy|capability:service-management@systemd-provider'
++++ [[ -n stored ]]
++++ lookup_key='provider-policy|capability:service-management@systemd-provider'
++++ printf '%s\n' 2
++++ return 0
+++ row_index=2
+++ value_key='provider-policy|2|enabled'
+++ printf '%s\n' false
+++ return 0
+++ return 0
++ enabled=false
++ [[ false == \t\r\u\e ]]
++ continue
++ for candidate in "$@"
++ [[ -z openrc-provider ]]
++ [[ ! openrc-provider =~ ^[a-z0-9][a-z0-9-]*$ ]]
++ [[ -n '' ]]
++ seen_candidates["$candidate"]=true
++ candidate_count=2
++ [[ -n '' ]]
++ stoleus_provider_selection_is_enabled capability service-management openrc-provider
++ local subject_type=capability
++ local subject_id=service-management
++ local provider_id=openrc-provider
++ local policy_key=
++ local enabled=
+++ stoleus_provider_selection_get_policy_key capability service-management openrc-provider
+++ local subject_type=capability
+++ local subject_id=service-management
+++ local provider_id=openrc-provider
+++ [[ -z capability ]]
+++ [[ -z service-management ]]
+++ [[ -z openrc-provider ]]
+++ printf '%s:%s@%s\n' capability service-management openrc-provider
+++ return 0
++ policy_key=capability:service-management@openrc-provider
++ stoleus_provider_policy_registry_contains capability:service-management@openrc-provider
++ local policy_key=capability:service-management@openrc-provider
++ [[ -z capability:service-management@openrc-provider ]]
++ stoleus_metadata_collection_contains provider-policy capability:service-management@openrc-provider
++ local collection_id=provider-policy
++ local record_key=capability:service-management@openrc-provider
++ local lookup_key=
++ [[ -z provider-policy ]]
++ [[ -z capability:service-management@openrc-provider ]]
++ stoleus_metadata_collection_exists provider-policy
++ local collection_id=provider-policy
++ [[ -z provider-policy ]]
++ [[ -n defined ]]
++ lookup_key='provider-policy|capability:service-management@openrc-provider'
++ [[ -n stored ]]
++ return 0
+++ stoleus_provider_policy_registry_get_field capability:service-management@openrc-provider enabled
+++ local policy_key=capability:service-management@openrc-provider
+++ local field_name=enabled
+++ [[ -z capability:service-management@openrc-provider ]]
+++ [[ -z enabled ]]
+++ stoleus_metadata_collection_get_field provider-policy capability:service-management@openrc-provider enabled
+++ local collection_id=provider-policy
+++ local record_key=capability:service-management@openrc-provider
+++ local field_name=enabled
+++ local schema=
+++ local row_index=
+++ local value_key=
+++ [[ -z provider-policy ]]
+++ [[ -z capability:service-management@openrc-provider ]]
+++ [[ -z enabled ]]
+++ stoleus_metadata_collection_exists provider-policy
+++ local collection_id=provider-policy
+++ [[ -z provider-policy ]]
+++ [[ -n defined ]]
+++ schema=policy-key,subject-type,subject-id,provider-id,priority,enabled,conditions,tags
+++ stoleus_metadata_schema_contains_field policy-key,subject-type,subject-id,provider-id,priority,enabled,conditions,tags enabled
+++ local schema=policy-key,subject-type,subject-id,provider-id,priority,enabled,conditions,tags
+++ local requested_field=enabled
+++ local field_name=
+++ IFS=
+++ read -r field_name
++++ printf '%s\n' policy-key,subject-type,subject-id,provider-id,priority,enabled,conditions,tags
++++ tr , '\n'
+++ [[ policy-key == \e\n\a\b\l\e\d ]]
+++ IFS=
+++ read -r field_name
+++ [[ subject-type == \e\n\a\b\l\e\d ]]
+++ IFS=
+++ read -r field_name
+++ [[ subject-id == \e\n\a\b\l\e\d ]]
+++ IFS=
+++ read -r field_name
+++ [[ provider-id == \e\n\a\b\l\e\d ]]
+++ IFS=
+++ read -r field_name
+++ [[ priority == \e\n\a\b\l\e\d ]]
+++ IFS=
+++ read -r field_name
+++ [[ enabled == \e\n\a\b\l\e\d ]]
+++ return 0
++++ stoleus_metadata_collection_get_index provider-policy capability:service-management@openrc-provider
++++ local collection_id=provider-policy
++++ local record_key=capability:service-management@openrc-provider
++++ local lookup_key=
++++ [[ -z provider-policy ]]
++++ [[ -z capability:service-management@openrc-provider ]]
++++ stoleus_metadata_collection_contains provider-policy capability:service-management@openrc-provider
++++ local collection_id=provider-policy
++++ local record_key=capability:service-management@openrc-provider
++++ local lookup_key=
++++ [[ -z provider-policy ]]
++++ [[ -z capability:service-management@openrc-provider ]]
++++ stoleus_metadata_collection_exists provider-policy
++++ local collection_id=provider-policy
++++ [[ -z provider-policy ]]
++++ [[ -n defined ]]
++++ lookup_key='provider-policy|capability:service-management@openrc-provider'
++++ [[ -n stored ]]
++++ lookup_key='provider-policy|capability:service-management@openrc-provider'
++++ printf '%s\n' 3
++++ return 0
+++ row_index=3
+++ value_key='provider-policy|3|enabled'
+++ printf '%s\n' true
+++ return 0
+++ return 0
++ enabled=true
++ [[ true == \t\r\u\e ]]
++ set +e
++ stoleus_provider_selection_matches_conditions capability service-management openrc-provider
++ local subject_type=capability
++ local subject_id=service-management
++ local provider_id=openrc-provider
++ local policy_key=
++ local conditions=
++ [[ -z capability ]]
++ [[ -z service-management ]]
++ [[ -z openrc-provider ]]
+++ stoleus_provider_selection_get_policy_key capability service-management openrc-provider
+++ local subject_type=capability
+++ local subject_id=service-management
+++ local provider_id=openrc-provider
+++ [[ -z capability ]]
+++ [[ -z service-management ]]
+++ [[ -z openrc-provider ]]
+++ printf '%s:%s@%s\n' capability service-management openrc-provider
+++ return 0
++ policy_key=capability:service-management@openrc-provider
++ stoleus_provider_policy_registry_contains capability:service-management@openrc-provider
++ local policy_key=capability:service-management@openrc-provider
++ [[ -z capability:service-management@openrc-provider ]]
++ stoleus_metadata_collection_contains provider-policy capability:service-management@openrc-provider
++ local collection_id=provider-policy
++ local record_key=capability:service-management@openrc-provider
++ local lookup_key=
++ [[ -z provider-policy ]]
++ [[ -z capability:service-management@openrc-provider ]]
++ stoleus_metadata_collection_exists provider-policy
++ local collection_id=provider-policy
++ [[ -z provider-policy ]]
++ [[ -n defined ]]
++ lookup_key='provider-policy|capability:service-management@openrc-provider'
++ [[ -n stored ]]
++ return 0
+++ stoleus_provider_policy_registry_get_field capability:service-management@openrc-provider conditions
+++ local policy_key=capability:service-management@openrc-provider
+++ local field_name=conditions
+++ [[ -z capability:service-management@openrc-provider ]]
+++ [[ -z conditions ]]
+++ stoleus_metadata_collection_get_field provider-policy capability:service-management@openrc-provider conditions
+++ local collection_id=provider-policy
+++ local record_key=capability:service-management@openrc-provider
+++ local field_name=conditions
+++ local schema=
+++ local row_index=
+++ local value_key=
+++ [[ -z provider-policy ]]
+++ [[ -z capability:service-management@openrc-provider ]]
+++ [[ -z conditions ]]
+++ stoleus_metadata_collection_exists provider-policy
+++ local collection_id=provider-policy
+++ [[ -z provider-policy ]]
+++ [[ -n defined ]]
+++ schema=policy-key,subject-type,subject-id,provider-id,priority,enabled,conditions,tags
+++ stoleus_metadata_schema_contains_field policy-key,subject-type,subject-id,provider-id,priority,enabled,conditions,tags conditions
+++ local schema=policy-key,subject-type,subject-id,provider-id,priority,enabled,conditions,tags
+++ local requested_field=conditions
+++ local field_name=
+++ IFS=
+++ read -r field_name
++++ printf '%s\n' policy-key,subject-type,subject-id,provider-id,priority,enabled,conditions,tags
++++ tr , '\n'
+++ [[ policy-key == \c\o\n\d\i\t\i\o\n\s ]]
+++ IFS=
+++ read -r field_name
+++ [[ subject-type == \c\o\n\d\i\t\i\o\n\s ]]
+++ IFS=
+++ read -r field_name
+++ [[ subject-id == \c\o\n\d\i\t\i\o\n\s ]]
+++ IFS=
+++ read -r field_name
+++ [[ provider-id == \c\o\n\d\i\t\i\o\n\s ]]
+++ IFS=
+++ read -r field_name
+++ [[ priority == \c\o\n\d\i\t\i\o\n\s ]]
+++ IFS=
+++ read -r field_name
+++ [[ enabled == \c\o\n\d\i\t\i\o\n\s ]]
+++ IFS=
+++ read -r field_name
+++ [[ conditions == \c\o\n\d\i\t\i\o\n\s ]]
+++ return 0
++++ stoleus_metadata_collection_get_index provider-policy capability:service-management@openrc-provider
++++ local collection_id=provider-policy
++++ local record_key=capability:service-management@openrc-provider
++++ local lookup_key=
++++ [[ -z provider-policy ]]
++++ [[ -z capability:service-management@openrc-provider ]]
++++ stoleus_metadata_collection_contains provider-policy capability:service-management@openrc-provider
++++ local collection_id=provider-policy
++++ local record_key=capability:service-management@openrc-provider
++++ local lookup_key=
++++ [[ -z provider-policy ]]
++++ [[ -z capability:service-management@openrc-provider ]]
++++ stoleus_metadata_collection_exists provider-policy
++++ local collection_id=provider-policy
++++ [[ -z provider-policy ]]
++++ [[ -n defined ]]
++++ lookup_key='provider-policy|capability:service-management@openrc-provider'
++++ [[ -n stored ]]
++++ lookup_key='provider-policy|capability:service-management@openrc-provider'
++++ printf '%s\n' 3
++++ return 0
+++ row_index=3
+++ value_key='provider-policy|3|conditions'
+++ printf '%s\n' ''
+++ return 0
+++ return 0
++ conditions=
++ stoleus_context_matches_conditions ''
++ local conditions=
++ local condition=
++ local context_key=
++ local expected_value=
++ local actual_value=
++ [[ -z '' ]]
++ return 0
++ return 0
++ condition_exit_code=0
++ set -e
++ ((  condition_exit_code == 1  ))
++ ((  condition_exit_code != 0  ))
++ eligible_count=1
++ [[ -n '' ]]
+++ stoleus_provider_selection_get_priority capability service-management openrc-provider
+++ local subject_type=capability
+++ local subject_id=service-management
+++ local provider_id=openrc-provider
+++ local policy_key=
++++ stoleus_provider_selection_get_policy_key capability service-management openrc-provider
++++ local subject_type=capability
++++ local subject_id=service-management
++++ local provider_id=openrc-provider
++++ [[ -z capability ]]
++++ [[ -z service-management ]]
++++ [[ -z openrc-provider ]]
++++ printf '%s:%s@%s\n' capability service-management openrc-provider
++++ return 0
+++ policy_key=capability:service-management@openrc-provider
+++ stoleus_provider_policy_registry_contains capability:service-management@openrc-provider
+++ local policy_key=capability:service-management@openrc-provider
+++ [[ -z capability:service-management@openrc-provider ]]
+++ stoleus_metadata_collection_contains provider-policy capability:service-management@openrc-provider
+++ local collection_id=provider-policy
+++ local record_key=capability:service-management@openrc-provider
+++ local lookup_key=
+++ [[ -z provider-policy ]]
+++ [[ -z capability:service-management@openrc-provider ]]
+++ stoleus_metadata_collection_exists provider-policy
+++ local collection_id=provider-policy
+++ [[ -z provider-policy ]]
+++ [[ -n defined ]]
+++ lookup_key='provider-policy|capability:service-management@openrc-provider'
+++ [[ -n stored ]]
+++ return 0
+++ stoleus_provider_policy_registry_get_field capability:service-management@openrc-provider priority
+++ local policy_key=capability:service-management@openrc-provider
+++ local field_name=priority
+++ [[ -z capability:service-management@openrc-provider ]]
+++ [[ -z priority ]]
+++ stoleus_metadata_collection_get_field provider-policy capability:service-management@openrc-provider priority
+++ local collection_id=provider-policy
+++ local record_key=capability:service-management@openrc-provider
+++ local field_name=priority
+++ local schema=
+++ local row_index=
+++ local value_key=
+++ [[ -z provider-policy ]]
+++ [[ -z capability:service-management@openrc-provider ]]
+++ [[ -z priority ]]
+++ stoleus_metadata_collection_exists provider-policy
+++ local collection_id=provider-policy
+++ [[ -z provider-policy ]]
+++ [[ -n defined ]]
+++ schema=policy-key,subject-type,subject-id,provider-id,priority,enabled,conditions,tags
+++ stoleus_metadata_schema_contains_field policy-key,subject-type,subject-id,provider-id,priority,enabled,conditions,tags priority
+++ local schema=policy-key,subject-type,subject-id,provider-id,priority,enabled,conditions,tags
+++ local requested_field=priority
+++ local field_name=
+++ IFS=
+++ read -r field_name
++++ printf '%s\n' policy-key,subject-type,subject-id,provider-id,priority,enabled,conditions,tags
++++ tr , '\n'
+++ [[ policy-key == \p\r\i\o\r\i\t\y ]]
+++ IFS=
+++ read -r field_name
+++ [[ subject-type == \p\r\i\o\r\i\t\y ]]
+++ IFS=
+++ read -r field_name
+++ [[ subject-id == \p\r\i\o\r\i\t\y ]]
+++ IFS=
+++ read -r field_name
+++ [[ provider-id == \p\r\i\o\r\i\t\y ]]
+++ IFS=
+++ read -r field_name
+++ [[ priority == \p\r\i\o\r\i\t\y ]]
+++ return 0
++++ stoleus_metadata_collection_get_index provider-policy capability:service-management@openrc-provider
++++ local collection_id=provider-policy
++++ local record_key=capability:service-management@openrc-provider
++++ local lookup_key=
++++ [[ -z provider-policy ]]
++++ [[ -z capability:service-management@openrc-provider ]]
++++ stoleus_metadata_collection_contains provider-policy capability:service-management@openrc-provider
++++ local collection_id=provider-policy
++++ local record_key=capability:service-management@openrc-provider
++++ local lookup_key=
++++ [[ -z provider-policy ]]
++++ [[ -z capability:service-management@openrc-provider ]]
++++ stoleus_metadata_collection_exists provider-policy
++++ local collection_id=provider-policy
++++ [[ -z provider-policy ]]
++++ [[ -n defined ]]
++++ lookup_key='provider-policy|capability:service-management@openrc-provider'
++++ [[ -n stored ]]
++++ lookup_key='provider-policy|capability:service-management@openrc-provider'
++++ printf '%s\n' 3
++++ return 0
+++ row_index=3
+++ value_key='provider-policy|3|priority'
+++ printf '%s\n' 10
+++ return 0
+++ return 0
+++ return 0
++ priority=10
++ [[ ! 10 =~ ^[0-9]+$ ]]
++ ((  priority > selected_priority  ))
++ selected_provider=openrc-provider
++ selected_priority=10
++ tied_provider=
++ continue
++ ((  candidate_count == 0  ))
++ [[ -n '' ]]
++ ((  eligible_count == 0  ))
++ [[ -n '' ]]
++ printf '%s\n' openrc-provider
++ return 0
+ assert_equals openrc-provider openrc-provider 'Disabled provider should not be selected.'
+ local expected=openrc-provider
+ local actual=openrc-provider
+ local 'message=Disabled provider should not be selected.'
+ [[ openrc-provider != \o\p\e\n\r\c\-\p\r\o\v\i\d\e\r ]]
++ stoleus_provider_selection_select capability package-management dnf-provider apt-provider dnf-provider
++ local subject_type=capability
++ local subject_id=package-management
++ local override_provider=dnf-provider
++ local candidate=
++ local priority=
++ local selected_provider=
++ local selected_priority=-1
++ local tied_provider=
++ local candidate_count=0
++ local eligible_count=0
++ local override_registered=false
++ local condition_exit_code=0
++ seen_candidates=()
++ local -A seen_candidates
++ [[ true != \t\r\u\e ]]
++ stoleus_provider_policy_registry_validate_subject_type capability
++ local subject_type=capability
++ case "$subject_type" in
++ return 0
++ [[ -z package-management ]]
++ [[ ! package-management =~ ^[a-z0-9][a-z0-9-]*$ ]]
++ [[ -n dnf-provider ]]
++ [[ ! dnf-provider =~ ^[a-z0-9][a-z0-9-]*$ ]]
++ shift 3
++ for candidate in "$@"
++ [[ -z apt-provider ]]
++ [[ ! apt-provider =~ ^[a-z0-9][a-z0-9-]*$ ]]
++ [[ -n '' ]]
++ seen_candidates["$candidate"]=true
++ candidate_count=1
++ [[ -n dnf-provider ]]
++ [[ apt-provider == \d\n\f\-\p\r\o\v\i\d\e\r ]]
++ stoleus_provider_selection_is_enabled capability package-management apt-provider
++ local subject_type=capability
++ local subject_id=package-management
++ local provider_id=apt-provider
++ local policy_key=
++ local enabled=
+++ stoleus_provider_selection_get_policy_key capability package-management apt-provider
+++ local subject_type=capability
+++ local subject_id=package-management
+++ local provider_id=apt-provider
+++ [[ -z capability ]]
+++ [[ -z package-management ]]
+++ [[ -z apt-provider ]]
+++ printf '%s:%s@%s\n' capability package-management apt-provider
+++ return 0
++ policy_key=capability:package-management@apt-provider
++ stoleus_provider_policy_registry_contains capability:package-management@apt-provider
++ local policy_key=capability:package-management@apt-provider
++ [[ -z capability:package-management@apt-provider ]]
++ stoleus_metadata_collection_contains provider-policy capability:package-management@apt-provider
++ local collection_id=provider-policy
++ local record_key=capability:package-management@apt-provider
++ local lookup_key=
++ [[ -z provider-policy ]]
++ [[ -z capability:package-management@apt-provider ]]
++ stoleus_metadata_collection_exists provider-policy
++ local collection_id=provider-policy
++ [[ -z provider-policy ]]
++ [[ -n defined ]]
++ lookup_key='provider-policy|capability:package-management@apt-provider'
++ [[ -n stored ]]
++ return 0
+++ stoleus_provider_policy_registry_get_field capability:package-management@apt-provider enabled
+++ local policy_key=capability:package-management@apt-provider
+++ local field_name=enabled
+++ [[ -z capability:package-management@apt-provider ]]
+++ [[ -z enabled ]]
+++ stoleus_metadata_collection_get_field provider-policy capability:package-management@apt-provider enabled
+++ local collection_id=provider-policy
+++ local record_key=capability:package-management@apt-provider
+++ local field_name=enabled
+++ local schema=
+++ local row_index=
+++ local value_key=
+++ [[ -z provider-policy ]]
+++ [[ -z capability:package-management@apt-provider ]]
+++ [[ -z enabled ]]
+++ stoleus_metadata_collection_exists provider-policy
+++ local collection_id=provider-policy
+++ [[ -z provider-policy ]]
+++ [[ -n defined ]]
+++ schema=policy-key,subject-type,subject-id,provider-id,priority,enabled,conditions,tags
+++ stoleus_metadata_schema_contains_field policy-key,subject-type,subject-id,provider-id,priority,enabled,conditions,tags enabled
+++ local schema=policy-key,subject-type,subject-id,provider-id,priority,enabled,conditions,tags
+++ local requested_field=enabled
+++ local field_name=
+++ IFS=
+++ read -r field_name
++++ printf '%s\n' policy-key,subject-type,subject-id,provider-id,priority,enabled,conditions,tags
++++ tr , '\n'
+++ [[ policy-key == \e\n\a\b\l\e\d ]]
+++ IFS=
+++ read -r field_name
+++ [[ subject-type == \e\n\a\b\l\e\d ]]
+++ IFS=
+++ read -r field_name
+++ [[ subject-id == \e\n\a\b\l\e\d ]]
+++ IFS=
+++ read -r field_name
+++ [[ provider-id == \e\n\a\b\l\e\d ]]
+++ IFS=
+++ read -r field_name
+++ [[ priority == \e\n\a\b\l\e\d ]]
+++ IFS=
+++ read -r field_name
+++ [[ enabled == \e\n\a\b\l\e\d ]]
+++ return 0
++++ stoleus_metadata_collection_get_index provider-policy capability:package-management@apt-provider
++++ local collection_id=provider-policy
++++ local record_key=capability:package-management@apt-provider
++++ local lookup_key=
++++ [[ -z provider-policy ]]
++++ [[ -z capability:package-management@apt-provider ]]
++++ stoleus_metadata_collection_contains provider-policy capability:package-management@apt-provider
++++ local collection_id=provider-policy
++++ local record_key=capability:package-management@apt-provider
++++ local lookup_key=
++++ [[ -z provider-policy ]]
++++ [[ -z capability:package-management@apt-provider ]]
++++ stoleus_metadata_collection_exists provider-policy
++++ local collection_id=provider-policy
++++ [[ -z provider-policy ]]
++++ [[ -n defined ]]
++++ lookup_key='provider-policy|capability:package-management@apt-provider'
++++ [[ -n stored ]]
++++ lookup_key='provider-policy|capability:package-management@apt-provider'
++++ printf '%s\n' 0
++++ return 0
+++ row_index=0
+++ value_key='provider-policy|0|enabled'
+++ printf '%s\n' true
+++ return 0
+++ return 0
++ enabled=true
++ [[ true == \t\r\u\e ]]
++ set +e
++ stoleus_provider_selection_matches_conditions capability package-management apt-provider
++ local subject_type=capability
++ local subject_id=package-management
++ local provider_id=apt-provider
++ local policy_key=
++ local conditions=
++ [[ -z capability ]]
++ [[ -z package-management ]]
++ [[ -z apt-provider ]]
+++ stoleus_provider_selection_get_policy_key capability package-management apt-provider
+++ local subject_type=capability
+++ local subject_id=package-management
+++ local provider_id=apt-provider
+++ [[ -z capability ]]
+++ [[ -z package-management ]]
+++ [[ -z apt-provider ]]
+++ printf '%s:%s@%s\n' capability package-management apt-provider
+++ return 0
++ policy_key=capability:package-management@apt-provider
++ stoleus_provider_policy_registry_contains capability:package-management@apt-provider
++ local policy_key=capability:package-management@apt-provider
++ [[ -z capability:package-management@apt-provider ]]
++ stoleus_metadata_collection_contains provider-policy capability:package-management@apt-provider
++ local collection_id=provider-policy
++ local record_key=capability:package-management@apt-provider
++ local lookup_key=
++ [[ -z provider-policy ]]
++ [[ -z capability:package-management@apt-provider ]]
++ stoleus_metadata_collection_exists provider-policy
++ local collection_id=provider-policy
++ [[ -z provider-policy ]]
++ [[ -n defined ]]
++ lookup_key='provider-policy|capability:package-management@apt-provider'
++ [[ -n stored ]]
++ return 0
+++ stoleus_provider_policy_registry_get_field capability:package-management@apt-provider conditions
+++ local policy_key=capability:package-management@apt-provider
+++ local field_name=conditions
+++ [[ -z capability:package-management@apt-provider ]]
+++ [[ -z conditions ]]
+++ stoleus_metadata_collection_get_field provider-policy capability:package-management@apt-provider conditions
+++ local collection_id=provider-policy
+++ local record_key=capability:package-management@apt-provider
+++ local field_name=conditions
+++ local schema=
+++ local row_index=
+++ local value_key=
+++ [[ -z provider-policy ]]
+++ [[ -z capability:package-management@apt-provider ]]
+++ [[ -z conditions ]]
+++ stoleus_metadata_collection_exists provider-policy
+++ local collection_id=provider-policy
+++ [[ -z provider-policy ]]
+++ [[ -n defined ]]
+++ schema=policy-key,subject-type,subject-id,provider-id,priority,enabled,conditions,tags
+++ stoleus_metadata_schema_contains_field policy-key,subject-type,subject-id,provider-id,priority,enabled,conditions,tags conditions
+++ local schema=policy-key,subject-type,subject-id,provider-id,priority,enabled,conditions,tags
+++ local requested_field=conditions
+++ local field_name=
+++ IFS=
+++ read -r field_name
++++ printf '%s\n' policy-key,subject-type,subject-id,provider-id,priority,enabled,conditions,tags
++++ tr , '\n'
+++ [[ policy-key == \c\o\n\d\i\t\i\o\n\s ]]
+++ IFS=
+++ read -r field_name
+++ [[ subject-type == \c\o\n\d\i\t\i\o\n\s ]]
+++ IFS=
+++ read -r field_name
+++ [[ subject-id == \c\o\n\d\i\t\i\o\n\s ]]
+++ IFS=
+++ read -r field_name
+++ [[ provider-id == \c\o\n\d\i\t\i\o\n\s ]]
+++ IFS=
+++ read -r field_name
+++ [[ priority == \c\o\n\d\i\t\i\o\n\s ]]
+++ IFS=
+++ read -r field_name
+++ [[ enabled == \c\o\n\d\i\t\i\o\n\s ]]
+++ IFS=
+++ read -r field_name
+++ [[ conditions == \c\o\n\d\i\t\i\o\n\s ]]
+++ return 0
++++ stoleus_metadata_collection_get_index provider-policy capability:package-management@apt-provider
++++ local collection_id=provider-policy
++++ local record_key=capability:package-management@apt-provider
++++ local lookup_key=
++++ [[ -z provider-policy ]]
++++ [[ -z capability:package-management@apt-provider ]]
++++ stoleus_metadata_collection_contains provider-policy capability:package-management@apt-provider
++++ local collection_id=provider-policy
++++ local record_key=capability:package-management@apt-provider
++++ local lookup_key=
++++ [[ -z provider-policy ]]
++++ [[ -z capability:package-management@apt-provider ]]
++++ stoleus_metadata_collection_exists provider-policy
++++ local collection_id=provider-policy
++++ [[ -z provider-policy ]]
++++ [[ -n defined ]]
++++ lookup_key='provider-policy|capability:package-management@apt-provider'
++++ [[ -n stored ]]
++++ lookup_key='provider-policy|capability:package-management@apt-provider'
++++ printf '%s\n' 0
++++ return 0
+++ row_index=0
+++ value_key='provider-policy|0|conditions'
+++ printf '%s\n' ''
+++ return 0
+++ return 0
++ conditions=
++ stoleus_context_matches_conditions ''
++ local conditions=
++ local condition=
++ local context_key=
++ local expected_value=
++ local actual_value=
++ [[ -z '' ]]
++ return 0
++ return 0
++ condition_exit_code=0
++ set -e
++ ((  condition_exit_code == 1  ))
++ ((  condition_exit_code != 0  ))
++ eligible_count=1
++ [[ -n dnf-provider ]]
++ [[ apt-provider == \d\n\f\-\p\r\o\v\i\d\e\r ]]
+++ stoleus_provider_selection_get_priority capability package-management apt-provider
+++ local subject_type=capability
+++ local subject_id=package-management
+++ local provider_id=apt-provider
+++ local policy_key=
++++ stoleus_provider_selection_get_policy_key capability package-management apt-provider
++++ local subject_type=capability
++++ local subject_id=package-management
++++ local provider_id=apt-provider
++++ [[ -z capability ]]
++++ [[ -z package-management ]]
++++ [[ -z apt-provider ]]
++++ printf '%s:%s@%s\n' capability package-management apt-provider
++++ return 0
+++ policy_key=capability:package-management@apt-provider
+++ stoleus_provider_policy_registry_contains capability:package-management@apt-provider
+++ local policy_key=capability:package-management@apt-provider
+++ [[ -z capability:package-management@apt-provider ]]
+++ stoleus_metadata_collection_contains provider-policy capability:package-management@apt-provider
+++ local collection_id=provider-policy
+++ local record_key=capability:package-management@apt-provider
+++ local lookup_key=
+++ [[ -z provider-policy ]]
+++ [[ -z capability:package-management@apt-provider ]]
+++ stoleus_metadata_collection_exists provider-policy
+++ local collection_id=provider-policy
+++ [[ -z provider-policy ]]
+++ [[ -n defined ]]
+++ lookup_key='provider-policy|capability:package-management@apt-provider'
+++ [[ -n stored ]]
+++ return 0
+++ stoleus_provider_policy_registry_get_field capability:package-management@apt-provider priority
+++ local policy_key=capability:package-management@apt-provider
+++ local field_name=priority
+++ [[ -z capability:package-management@apt-provider ]]
+++ [[ -z priority ]]
+++ stoleus_metadata_collection_get_field provider-policy capability:package-management@apt-provider priority
+++ local collection_id=provider-policy
+++ local record_key=capability:package-management@apt-provider
+++ local field_name=priority
+++ local schema=
+++ local row_index=
+++ local value_key=
+++ [[ -z provider-policy ]]
+++ [[ -z capability:package-management@apt-provider ]]
+++ [[ -z priority ]]
+++ stoleus_metadata_collection_exists provider-policy
+++ local collection_id=provider-policy
+++ [[ -z provider-policy ]]
+++ [[ -n defined ]]
+++ schema=policy-key,subject-type,subject-id,provider-id,priority,enabled,conditions,tags
+++ stoleus_metadata_schema_contains_field policy-key,subject-type,subject-id,provider-id,priority,enabled,conditions,tags priority
+++ local schema=policy-key,subject-type,subject-id,provider-id,priority,enabled,conditions,tags
+++ local requested_field=priority
+++ local field_name=
+++ IFS=
+++ read -r field_name
++++ printf '%s\n' policy-key,subject-type,subject-id,provider-id,priority,enabled,conditions,tags
++++ tr , '\n'
+++ [[ policy-key == \p\r\i\o\r\i\t\y ]]
+++ IFS=
+++ read -r field_name
+++ [[ subject-type == \p\r\i\o\r\i\t\y ]]
+++ IFS=
+++ read -r field_name
+++ [[ subject-id == \p\r\i\o\r\i\t\y ]]
+++ IFS=
+++ read -r field_name
+++ [[ provider-id == \p\r\i\o\r\i\t\y ]]
+++ IFS=
+++ read -r field_name
+++ [[ priority == \p\r\i\o\r\i\t\y ]]
+++ return 0
++++ stoleus_metadata_collection_get_index provider-policy capability:package-management@apt-provider
++++ local collection_id=provider-policy
++++ local record_key=capability:package-management@apt-provider
++++ local lookup_key=
++++ [[ -z provider-policy ]]
++++ [[ -z capability:package-management@apt-provider ]]
++++ stoleus_metadata_collection_contains provider-policy capability:package-management@apt-provider
++++ local collection_id=provider-policy
++++ local record_key=capability:package-management@apt-provider
++++ local lookup_key=
++++ [[ -z provider-policy ]]
++++ [[ -z capability:package-management@apt-provider ]]
++++ stoleus_metadata_collection_exists provider-policy
++++ local collection_id=provider-policy
++++ [[ -z provider-policy ]]
++++ [[ -n defined ]]
++++ lookup_key='provider-policy|capability:package-management@apt-provider'
++++ [[ -n stored ]]
++++ lookup_key='provider-policy|capability:package-management@apt-provider'
++++ printf '%s\n' 0
++++ return 0
+++ row_index=0
+++ value_key='provider-policy|0|priority'
+++ printf '%s\n' 100
+++ return 0
+++ return 0
+++ return 0
++ priority=100
++ [[ ! 100 =~ ^[0-9]+$ ]]
++ ((  priority > selected_priority  ))
++ selected_provider=apt-provider
++ selected_priority=100
++ tied_provider=
++ continue
++ for candidate in "$@"
++ [[ -z dnf-provider ]]
++ [[ ! dnf-provider =~ ^[a-z0-9][a-z0-9-]*$ ]]
++ [[ -n '' ]]
++ seen_candidates["$candidate"]=true
++ candidate_count=2
++ [[ -n dnf-provider ]]
++ [[ dnf-provider == \d\n\f\-\p\r\o\v\i\d\e\r ]]
++ override_registered=true
++ stoleus_provider_selection_is_enabled capability package-management dnf-provider
++ local subject_type=capability
++ local subject_id=package-management
++ local provider_id=dnf-provider
++ local policy_key=
++ local enabled=
+++ stoleus_provider_selection_get_policy_key capability package-management dnf-provider
+++ local subject_type=capability
+++ local subject_id=package-management
+++ local provider_id=dnf-provider
+++ [[ -z capability ]]
+++ [[ -z package-management ]]
+++ [[ -z dnf-provider ]]
+++ printf '%s:%s@%s\n' capability package-management dnf-provider
+++ return 0
++ policy_key=capability:package-management@dnf-provider
++ stoleus_provider_policy_registry_contains capability:package-management@dnf-provider
++ local policy_key=capability:package-management@dnf-provider
++ [[ -z capability:package-management@dnf-provider ]]
++ stoleus_metadata_collection_contains provider-policy capability:package-management@dnf-provider
++ local collection_id=provider-policy
++ local record_key=capability:package-management@dnf-provider
++ local lookup_key=
++ [[ -z provider-policy ]]
++ [[ -z capability:package-management@dnf-provider ]]
++ stoleus_metadata_collection_exists provider-policy
++ local collection_id=provider-policy
++ [[ -z provider-policy ]]
++ [[ -n defined ]]
++ lookup_key='provider-policy|capability:package-management@dnf-provider'
++ [[ -n stored ]]
++ return 0
+++ stoleus_provider_policy_registry_get_field capability:package-management@dnf-provider enabled
+++ local policy_key=capability:package-management@dnf-provider
+++ local field_name=enabled
+++ [[ -z capability:package-management@dnf-provider ]]
+++ [[ -z enabled ]]
+++ stoleus_metadata_collection_get_field provider-policy capability:package-management@dnf-provider enabled
+++ local collection_id=provider-policy
+++ local record_key=capability:package-management@dnf-provider
+++ local field_name=enabled
+++ local schema=
+++ local row_index=
+++ local value_key=
+++ [[ -z provider-policy ]]
+++ [[ -z capability:package-management@dnf-provider ]]
+++ [[ -z enabled ]]
+++ stoleus_metadata_collection_exists provider-policy
+++ local collection_id=provider-policy
+++ [[ -z provider-policy ]]
+++ [[ -n defined ]]
+++ schema=policy-key,subject-type,subject-id,provider-id,priority,enabled,conditions,tags
+++ stoleus_metadata_schema_contains_field policy-key,subject-type,subject-id,provider-id,priority,enabled,conditions,tags enabled
+++ local schema=policy-key,subject-type,subject-id,provider-id,priority,enabled,conditions,tags
+++ local requested_field=enabled
+++ local field_name=
+++ IFS=
+++ read -r field_name
++++ printf '%s\n' policy-key,subject-type,subject-id,provider-id,priority,enabled,conditions,tags
++++ tr , '\n'
+++ [[ policy-key == \e\n\a\b\l\e\d ]]
+++ IFS=
+++ read -r field_name
+++ [[ subject-type == \e\n\a\b\l\e\d ]]
+++ IFS=
+++ read -r field_name
+++ [[ subject-id == \e\n\a\b\l\e\d ]]
+++ IFS=
+++ read -r field_name
+++ [[ provider-id == \e\n\a\b\l\e\d ]]
+++ IFS=
+++ read -r field_name
+++ [[ priority == \e\n\a\b\l\e\d ]]
+++ IFS=
+++ read -r field_name
+++ [[ enabled == \e\n\a\b\l\e\d ]]
+++ return 0
++++ stoleus_metadata_collection_get_index provider-policy capability:package-management@dnf-provider
++++ local collection_id=provider-policy
++++ local record_key=capability:package-management@dnf-provider
++++ local lookup_key=
++++ [[ -z provider-policy ]]
++++ [[ -z capability:package-management@dnf-provider ]]
++++ stoleus_metadata_collection_contains provider-policy capability:package-management@dnf-provider
++++ local collection_id=provider-policy
++++ local record_key=capability:package-management@dnf-provider
++++ local lookup_key=
++++ [[ -z provider-policy ]]
++++ [[ -z capability:package-management@dnf-provider ]]
++++ stoleus_metadata_collection_exists provider-policy
++++ local collection_id=provider-policy
++++ [[ -z provider-policy ]]
++++ [[ -n defined ]]
++++ lookup_key='provider-policy|capability:package-management@dnf-provider'
++++ [[ -n stored ]]
++++ lookup_key='provider-policy|capability:package-management@dnf-provider'
++++ printf '%s\n' 1
++++ return 0
+++ row_index=1
+++ value_key='provider-policy|1|enabled'
+++ printf '%s\n' true
+++ return 0
+++ return 0
++ enabled=true
++ [[ true == \t\r\u\e ]]
++ set +e
++ stoleus_provider_selection_matches_conditions capability package-management dnf-provider
++ local subject_type=capability
++ local subject_id=package-management
++ local provider_id=dnf-provider
++ local policy_key=
++ local conditions=
++ [[ -z capability ]]
++ [[ -z package-management ]]
++ [[ -z dnf-provider ]]
+++ stoleus_provider_selection_get_policy_key capability package-management dnf-provider
+++ local subject_type=capability
+++ local subject_id=package-management
+++ local provider_id=dnf-provider
+++ [[ -z capability ]]
+++ [[ -z package-management ]]
+++ [[ -z dnf-provider ]]
+++ printf '%s:%s@%s\n' capability package-management dnf-provider
+++ return 0
++ policy_key=capability:package-management@dnf-provider
++ stoleus_provider_policy_registry_contains capability:package-management@dnf-provider
++ local policy_key=capability:package-management@dnf-provider
++ [[ -z capability:package-management@dnf-provider ]]
++ stoleus_metadata_collection_contains provider-policy capability:package-management@dnf-provider
++ local collection_id=provider-policy
++ local record_key=capability:package-management@dnf-provider
++ local lookup_key=
++ [[ -z provider-policy ]]
++ [[ -z capability:package-management@dnf-provider ]]
++ stoleus_metadata_collection_exists provider-policy
++ local collection_id=provider-policy
++ [[ -z provider-policy ]]
++ [[ -n defined ]]
++ lookup_key='provider-policy|capability:package-management@dnf-provider'
++ [[ -n stored ]]
++ return 0
+++ stoleus_provider_policy_registry_get_field capability:package-management@dnf-provider conditions
+++ local policy_key=capability:package-management@dnf-provider
+++ local field_name=conditions
+++ [[ -z capability:package-management@dnf-provider ]]
+++ [[ -z conditions ]]
+++ stoleus_metadata_collection_get_field provider-policy capability:package-management@dnf-provider conditions
+++ local collection_id=provider-policy
+++ local record_key=capability:package-management@dnf-provider
+++ local field_name=conditions
+++ local schema=
+++ local row_index=
+++ local value_key=
+++ [[ -z provider-policy ]]
+++ [[ -z capability:package-management@dnf-provider ]]
+++ [[ -z conditions ]]
+++ stoleus_metadata_collection_exists provider-policy
+++ local collection_id=provider-policy
+++ [[ -z provider-policy ]]
+++ [[ -n defined ]]
+++ schema=policy-key,subject-type,subject-id,provider-id,priority,enabled,conditions,tags
+++ stoleus_metadata_schema_contains_field policy-key,subject-type,subject-id,provider-id,priority,enabled,conditions,tags conditions
+++ local schema=policy-key,subject-type,subject-id,provider-id,priority,enabled,conditions,tags
+++ local requested_field=conditions
+++ local field_name=
+++ IFS=
+++ read -r field_name
++++ printf '%s\n' policy-key,subject-type,subject-id,provider-id,priority,enabled,conditions,tags
++++ tr , '\n'
+++ [[ policy-key == \c\o\n\d\i\t\i\o\n\s ]]
+++ IFS=
+++ read -r field_name
+++ [[ subject-type == \c\o\n\d\i\t\i\o\n\s ]]
+++ IFS=
+++ read -r field_name
+++ [[ subject-id == \c\o\n\d\i\t\i\o\n\s ]]
+++ IFS=
+++ read -r field_name
+++ [[ provider-id == \c\o\n\d\i\t\i\o\n\s ]]
+++ IFS=
+++ read -r field_name
+++ [[ priority == \c\o\n\d\i\t\i\o\n\s ]]
+++ IFS=
+++ read -r field_name
+++ [[ enabled == \c\o\n\d\i\t\i\o\n\s ]]
+++ IFS=
+++ read -r field_name
+++ [[ conditions == \c\o\n\d\i\t\i\o\n\s ]]
+++ return 0
++++ stoleus_metadata_collection_get_index provider-policy capability:package-management@dnf-provider
++++ local collection_id=provider-policy
++++ local record_key=capability:package-management@dnf-provider
++++ local lookup_key=
++++ [[ -z provider-policy ]]
++++ [[ -z capability:package-management@dnf-provider ]]
++++ stoleus_metadata_collection_contains provider-policy capability:package-management@dnf-provider
++++ local collection_id=provider-policy
++++ local record_key=capability:package-management@dnf-provider
++++ local lookup_key=
++++ [[ -z provider-policy ]]
++++ [[ -z capability:package-management@dnf-provider ]]
++++ stoleus_metadata_collection_exists provider-policy
++++ local collection_id=provider-policy
++++ [[ -z provider-policy ]]
++++ [[ -n defined ]]
++++ lookup_key='provider-policy|capability:package-management@dnf-provider'
++++ [[ -n stored ]]
++++ lookup_key='provider-policy|capability:package-management@dnf-provider'
++++ printf '%s\n' 1
++++ return 0
+++ row_index=1
+++ value_key='provider-policy|1|conditions'
+++ printf '%s\n' ''
+++ return 0
+++ return 0
++ conditions=
++ stoleus_context_matches_conditions ''
++ local conditions=
++ local condition=
++ local context_key=
++ local expected_value=
++ local actual_value=
++ [[ -z '' ]]
++ return 0
++ return 0
++ condition_exit_code=0
++ set -e
++ ((  condition_exit_code == 1  ))
++ ((  condition_exit_code != 0  ))
++ eligible_count=2
++ [[ -n dnf-provider ]]
++ [[ dnf-provider == \d\n\f\-\p\r\o\v\i\d\e\r ]]
++ printf '%s\n' dnf-provider
++ return 0
+ assert_equals dnf-provider dnf-provider 'Explicit enabled provider override was not honored.'
+ local expected=dnf-provider
+ local actual=dnf-provider
+ local 'message=Explicit enabled provider override was not honored.'
+ [[ dnf-provider != \d\n\f\-\p\r\o\v\i\d\e\r ]]
+ set +e
+ stoleus_provider_selection_select capability service-management systemd-provider systemd-provider openrc-provider
